# Blender v2.92.0 OBJ File: ''
# www.blender.org
mtllib fridge.mtl
o Cube_Cube.010
v 0.113254 -0.000000 0.597239
v 0.113254 -0.000000 0.382638
v 0.226508 -0.000000 0.382638
v 0.226508 -0.000000 0.597239
v 0.113254 -0.000000 0.168036
v 0.226508 -0.000000 0.168036
v 0.339763 -0.000000 0.382638
v 0.339763 -0.000000 0.597239
v 0.339763 -0.000000 0.168036
v 0.113254 0.009060 -0.046565
v 0.000000 0.009060 -0.046565
v 0.000000 0.443595 -0.046565
v 0.113254 0.443595 -0.046565
v 0.000000 -0.000000 0.597239
v 0.000000 -0.000000 0.382638
v 0.000000 -0.000000 0.168036
v 0.000000 1.330786 0.811840
v 0.113254 1.330786 0.811840
v 0.113254 1.765320 0.811840
v 0.000000 1.765321 0.811840
v 0.443957 0.443595 -0.046565
v 0.339763 0.443595 -0.046565
v 0.339763 0.887190 -0.046565
v 0.443957 0.887190 -0.046565
v 0.226508 0.009060 -0.046565
v 0.226508 0.443595 -0.046565
v 0.443957 0.009060 -0.046565
v 0.339763 0.009060 -0.046565
v 0.226508 1.330786 0.811840
v 0.226508 1.765321 0.811840
v 0.453017 0.009060 0.382638
v 0.453017 0.009060 0.168036
v 0.453017 0.443595 0.168036
v 0.453017 0.443595 0.382638
v 0.453017 0.009060 0.802780
v 0.453017 0.009060 0.597239
v 0.453017 0.443595 0.597239
v 0.453017 0.443595 0.802780
v 0.226508 0.009060 0.811840
v 0.339763 0.009060 0.811840
v 0.339763 0.443595 0.811840
v 0.226508 0.443595 0.811840
v 0.113254 1.774381 0.597239
v 0.226508 1.774381 0.597239
v 0.226508 1.774381 0.382638
v 0.113254 1.774381 0.382638
v 0.339763 1.774381 0.597239
v 0.339763 1.774381 0.382638
v 0.226508 1.774381 0.168036
v 0.113254 1.774381 0.168036
v 0.339763 1.774381 0.168036
v 0.113254 1.330786 -0.046565
v 0.000000 1.330786 -0.046565
v 0.000000 1.765321 -0.046565
v 0.113254 1.765321 -0.046565
v 0.339763 1.330786 0.811840
v 0.339763 1.765320 0.811840
v 0.453017 1.330786 0.597239
v 0.453017 1.330786 0.382638
v 0.453017 1.765321 0.382638
v 0.453017 1.765321 0.597239
v 0.453017 1.330786 0.802780
v 0.453017 1.765321 0.802780
v 0.453017 1.330786 0.168036
v 0.453017 1.765321 0.168036
v 0.453017 1.330786 -0.037505
v 0.453017 1.765321 -0.037505
v 0.226508 1.330786 -0.046565
v 0.226508 1.765321 -0.046565
v 0.113254 0.009060 0.811840
v 0.113254 0.443595 0.811840
v 0.339763 1.330786 -0.046565
v 0.339763 1.765321 -0.046565
v 0.000000 1.774381 0.382638
v 0.000000 1.774381 0.168036
v 0.000000 1.774381 0.597239
v 0.453017 0.887190 0.382638
v 0.453017 0.887190 0.597239
v 0.453017 0.887190 0.168036
v 0.443957 1.330786 0.811840
v 0.443957 1.765321 0.811840
v 0.443957 -0.000000 0.382638
v 0.443957 -0.000000 0.597239
v 0.443957 -0.000000 0.168036
v 0.339763 0.000000 -0.037505
v 0.443957 0.000000 -0.037505
v 0.443957 1.330786 -0.046565
v 0.339763 0.887190 0.811840
v 0.443957 0.887190 0.811840
v 0.443957 0.009060 0.811840
v 0.443957 0.443595 0.811840
v 0.443957 1.774381 0.382638
v 0.443957 1.774381 0.168036
v 0.443957 1.774381 0.597239
v 0.453017 0.009060 -0.037505
v 0.453017 0.443595 -0.037505
v 0.226508 0.887190 -0.046565
v 0.113254 0.887190 -0.046565
v 0.000000 0.009060 0.811840
v 0.000000 0.443595 0.811840
v 0.226508 0.000000 -0.037505
v 0.113254 0.000000 -0.037505
v 0.000000 0.000000 -0.037505
v 0.000000 0.887190 -0.046565
v 0.113254 1.774381 -0.037505
v 0.000000 1.774381 -0.037505
v 0.226508 1.774381 -0.037505
v 0.339763 1.774381 -0.037505
v 0.443957 1.774381 -0.037505
v 0.453017 0.887190 -0.037505
v 0.226508 0.887190 0.811840
v 0.113254 0.887190 0.811840
v 0.000000 -0.000000 0.802780
v 0.113254 -0.000000 0.802780
v 0.226508 -0.000000 0.802780
v 0.339763 -0.000000 0.802780
v 0.443957 -0.000000 0.802780
v 0.453017 0.887190 0.802780
v 0.339763 1.774381 0.802780
v 0.443957 1.774381 0.802780
v 0.226508 1.774381 0.802780
v 0.113254 1.774381 0.802780
v 0.000000 1.774381 0.802780
v 0.000000 0.887190 0.811840
v 0.443957 1.765321 -0.046565
v 0.443957 1.769845 -0.045355
v 0.448289 1.769653 -0.044179
v 0.448481 1.765320 -0.045355
v 0.443957 1.773170 -0.042029
v 0.448289 1.771994 -0.041838
v 0.448481 1.773170 -0.037505
v 0.451806 1.769845 -0.037505
v 0.450631 1.769653 -0.041838
v 0.451806 1.765320 -0.042029
v 0.443957 0.004536 0.810630
v 0.448289 0.004727 0.809454
v 0.448481 0.009060 0.810630
v 0.443957 0.001210 0.807304
v 0.448289 0.002386 0.807113
v 0.448481 0.001210 0.802780
v 0.451806 0.004536 0.802780
v 0.450631 0.004727 0.807113
v 0.451806 0.009060 0.807304
v 0.448481 1.765320 0.810630
v 0.448289 1.769653 0.809454
v 0.443957 1.769845 0.810630
v 0.451806 1.765320 0.807304
v 0.450631 1.769653 0.807113
v 0.451806 1.769845 0.802780
v 0.448481 1.773170 0.802780
v 0.448289 1.771994 0.807113
v 0.443957 1.773170 0.807304
v 0.451806 0.004536 -0.037505
v 0.450631 0.004727 -0.041838
v 0.451806 0.009060 -0.042029
v 0.448481 0.001210 -0.037505
v 0.448289 0.002386 -0.041838
v 0.443957 0.001210 -0.042029
v 0.443957 0.004536 -0.045355
v 0.448289 0.004727 -0.044179
v 0.448481 0.009060 -0.045355
v 0.339763 1.769850 -0.045351
v 0.339763 1.773167 -0.042035
v 0.226508 1.769850 -0.045351
v 0.226508 1.773167 -0.042035
v 0.113254 1.769850 -0.045351
v 0.113254 1.773167 -0.042035
v 0.000000 1.769850 -0.045351
v 0.000000 1.773167 -0.042035
v 0.113254 0.001214 0.807310
v 0.000000 0.001214 0.807310
v 0.113254 0.004530 0.810627
v 0.000000 0.004530 0.810627
v 0.226508 0.001214 0.807310
v 0.226508 0.004530 0.810627
v 0.339763 0.001214 0.807310
v 0.339763 0.004530 0.810627
v 0.448487 0.001214 0.597239
v 0.451803 0.004530 0.597239
v 0.448487 0.001214 0.382638
v 0.451803 0.004530 0.382638
v 0.448487 0.001214 0.168036
v 0.451803 0.004530 0.168036
v 0.113254 1.769850 0.810627
v 0.000000 1.769850 0.810627
v 0.113254 1.773167 0.807310
v 0.000000 1.773167 0.807310
v 0.226508 1.769850 0.810627
v 0.226508 1.773167 0.807310
v 0.339763 1.769850 0.810627
v 0.339763 1.773167 0.807310
v 0.451803 1.769850 0.597239
v 0.448487 1.773167 0.597239
v 0.451803 1.769850 0.382638
v 0.448487 1.773167 0.382638
v 0.451803 1.769850 0.168036
v 0.448487 1.773167 0.168036
v 0.339763 0.001214 -0.042035
v 0.339763 0.004530 -0.045351
v 0.226508 0.001214 -0.042035
v 0.226508 0.004530 -0.045351
v 0.113254 0.001214 -0.042035
v 0.113254 0.004530 -0.045351
v 0.000000 0.001214 -0.042035
v 0.000000 0.004530 -0.045351
v 0.448487 0.443595 -0.045351
v 0.451803 0.443595 -0.042035
v 0.448487 0.887190 -0.045351
v 0.451803 0.887190 -0.042035
v 0.448487 1.330786 -0.045351
v 0.451803 1.330786 -0.042035
v 0.448487 1.330786 0.810627
v 0.451803 1.330786 0.807310
v 0.448487 0.887190 0.810627
v 0.451803 0.887190 0.807310
v 0.448487 0.443595 0.810627
v 0.451803 0.443595 0.807310
v -0.113254 -0.000000 0.597239
v -0.226509 -0.000000 0.597239
v -0.226508 -0.000000 0.382638
v -0.113254 -0.000000 0.382638
v -0.226509 -0.000000 0.168036
v -0.113254 -0.000000 0.168036
v -0.339763 -0.000000 0.597239
v -0.339763 -0.000000 0.382638
v -0.339763 -0.000000 0.168036
v -0.113254 0.009060 -0.046565
v -0.113254 0.443595 -0.046565
v -0.113254 1.765320 0.811840
v -0.113254 1.330786 0.811840
v -0.443957 0.443595 -0.046565
v -0.443957 0.887190 -0.046565
v -0.339763 0.887190 -0.046565
v -0.339763 0.443595 -0.046565
v -0.226509 0.009060 -0.046565
v -0.226508 0.443595 -0.046565
v -0.443957 0.009060 -0.046565
v -0.339763 0.009060 -0.046565
v -0.226509 1.765321 0.811840
v -0.226509 1.330786 0.811840
v -0.453017 0.009060 0.382638
v -0.453017 0.443595 0.382638
v -0.453017 0.443595 0.168036
v -0.453017 0.009060 0.168036
v -0.453017 0.009060 0.802780
v -0.453017 0.443595 0.802780
v -0.453017 0.443595 0.597239
v -0.453017 0.009060 0.597239
v -0.226509 0.009060 0.811840
v -0.226509 0.443595 0.811840
v -0.339763 0.443595 0.811840
v -0.339763 0.009060 0.811840
v -0.113254 1.774381 0.597239
v -0.113254 1.774381 0.382638
v -0.226509 1.774381 0.382638
v -0.226509 1.774381 0.597239
v -0.339763 1.774381 0.382638
v -0.339763 1.774381 0.597239
v -0.113254 1.774381 0.168036
v -0.226509 1.774381 0.168036
v -0.339763 1.774381 0.168036
v -0.113254 1.330786 -0.046565
v -0.113254 1.765321 -0.046565
v -0.339763 1.765320 0.811840
v -0.339763 1.330786 0.811840
v -0.453017 1.330786 0.597239
v -0.453017 1.765321 0.597239
v -0.453017 1.765321 0.382638
v -0.453017 1.330786 0.382638
v -0.453017 1.330786 0.802780
v -0.453017 1.765321 0.802780
v -0.453017 1.765321 0.168036
v -0.453017 1.330786 0.168036
v -0.453017 1.765321 -0.037505
v -0.453017 1.330786 -0.037505
v -0.226509 1.330786 -0.046565
v -0.226509 1.765321 -0.046565
v -0.113254 0.009060 0.811840
v -0.113254 0.443595 0.811840
v -0.339763 1.330786 -0.046565
v -0.339763 1.765321 -0.046565
v -0.453017 0.887190 0.597239
v -0.453017 0.887190 0.382638
v -0.453017 0.887190 0.168036
v -0.443957 1.765321 0.811840
v -0.443957 1.330786 0.811840
v -0.443957 -0.000000 0.597239
v -0.443957 -0.000000 0.382638
v -0.443957 -0.000000 0.168036
v -0.443957 0.000000 -0.037505
v -0.339763 0.000000 -0.037505
v -0.443957 1.330786 -0.046565
v -0.339763 0.887190 0.811840
v -0.443957 0.887190 0.811840
v -0.443957 0.443595 0.811840
v -0.443957 0.009060 0.811840
v -0.443957 1.774381 0.168036
v -0.443957 1.774381 0.382638
v -0.443957 1.774381 0.597239
v -0.453017 0.443595 -0.037505
v -0.453017 0.009060 -0.037505
v -0.226509 0.887190 -0.046565
v -0.113254 0.887190 -0.046565
v -0.226509 0.000000 -0.037505
v -0.113254 0.000000 -0.037505
v -0.113254 1.774381 -0.037505
v -0.226509 1.774381 -0.037505
v -0.339763 1.774381 -0.037505
v -0.443957 1.774381 -0.037505
v -0.453017 0.887190 -0.037505
v -0.113254 0.887190 0.811840
v -0.226508 0.887190 0.811840
v -0.113254 -0.000000 0.802780
v -0.226509 -0.000000 0.802780
v -0.339763 -0.000000 0.802780
v -0.443957 -0.000000 0.802780
v -0.453017 0.887190 0.802780
v -0.339763 1.774381 0.802780
v -0.443957 1.774381 0.802780
v -0.226509 1.774381 0.802780
v -0.113254 1.774381 0.802780
v -0.443957 1.765321 -0.046565
v -0.448481 1.765320 -0.045355
v -0.448289 1.769653 -0.044179
v -0.443957 1.769845 -0.045355
v -0.448289 1.771994 -0.041838
v -0.443957 1.773170 -0.042029
v -0.448481 1.773170 -0.037505
v -0.450631 1.769653 -0.041838
v -0.451807 1.769845 -0.037505
v -0.451807 1.765320 -0.042029
v -0.448481 0.009060 0.810630
v -0.448289 0.004727 0.809454
v -0.443957 0.004536 0.810630
v -0.448289 0.002386 0.807113
v -0.443957 0.001210 0.807304
v -0.448481 0.001210 0.802780
v -0.450631 0.004727 0.807113
v -0.451807 0.004536 0.802780
v -0.451807 0.009060 0.807304
v -0.443957 1.769845 0.810630
v -0.448289 1.769653 0.809454
v -0.448481 1.765320 0.810630
v -0.450631 1.769653 0.807113
v -0.451807 1.765320 0.807304
v -0.451807 1.769845 0.802780
v -0.448289 1.771994 0.807113
v -0.448481 1.773170 0.802780
v -0.443957 1.773170 0.807304
v -0.451807 0.009060 -0.042029
v -0.450631 0.004727 -0.041838
v -0.451807 0.004536 -0.037505
v -0.448289 0.002386 -0.041838
v -0.448481 0.001210 -0.037505
v -0.443957 0.001210 -0.042029
v -0.448289 0.004727 -0.044179
v -0.443957 0.004536 -0.045355
v -0.448481 0.009060 -0.045355
v -0.339763 1.769850 -0.045351
v -0.339763 1.773167 -0.042035
v -0.226509 1.769850 -0.045351
v -0.226509 1.773167 -0.042035
v -0.113254 1.769850 -0.045351
v -0.113254 1.773167 -0.042035
v -0.113254 0.001214 0.807310
v -0.113254 0.004530 0.810627
v -0.226509 0.001214 0.807310
v -0.226509 0.004530 0.810627
v -0.339763 0.001214 0.807310
v -0.339763 0.004530 0.810627
v -0.448487 0.001214 0.597239
v -0.451803 0.004530 0.597239
v -0.448487 0.001214 0.382638
v -0.451803 0.004530 0.382638
v -0.448487 0.001214 0.168036
v -0.451803 0.004530 0.168036
v -0.113254 1.769850 0.810627
v -0.113254 1.773167 0.807310
v -0.226509 1.769850 0.810627
v -0.226509 1.773167 0.807310
v -0.339763 1.769850 0.810627
v -0.339763 1.773167 0.807310
v -0.451803 1.769850 0.597239
v -0.448487 1.773167 0.597239
v -0.451803 1.769850 0.382638
v -0.448487 1.773167 0.382638
v -0.451803 1.769850 0.168036
v -0.448487 1.773167 0.168036
v -0.339763 0.001214 -0.042035
v -0.339763 0.004530 -0.045351
v -0.226509 0.001214 -0.042035
v -0.226509 0.004530 -0.045351
v -0.113254 0.001214 -0.042035
v -0.113254 0.004530 -0.045351
v -0.448487 0.443595 -0.045351
v -0.451803 0.443595 -0.042035
v -0.448487 0.887190 -0.045351
v -0.451803 0.887190 -0.042035
v -0.448487 1.330786 -0.045351
v -0.451803 1.330786 -0.042035
v -0.448487 1.330786 0.810627
v -0.451803 1.330786 0.807310
v -0.448487 0.887190 0.810627
v -0.451803 0.887190 0.807310
v -0.448487 0.443595 0.810627
v -0.451803 0.443595 0.807310
v 0.368544 1.778933 0.786127
v 0.368544 1.784613 0.786127
v 0.368544 1.784613 0.766061
v 0.368544 1.778933 0.766061
v 0.368544 1.790294 0.786127
v 0.368544 1.790294 0.766061
v 0.368544 1.784613 0.745994
v 0.368544 1.778933 0.745994
v 0.368544 1.790294 0.745994
v 0.369748 1.773252 0.806193
v 0.388610 1.773252 0.806193
v 0.388610 1.773252 0.812400
v 0.369748 1.773252 0.812400
v 0.368544 1.778933 0.806193
v 0.368544 1.784613 0.806193
v 0.368544 1.790294 0.806193
v 0.388610 1.795975 0.786127
v 0.369748 1.795975 0.786127
v 0.369748 1.795975 0.806193
v 0.388610 1.795975 0.806193
v 0.388610 1.795975 0.745994
v 0.369748 1.795975 0.745994
v 0.369748 1.795975 0.766061
v 0.388610 1.795975 0.766061
v 0.369748 1.784613 0.725928
v 0.369748 1.790294 0.725928
v 0.388610 1.790294 0.725928
v 0.388610 1.784613 0.725928
v 0.369748 1.794771 0.725928
v 0.388610 1.794771 0.725928
v 0.369748 1.778933 0.725928
v 0.388610 1.778933 0.725928
v 0.408677 1.795975 0.727132
v 0.388610 1.795975 0.727132
v 0.408677 1.795975 0.745994
v 0.369748 1.773252 0.725928
v 0.388610 1.773252 0.725928
v 0.368544 1.773252 0.766061
v 0.368544 1.773252 0.745994
v 0.368544 1.773252 0.786127
v 0.408677 1.784613 0.725928
v 0.408677 1.778933 0.725928
v 0.408677 1.790294 0.725928
v 0.428743 1.784613 0.725928
v 0.428743 1.778933 0.725928
v 0.428743 1.790294 0.725928
v 0.369748 1.795975 0.727132
v 0.368544 1.784613 0.727132
v 0.368544 1.778933 0.727132
v 0.368544 1.790294 0.727132
v 0.448809 1.773252 0.786127
v 0.448809 1.778933 0.786127
v 0.448809 1.778933 0.806193
v 0.448809 1.774456 0.806193
v 0.448809 1.773252 0.804989
v 0.428743 1.795975 0.727132
v 0.428743 1.795975 0.745994
v 0.448809 1.784613 0.727132
v 0.448809 1.790294 0.727132
v 0.448809 1.790294 0.745994
v 0.448809 1.784613 0.745994
v 0.448809 1.794771 0.727132
v 0.448809 1.794771 0.745994
v 0.448809 1.778933 0.727132
v 0.448809 1.778933 0.745994
v 0.447605 1.795975 0.745994
v 0.428743 1.795975 0.766061
v 0.447605 1.795975 0.766061
v 0.448809 1.773252 0.727132
v 0.448809 1.773252 0.745994
v 0.408677 1.773252 0.725928
v 0.428743 1.773252 0.725928
v 0.448809 1.784613 0.766061
v 0.448809 1.778933 0.766061
v 0.448809 1.790294 0.766061
v 0.448809 1.784613 0.786127
v 0.448809 1.790294 0.786127
v 0.447605 1.795975 0.727132
v 0.447605 1.784613 0.725928
v 0.447605 1.778933 0.725928
v 0.447605 1.790294 0.725928
v 0.368544 1.778933 0.824815
v 0.368544 1.774456 0.824815
v 0.368544 1.774456 0.829818
v 0.368544 1.778933 0.829818
v 0.428743 1.795975 0.786127
v 0.447605 1.795975 0.786127
v 0.368544 1.784613 0.824815
v 0.368544 1.784613 0.829818
v 0.447605 1.795975 0.806193
v 0.428743 1.795975 0.806193
v 0.428743 1.795975 0.812400
v 0.447605 1.795975 0.812400
v 0.448809 1.790294 0.806193
v 0.448809 1.784613 0.806193
v 0.448809 1.778933 0.812400
v 0.448809 1.774456 0.812400
v 0.448809 1.773252 0.766061
v 0.408677 1.795975 0.812400
v 0.408677 1.795975 0.818607
v 0.428743 1.795975 0.818607
v 0.388610 1.795975 0.812400
v 0.388610 1.795975 0.818607
v 0.408677 1.795975 0.824815
v 0.428743 1.795975 0.824815
v 0.388610 1.795975 0.824815
v 0.448809 1.794771 0.806193
v 0.448809 1.794771 0.812400
v 0.448809 1.790294 0.812400
v 0.408677 1.795975 0.806193
v 0.368544 1.773252 0.727132
v 0.368544 1.794771 0.818607
v 0.368544 1.790294 0.818607
v 0.368544 1.790294 0.824815
v 0.368544 1.794771 0.824815
v 0.448809 1.790294 0.818607
v 0.448809 1.794771 0.818607
v 0.448809 1.794771 0.824815
v 0.448809 1.790294 0.824815
v 0.448809 1.794771 0.829818
v 0.448809 1.790294 0.829818
v 0.368544 1.794771 0.812400
v 0.368544 1.790294 0.812400
v 0.408677 1.790294 0.831022
v 0.408677 1.794771 0.831022
v 0.388610 1.794771 0.831022
v 0.388610 1.790294 0.831022
v 0.448809 1.774456 0.824815
v 0.448809 1.778933 0.824815
v 0.448809 1.778933 0.829818
v 0.448809 1.774456 0.829818
v 0.428743 1.773252 0.818607
v 0.447605 1.773252 0.818607
v 0.447605 1.773252 0.824815
v 0.428743 1.773252 0.824815
v 0.408677 1.795975 0.766061
v 0.408677 1.795975 0.786127
v 0.428743 1.794771 0.725928
v 0.447605 1.794771 0.725928
v 0.408677 1.794771 0.725928
v 0.368544 1.794771 0.745994
v 0.368544 1.794771 0.727132
v 0.368544 1.794771 0.766061
v 0.368544 1.794771 0.786127
v 0.369748 1.795975 0.812400
v 0.448809 1.794771 0.786127
v 0.448809 1.794771 0.766061
v 0.428743 1.778933 0.831022
v 0.428743 1.784613 0.831022
v 0.408677 1.784613 0.831022
v 0.408677 1.778933 0.831022
v 0.428743 1.790294 0.831022
v 0.388610 1.784613 0.831022
v 0.388610 1.778933 0.831022
v 0.447605 1.773252 0.829818
v 0.428743 1.773252 0.829818
v 0.388610 1.773252 0.824815
v 0.408677 1.773252 0.824815
v 0.408677 1.773252 0.829818
v 0.388610 1.773252 0.829818
v 0.448809 1.784613 0.824815
v 0.448809 1.784613 0.829818
v 0.447605 1.795975 0.824815
v 0.428743 1.795975 0.829818
v 0.447605 1.795975 0.829818
v 0.408677 1.795975 0.829818
v 0.388610 1.795975 0.829818
v 0.369748 1.795975 0.824815
v 0.369748 1.795975 0.829818
v 0.368544 1.790294 0.829818
v 0.369748 1.773252 0.824815
v 0.369748 1.773252 0.829818
v 0.428743 1.794771 0.831022
v 0.448809 1.784613 0.812400
v 0.448809 1.784613 0.818607
v 0.448809 1.778933 0.818607
v 0.428743 1.773252 0.806193
v 0.447605 1.773252 0.806193
v 0.447605 1.773252 0.812400
v 0.428743 1.773252 0.812400
v 0.447605 1.773252 0.725928
v 0.447605 1.795975 0.818607
v 0.447605 1.790294 0.831022
v 0.447605 1.794771 0.831022
v 0.447605 1.784613 0.831022
v 0.447605 1.778933 0.831022
v 0.447605 1.774456 0.831022
v 0.428743 1.774456 0.831022
v 0.388610 1.773252 0.818607
v 0.369748 1.773252 0.818607
v 0.368544 1.784613 0.812400
v 0.368544 1.784613 0.818607
v 0.368544 1.778933 0.812400
v 0.368544 1.778933 0.818607
v 0.368544 1.794771 0.806193
v 0.388610 1.774456 0.831022
v 0.369748 1.778933 0.831022
v 0.369748 1.774456 0.831022
v 0.369748 1.784613 0.831022
v 0.369748 1.790294 0.831022
v 0.369748 1.794771 0.831022
v 0.369748 1.795975 0.818607
v 0.408677 1.773252 0.812400
v 0.408677 1.773252 0.818607
v 0.368544 1.774456 0.806193
v 0.368544 1.774456 0.812400
v 0.408677 1.773252 0.806193
v 0.448809 1.774456 0.818607
v 0.408677 1.774456 0.831022
v 0.368544 1.794771 0.829818
v 0.368544 1.774456 0.818607
v 0.369146 1.773413 0.806193
v 0.368544 1.773252 0.804989
v 0.368705 1.773854 0.806193
v 0.369748 1.795814 0.726531
v 0.369172 1.795658 0.726556
v 0.369147 1.795814 0.727132
v 0.369748 1.795372 0.726089
v 0.369172 1.795346 0.726245
v 0.369147 1.794771 0.726089
v 0.368705 1.794771 0.726531
v 0.368861 1.795346 0.726556
v 0.368705 1.795372 0.727132
v 0.448648 1.773854 0.806193
v 0.448207 1.773413 0.806193
v 0.448206 1.795814 0.727132
v 0.448181 1.795658 0.726556
v 0.447605 1.795814 0.726531
v 0.448648 1.795372 0.727132
v 0.448492 1.795346 0.726556
v 0.448648 1.794771 0.726531
v 0.448206 1.794771 0.726089
v 0.448181 1.795346 0.726245
v 0.447605 1.795372 0.726089
v 0.368705 1.773855 0.829818
v 0.368861 1.773880 0.830394
v 0.368705 1.774456 0.830419
v 0.369147 1.773413 0.829818
v 0.369172 1.773569 0.830394
v 0.369748 1.773413 0.830419
v 0.369748 1.773855 0.830861
v 0.369172 1.773880 0.830705
v 0.369147 1.774456 0.830861
v 0.368705 1.794771 0.830419
v 0.368861 1.795346 0.830394
v 0.368705 1.795372 0.829818
v 0.369147 1.794771 0.830861
v 0.369172 1.795346 0.830705
v 0.369748 1.795372 0.830861
v 0.369748 1.795814 0.830419
v 0.369172 1.795658 0.830394
v 0.369147 1.795814 0.829818
v 0.448648 1.795372 0.829818
v 0.448492 1.795346 0.830394
v 0.448648 1.794771 0.830419
v 0.448206 1.795814 0.829818
v 0.448181 1.795658 0.830394
v 0.447605 1.795814 0.830419
v 0.447605 1.795372 0.830861
v 0.448181 1.795346 0.830705
v 0.448206 1.794771 0.830861
v 0.448648 1.774456 0.830419
v 0.448492 1.773880 0.830394
v 0.448648 1.773855 0.829818
v 0.448206 1.774456 0.830861
v 0.448181 1.773880 0.830705
v 0.447605 1.773855 0.830861
v 0.447605 1.773413 0.830419
v 0.448181 1.773569 0.830394
v 0.448206 1.773413 0.829818
v 0.369146 1.795813 0.786127
v 0.369146 1.795813 0.806193
v 0.368705 1.795373 0.786127
v 0.368705 1.795373 0.806193
v 0.369146 1.795813 0.766061
v 0.368705 1.795373 0.766061
v 0.369146 1.795813 0.745994
v 0.368705 1.795373 0.745994
v 0.369146 1.790294 0.726089
v 0.368705 1.790294 0.726530
v 0.369146 1.784613 0.726089
v 0.368705 1.784613 0.726530
v 0.369146 1.778933 0.726089
v 0.368705 1.778933 0.726530
v 0.369146 1.773252 0.726089
v 0.368705 1.773252 0.726530
v 0.388610 1.795813 0.726530
v 0.388610 1.795373 0.726089
v 0.408677 1.795813 0.726530
v 0.408677 1.795373 0.726089
v 0.428743 1.795813 0.726530
v 0.428743 1.795373 0.726089
v 0.448648 1.790294 0.726530
v 0.448207 1.790294 0.726089
v 0.448648 1.784613 0.726530
v 0.448207 1.784613 0.726089
v 0.448648 1.778933 0.726530
v 0.448207 1.778933 0.726089
v 0.448648 1.773252 0.726530
v 0.448207 1.773252 0.726089
v 0.448207 1.795813 0.745994
v 0.448648 1.795373 0.745994
v 0.448207 1.795813 0.766061
v 0.448648 1.795373 0.766061
v 0.448207 1.795813 0.786127
v 0.448648 1.795373 0.786127
v 0.448207 1.795813 0.806193
v 0.448648 1.795373 0.806193
v 0.369146 1.778933 0.830860
v 0.368705 1.778933 0.830420
v 0.369146 1.784613 0.830860
v 0.368705 1.784613 0.830420
v 0.369146 1.790294 0.830860
v 0.368705 1.790294 0.830420
v 0.448207 1.790294 0.830860
v 0.448648 1.790294 0.830420
v 0.448207 1.784613 0.830860
v 0.448648 1.784613 0.830420
v 0.448207 1.778933 0.830860
v 0.448648 1.778933 0.830420
v 0.388610 1.773413 0.830420
v 0.388610 1.773854 0.830860
v 0.408677 1.773413 0.830420
v 0.408677 1.773854 0.830860
v 0.428743 1.773413 0.830420
v 0.428743 1.773854 0.830860
v 0.428743 1.795813 0.830420
v 0.428743 1.795373 0.830860
v 0.408677 1.795813 0.830420
v 0.408677 1.795373 0.830860
v 0.388610 1.795813 0.830420
v 0.388610 1.795373 0.830860
v 0.368705 1.795373 0.812400
v 0.369146 1.795813 0.812400
v 0.368705 1.795373 0.818607
v 0.369146 1.795813 0.818607
v 0.368705 1.795373 0.824815
v 0.369146 1.795813 0.824815
v 0.448648 1.795373 0.824815
v 0.448207 1.795813 0.824815
v 0.448648 1.795373 0.818607
v 0.448207 1.795813 0.818607
v 0.448648 1.795373 0.812400
v 0.448207 1.795813 0.812400
v 0.448207 1.773413 0.824815
v 0.448648 1.773854 0.824815
v 0.448207 1.773413 0.818607
v 0.448648 1.773854 0.818607
v 0.448207 1.773413 0.812400
v 0.448648 1.773854 0.812400
v 0.369146 1.773413 0.812400
v 0.368705 1.773854 0.812400
v 0.369146 1.773413 0.818607
v 0.368705 1.773854 0.818607
v 0.369146 1.773413 0.824815
v 0.368705 1.773854 0.824815
v -0.368544 1.778933 0.786127
v -0.368544 1.778932 0.766061
v -0.368544 1.784613 0.766061
v -0.368544 1.784613 0.786127
v -0.368544 1.790294 0.766061
v -0.368544 1.790294 0.786127
v -0.368544 1.778933 0.745994
v -0.368544 1.784613 0.745994
v -0.368544 1.790294 0.745994
v -0.369748 1.773252 0.806193
v -0.369748 1.773252 0.812400
v -0.388610 1.773252 0.812400
v -0.388610 1.773252 0.806193
v -0.368544 1.778933 0.806193
v -0.368544 1.784613 0.806193
v -0.368544 1.790294 0.806193
v -0.388610 1.795975 0.786127
v -0.388610 1.795975 0.806193
v -0.369748 1.795975 0.806193
v -0.369748 1.795975 0.786127
v -0.388610 1.795975 0.745994
v -0.388610 1.795975 0.766061
v -0.369748 1.795975 0.766061
v -0.369748 1.795975 0.745994
v -0.369748 1.784613 0.725928
v -0.388610 1.784613 0.725928
v -0.388610 1.790294 0.725928
v -0.369748 1.790294 0.725928
v -0.388610 1.794771 0.725928
v -0.369748 1.794771 0.725928
v -0.369748 1.778932 0.725928
v -0.388610 1.778933 0.725928
v -0.408677 1.795975 0.727132
v -0.408677 1.795975 0.745994
v -0.388610 1.795975 0.727132
v -0.369748 1.773252 0.725928
v -0.388610 1.773252 0.725928
v -0.368544 1.773252 0.766061
v -0.368544 1.773252 0.745994
v -0.368544 1.773252 0.786127
v -0.408677 1.778932 0.725928
v -0.408677 1.784613 0.725928
v -0.408677 1.790294 0.725928
v -0.428743 1.778932 0.725928
v -0.428743 1.784613 0.725928
v -0.428743 1.790294 0.725928
v -0.369748 1.795975 0.727132
v -0.368544 1.778932 0.727132
v -0.368544 1.784613 0.727132
v -0.368544 1.790294 0.727132
v -0.448809 1.773252 0.786127
v -0.448809 1.773252 0.804989
v -0.448809 1.774456 0.806193
v -0.448809 1.778932 0.806193
v -0.448809 1.778932 0.786127
v -0.428743 1.795975 0.727132
v -0.428743 1.795975 0.745994
v -0.448809 1.784613 0.727132
v -0.448809 1.784613 0.745994
v -0.448809 1.790294 0.745994
v -0.448809 1.790294 0.727132
v -0.448809 1.794771 0.745994
v -0.448809 1.794771 0.727132
v -0.448809 1.778932 0.727132
v -0.448809 1.778933 0.745994
v -0.447605 1.795975 0.745994
v -0.447605 1.795975 0.766061
v -0.428743 1.795975 0.766061
v -0.448809 1.773252 0.727132
v -0.448809 1.773252 0.745994
v -0.408677 1.773252 0.725928
v -0.428743 1.773252 0.725928
v -0.448809 1.778932 0.766061
v -0.448809 1.784613 0.766061
v -0.448809 1.790294 0.766061
v -0.448809 1.784613 0.786127
v -0.448809 1.790294 0.786127
v -0.447605 1.795975 0.727132
v -0.447605 1.778932 0.725928
v -0.447605 1.784613 0.725928
v -0.447605 1.790294 0.725928
v -0.368544 1.778933 0.824815
v -0.368544 1.778932 0.829818
v -0.368544 1.774456 0.829818
v -0.368544 1.774456 0.824815
v -0.447605 1.795975 0.786127
v -0.428743 1.795975 0.786127
v -0.368544 1.784613 0.824815
v -0.368544 1.784613 0.829818
v -0.447605 1.795975 0.806193
v -0.447605 1.795975 0.812400
v -0.428743 1.795975 0.812400
v -0.428743 1.795975 0.806193
v -0.448809 1.784613 0.806193
v -0.448809 1.790294 0.806193
v -0.448809 1.774456 0.812400
v -0.448809 1.778933 0.812400
v -0.448809 1.773252 0.766061
v -0.428743 1.795975 0.818607
v -0.408677 1.795975 0.818607
v -0.408677 1.795975 0.812400
v -0.388610 1.795975 0.818607
v -0.388610 1.795975 0.812400
v -0.428743 1.795975 0.824815
v -0.408677 1.795975 0.824815
v -0.388610 1.795975 0.824815
v -0.448809 1.790294 0.812400
v -0.448809 1.794771 0.812400
v -0.448809 1.794771 0.806193
v -0.408677 1.795975 0.806193
v -0.368544 1.773252 0.727132
v -0.368544 1.794771 0.818607
v -0.368544 1.794771 0.824815
v -0.368544 1.790294 0.824815
v -0.368544 1.790294 0.818607
v -0.448809 1.790294 0.818607
v -0.448809 1.790294 0.824815
v -0.448809 1.794771 0.824815
v -0.448809 1.794771 0.818607
v -0.448809 1.790294 0.829818
v -0.448809 1.794771 0.829818
v -0.368544 1.794771 0.812400
v -0.368544 1.790294 0.812400
v -0.408677 1.790294 0.831022
v -0.388610 1.790294 0.831022
v -0.388610 1.794771 0.831022
v -0.408677 1.794771 0.831022
v -0.448809 1.774456 0.824815
v -0.448809 1.774456 0.829818
v -0.448809 1.778932 0.829818
v -0.448809 1.778932 0.824815
v -0.428743 1.773252 0.818607
v -0.428743 1.773252 0.824815
v -0.447605 1.773252 0.824815
v -0.447605 1.773252 0.818607
v -0.408677 1.795975 0.766061
v -0.408677 1.795975 0.786127
v -0.447605 1.794771 0.725928
v -0.428743 1.794771 0.725928
v -0.408677 1.794771 0.725928
v -0.368544 1.794771 0.727132
v -0.368544 1.794771 0.745994
v -0.368544 1.794771 0.766061
v -0.368544 1.794771 0.786127
v -0.369748 1.795975 0.812400
v -0.448809 1.794771 0.786127
v -0.448809 1.794771 0.766061
v -0.428743 1.778933 0.831022
v -0.408677 1.778932 0.831022
v -0.408677 1.784613 0.831022
v -0.428743 1.784613 0.831022
v -0.428743 1.790294 0.831022
v -0.388610 1.778932 0.831022
v -0.388610 1.784613 0.831022
v -0.428743 1.773252 0.829818
v -0.447605 1.773252 0.829818
v -0.388610 1.773252 0.824815
v -0.388610 1.773252 0.829818
v -0.408677 1.773252 0.829818
v -0.408677 1.773252 0.824815
v -0.448809 1.784613 0.829818
v -0.448809 1.784613 0.824815
v -0.447605 1.795975 0.824815
v -0.447605 1.795975 0.829818
v -0.428743 1.795975 0.829818
v -0.408677 1.795975 0.829818
v -0.388610 1.795975 0.829818
v -0.369748 1.795975 0.829818
v -0.369748 1.795975 0.824815
v -0.368544 1.790294 0.829818
v -0.369748 1.773252 0.824815
v -0.369748 1.773252 0.829818
v -0.428743 1.794771 0.831022
v -0.448809 1.778932 0.818607
v -0.448809 1.784613 0.818607
v -0.448809 1.784613 0.812400
v -0.428743 1.773252 0.806193
v -0.428743 1.773252 0.812400
v -0.447605 1.773252 0.812400
v -0.447605 1.773252 0.806193
v -0.447605 1.773252 0.725928
v -0.447605 1.795975 0.818607
v -0.447605 1.790294 0.831022
v -0.447605 1.794771 0.831022
v -0.447605 1.784613 0.831022
v -0.447605 1.778932 0.831022
v -0.447605 1.774456 0.831022
v -0.428743 1.774456 0.831022
v -0.369748 1.773252 0.818607
v -0.388610 1.773252 0.818607
v -0.368544 1.784613 0.818607
v -0.368544 1.784613 0.812400
v -0.368544 1.778932 0.818607
v -0.368544 1.778933 0.812400
v -0.368544 1.794771 0.806193
v -0.388610 1.774456 0.831022
v -0.369748 1.774456 0.831022
v -0.369748 1.778932 0.831022
v -0.369748 1.784613 0.831022
v -0.369748 1.790294 0.831022
v -0.369748 1.794771 0.831022
v -0.369748 1.795975 0.818607
v -0.408677 1.773252 0.818607
v -0.408677 1.773252 0.812400
v -0.368544 1.774456 0.812400
v -0.368544 1.774456 0.806193
v -0.408677 1.773252 0.806193
v -0.448809 1.774456 0.818607
v -0.408677 1.774456 0.831022
v -0.368544 1.794771 0.829818
v -0.368544 1.774456 0.818607
v -0.368544 1.773252 0.804989
v -0.369146 1.773413 0.806193
v -0.368705 1.773854 0.806193
v -0.369147 1.795814 0.727132
v -0.369172 1.795658 0.726556
v -0.369748 1.795814 0.726531
v -0.369172 1.795346 0.726245
v -0.369748 1.795372 0.726089
v -0.369147 1.794771 0.726089
v -0.368861 1.795346 0.726556
v -0.368705 1.794771 0.726531
v -0.368705 1.795372 0.727132
v -0.448648 1.773854 0.806193
v -0.448207 1.773413 0.806193
v -0.447605 1.795814 0.726531
v -0.448181 1.795658 0.726556
v -0.448206 1.795814 0.727132
v -0.448492 1.795346 0.726556
v -0.448648 1.795372 0.727132
v -0.448648 1.794771 0.726531
v -0.448181 1.795346 0.726245
v -0.448206 1.794771 0.726089
v -0.447605 1.795372 0.726089
v -0.368705 1.774456 0.830419
v -0.368861 1.773880 0.830394
v -0.368705 1.773855 0.829818
v -0.369172 1.773569 0.830394
v -0.369147 1.773413 0.829818
v -0.369748 1.773413 0.830419
v -0.369172 1.773880 0.830705
v -0.369748 1.773855 0.830861
v -0.369147 1.774456 0.830861
v -0.368705 1.795372 0.829818
v -0.368861 1.795346 0.830394
v -0.368705 1.794771 0.830419
v -0.369172 1.795346 0.830705
v -0.369147 1.794771 0.830861
v -0.369748 1.795372 0.830861
v -0.369172 1.795658 0.830394
v -0.369748 1.795814 0.830419
v -0.369147 1.795814 0.829818
v -0.448648 1.794771 0.830419
v -0.448492 1.795346 0.830394
v -0.448648 1.795372 0.829818
v -0.448181 1.795658 0.830394
v -0.448206 1.795814 0.829818
v -0.447605 1.795814 0.830419
v -0.448181 1.795346 0.830705
v -0.447605 1.795372 0.830861
v -0.448206 1.794771 0.830861
v -0.448648 1.773855 0.829818
v -0.448492 1.773880 0.830394
v -0.448648 1.774456 0.830419
v -0.448181 1.773880 0.830705
v -0.448206 1.774456 0.830861
v -0.447605 1.773855 0.830861
v -0.448181 1.773569 0.830394
v -0.447605 1.773413 0.830419
v -0.448206 1.773413 0.829818
v -0.369146 1.795813 0.806193
v -0.369146 1.795813 0.786127
v -0.368705 1.795373 0.806193
v -0.368705 1.795373 0.786127
v -0.369146 1.795813 0.766061
v -0.368705 1.795373 0.766061
v -0.369146 1.795813 0.745994
v -0.368705 1.795373 0.745994
v -0.369146 1.790294 0.726089
v -0.368705 1.790294 0.726530
v -0.369146 1.784613 0.726089
v -0.368705 1.784613 0.726530
v -0.369146 1.778932 0.726089
v -0.368705 1.778932 0.726530
v -0.369146 1.773252 0.726089
v -0.368705 1.773252 0.726530
v -0.388610 1.795813 0.726530
v -0.388610 1.795373 0.726089
v -0.408677 1.795813 0.726530
v -0.408677 1.795373 0.726089
v -0.428743 1.795813 0.726530
v -0.428743 1.795373 0.726089
v -0.448648 1.790294 0.726530
v -0.448207 1.790294 0.726089
v -0.448648 1.784613 0.726530
v -0.448207 1.784613 0.726089
v -0.448648 1.778932 0.726530
v -0.448207 1.778932 0.726089
v -0.448648 1.773252 0.726530
v -0.448207 1.773252 0.726089
v -0.448207 1.795813 0.745994
v -0.448648 1.795373 0.745994
v -0.448207 1.795813 0.766061
v -0.448648 1.795373 0.766061
v -0.448207 1.795813 0.786127
v -0.448648 1.795373 0.786127
v -0.448207 1.795813 0.806193
v -0.448648 1.795373 0.806193
v -0.369146 1.778932 0.830860
v -0.368705 1.778932 0.830420
v -0.369146 1.784613 0.830860
v -0.368705 1.784613 0.830420
v -0.369146 1.790294 0.830860
v -0.368705 1.790294 0.830420
v -0.448207 1.790294 0.830860
v -0.448648 1.790294 0.830420
v -0.448207 1.784613 0.830860
v -0.448648 1.784613 0.830420
v -0.448207 1.778932 0.830860
v -0.448648 1.778932 0.830420
v -0.388610 1.773413 0.830420
v -0.388610 1.773854 0.830860
v -0.408677 1.773413 0.830420
v -0.408677 1.773854 0.830860
v -0.428743 1.773413 0.830420
v -0.428743 1.773854 0.830860
v -0.428743 1.795813 0.830420
v -0.428743 1.795373 0.830860
v -0.408677 1.795813 0.830420
v -0.408677 1.795373 0.830860
v -0.388610 1.795813 0.830420
v -0.388610 1.795373 0.830860
v -0.368705 1.795373 0.812400
v -0.369146 1.795813 0.812400
v -0.368705 1.795373 0.818607
v -0.369146 1.795813 0.818607
v -0.368705 1.795373 0.824815
v -0.369146 1.795813 0.824815
v -0.448648 1.795373 0.824815
v -0.448207 1.795813 0.824815
v -0.448648 1.795373 0.818607
v -0.448207 1.795813 0.818607
v -0.448648 1.795373 0.812400
v -0.448207 1.795813 0.812400
v -0.448207 1.773413 0.824815
v -0.448648 1.773854 0.824815
v -0.448207 1.773413 0.818607
v -0.448648 1.773854 0.818607
v -0.448207 1.773413 0.812400
v -0.448648 1.773854 0.812400
v -0.369146 1.773413 0.812400
v -0.368705 1.773854 0.812400
v -0.369146 1.773413 0.818607
v -0.368705 1.773854 0.818607
v -0.369146 1.773413 0.824815
v -0.368705 1.773854 0.824815
vt 0.819187 0.163643
vt 0.880196 0.163549
vt 0.880226 0.195750
vt 0.819448 0.195723
vt 0.941266 0.163524
vt 0.941225 0.195839
vt 0.880166 0.227961
vt 0.819772 0.227714
vt 0.941110 0.228141
vt 0.168242 0.499574
vt 0.135648 0.499822
vt 0.136081 0.375353
vt 0.168181 0.375351
vt 0.819039 0.131477
vt 0.880128 0.131337
vt 0.941231 0.131199
vt 0.123014 0.631837
vt 0.123023 0.663857
vt 0.000011 0.663896
vt 0.000011 0.631837
vt 0.261712 0.374315
vt 0.232388 0.374732
vt 0.231471 0.251632
vt 0.260386 0.251663
vt 0.201029 0.498347
vt 0.200294 0.375135
vt 0.266038 0.488653
vt 0.234425 0.495197
vt 0.123051 0.695878
vt 0.000010 0.695957
vt 0.637246 0.000112
vt 0.697965 0.000144
vt 0.697954 0.123098
vt 0.637286 0.123136
vt 0.518256 0.000000
vt 0.576488 0.000067
vt 0.576612 0.123249
vt 0.518507 0.123497
vt 0.496729 0.695993
vt 0.496736 0.728091
vt 0.373533 0.727960
vt 0.373594 0.695921
vt 0.576720 0.595516
vt 0.576944 0.563468
vt 0.637735 0.563367
vt 0.637723 0.595572
vt 0.577200 0.531509
vt 0.637648 0.531145
vt 0.698777 0.563240
vt 0.698826 0.595578
vt 0.698648 0.530910
vt 0.168864 0.128027
vt 0.136939 0.127832
vt 0.137368 0.004018
vt 0.169665 0.004400
vt 0.123105 0.727900
vt 0.000006 0.728027
vt 0.576506 0.373509
vt 0.637201 0.373638
vt 0.637222 0.496723
vt 0.576417 0.496793
vt 0.518384 0.373249
vt 0.518054 0.496862
vt 0.697885 0.373682
vt 0.697961 0.496660
vt 0.755991 0.373673
vt 0.756109 0.496604
vt 0.200763 0.128377
vt 0.202088 0.005553
vt 0.496725 0.663911
vt 0.373627 0.663880
vt 0.232630 0.128788
vt 0.234993 0.008339
vt 0.637663 0.627787
vt 0.698795 0.627923
vt 0.576584 0.627651
vt 0.637292 0.248371
vt 0.576683 0.248352
vt 0.697918 0.248387
vt 0.123183 0.757347
vt 0.000000 0.757521
vt 0.879977 0.257637
vt 0.819793 0.257345
vt 0.940952 0.257844
vt 0.999728 0.228377
vt 0.999539 0.258105
vt 0.261906 0.128947
vt 0.248292 0.727811
vt 0.248287 0.757209
vt 0.496741 0.757642
vt 0.373450 0.757433
vt 0.637429 0.501445
vt 0.698473 0.501175
vt 0.577123 0.501894
vt 0.756109 0.000170
vt 0.756057 0.123108
vt 0.199887 0.251591
vt 0.168218 0.251529
vt 0.496724 0.631837
vt 0.373638 0.631837
vt 0.999902 0.195991
vt 1.000000 0.163547
vt 1.000000 0.131070
vt 0.136510 0.251444
vt 0.757612 0.595545
vt 0.757612 0.628053
vt 0.757510 0.563070
vt 0.757327 0.530646
vt 0.757124 0.500880
vt 0.755982 0.248401
vt 0.248298 0.695827
vt 0.248302 0.663834
vt 0.760127 0.131605
vt 0.760272 0.163928
vt 0.760666 0.196019
vt 0.761783 0.227550
vt 0.764731 0.255281
vt 0.518694 0.248344
vt 0.519292 0.531849
vt 0.522120 0.504228
vt 0.518254 0.563254
vt 0.517891 0.595260
vt 0.517753 0.627520
vt 0.248303 0.631837
vt 0.266056 0.014262
vt 0.266391 0.012751
vt 0.267850 0.012953
vt 0.267711 0.014441
vt 0.266850 0.011253
vt 0.268208 0.011917
vt 0.267384 0.009756
vt 0.269073 0.010501
vt 0.270547 0.011938
vt 0.268943 0.012778
vt 0.271377 0.013920
vt 0.269469 0.014330
vt 0.761025 0.256063
vt 0.762295 0.255648
vt 0.762798 0.256712
vt 0.761678 0.257434
vt 0.763516 0.255386
vt 0.763592 0.256501
vt 0.764709 0.256503
vt 0.764531 0.257738
vt 0.763421 0.257320
vt 0.764214 0.259022
vt 0.762828 0.258481
vt 0.518434 0.503469
vt 0.519054 0.502120
vt 0.520169 0.502775
vt 0.519691 0.503862
vt 0.520164 0.501046
vt 0.520803 0.502204
vt 0.521573 0.500491
vt 0.521904 0.501782
vt 0.522091 0.503019
vt 0.520974 0.503009
vt 0.520916 0.504125
vt 0.271377 0.488933
vt 0.270597 0.490900
vt 0.268982 0.490144
vt 0.269479 0.488561
vt 0.269186 0.492403
vt 0.268216 0.490990
vt 0.267456 0.493214
vt 0.266871 0.491692
vt 0.266391 0.490182
vt 0.267861 0.489963
vt 0.267708 0.488462
vt 0.235183 0.006937
vt 0.235371 0.005528
vt 0.235558 0.004111
vt 0.202168 0.004197
vt 0.202247 0.002838
vt 0.202325 0.001477
vt 0.169696 0.003059
vt 0.169727 0.001716
vt 0.169758 0.000372
vt 0.137372 0.002680
vt 0.137377 0.001340
vt 0.137381 0.000000
vt 0.758937 0.163940
vt 0.758788 0.131608
vt 0.757603 0.163952
vt 0.757449 0.131611
vt 0.756267 0.163964
vt 0.756109 0.131614
vt 0.759347 0.196051
vt 0.758027 0.196083
vt 0.756705 0.196116
vt 0.760489 0.227642
vt 0.759190 0.227736
vt 0.757886 0.227832
vt 0.819766 0.258646
vt 0.819738 0.259948
vt 0.819709 0.261239
vt 0.879971 0.258962
vt 0.879965 0.260286
vt 0.879959 0.261611
vt 0.940947 0.259178
vt 0.940941 0.260513
vt 0.940936 0.261848
vt 0.999533 0.259440
vt 0.999527 0.260780
vt 0.999520 0.262115
vt 0.513743 0.627511
vt 0.513896 0.595227
vt 0.515228 0.595238
vt 0.515080 0.627514
vt 0.516560 0.595249
vt 0.516416 0.627517
vt 0.514306 0.563164
vt 0.515623 0.563195
vt 0.516939 0.563225
vt 0.515409 0.531581
vt 0.516708 0.531672
vt 0.518002 0.531762
vt 0.577023 0.497991
vt 0.577058 0.499295
vt 0.577091 0.500598
vt 0.637403 0.497465
vt 0.637412 0.498792
vt 0.637420 0.500118
vt 0.698453 0.497166
vt 0.698460 0.498502
vt 0.698467 0.499838
vt 0.757104 0.496865
vt 0.757111 0.498202
vt 0.757118 0.499544
vt 0.235054 0.499491
vt 0.234846 0.498052
vt 0.234636 0.496620
vt 0.201292 0.502478
vt 0.201206 0.501098
vt 0.201118 0.499721
vt 0.168330 0.503645
vt 0.168301 0.502286
vt 0.168272 0.500929
vt 0.135634 0.503880
vt 0.135639 0.502526
vt 0.135643 0.501174
vt 0.263800 0.374262
vt 0.265886 0.374211
vt 0.267950 0.374163
vt 0.262524 0.251657
vt 0.264659 0.251652
vt 0.266797 0.251646
vt 0.263986 0.128985
vt 0.266076 0.129021
vt 0.268167 0.129055
vt 0.123193 0.759512
vt 0.000010 0.759668
vt 0.513743 0.496865
vt 0.514049 0.373252
vt 0.516218 0.373250
vt 0.515901 0.496863
vt 0.248294 0.759392
vt 0.514341 0.248357
vt 0.516518 0.248351
vt 0.373453 0.759601
vt 0.514176 0.123519
vt 0.516341 0.123508
vt 0.496745 0.759794
vt 0.513952 0.000023
vt 0.516103 0.000011
vt 0.819037 0.099312
vt 0.819147 0.067238
vt 0.879933 0.066922
vt 0.880049 0.099124
vt 0.940938 0.066555
vt 0.941122 0.098873
vt 0.819318 0.035260
vt 0.879725 0.034710
vt 0.940678 0.034247
vt 0.103057 0.499347
vt 0.103981 0.375128
vt 0.000011 0.599779
vt 0.123023 0.599818
vt 0.010459 0.373443
vt 0.012637 0.250804
vt 0.041551 0.250973
vt 0.039780 0.374064
vt 0.070280 0.497893
vt 0.071870 0.374690
vt 0.005341 0.487748
vt 0.036908 0.494511
vt 0.000010 0.567717
vt 0.123051 0.567796
vt 0.394880 0.496753
vt 0.394920 0.373729
vt 0.455588 0.373768
vt 0.455599 0.496721
vt 0.275890 0.496865
vt 0.276141 0.373368
vt 0.334245 0.373616
vt 0.334122 0.496798
vt 0.496729 0.567681
vt 0.373594 0.567753
vt 0.373533 0.535714
vt 0.496736 0.535583
vt 0.576577 0.659786
vt 0.637580 0.660001
vt 0.637448 0.692206
vt 0.576658 0.691834
vt 0.637217 0.724427
vt 0.576773 0.723795
vt 0.698683 0.660267
vt 0.698489 0.692605
vt 0.698216 0.724934
vt 0.105013 0.127805
vt 0.105068 0.004177
vt 0.000006 0.535647
vt 0.123105 0.535774
vt 0.334140 0.123356
vt 0.334051 0.000072
vt 0.394856 0.000142
vt 0.394835 0.123227
vt 0.276018 0.123617
vt 0.275687 0.000004
vt 0.455595 0.000205
vt 0.455519 0.123183
vt 0.513743 0.000261
vt 0.513624 0.123192
vt 0.073113 0.127934
vt 0.072640 0.005105
vt 0.496725 0.599763
vt 0.373627 0.599794
vt 0.041244 0.128125
vt 0.039717 0.007663
vt 0.334316 0.248513
vt 0.394926 0.248494
vt 0.455552 0.248479
vt 0.000000 0.506154
vt 0.123183 0.506328
vt 0.819198 0.005641
vt 0.879399 0.005027
vt 0.940386 0.004537
vt 0.998987 0.004011
vt 0.999309 0.033749
vt 0.011968 0.128080
vt 0.248291 0.535863
vt 0.248287 0.506465
vt 0.373450 0.506242
vt 0.496741 0.506032
vt 0.697909 0.754669
vt 0.636865 0.754127
vt 0.576563 0.753408
vt 0.513691 0.373758
vt 0.513743 0.496696
vt 0.073135 0.251151
vt 0.104803 0.251309
vt 0.999624 0.066143
vt 0.999861 0.098591
vt 0.757468 0.660560
vt 0.757223 0.693036
vt 0.756896 0.725459
vt 0.756562 0.755225
vt 0.513616 0.248464
vt 0.248302 0.599840
vt 0.248298 0.567847
vt 0.760125 0.099287
vt 0.760364 0.067215
vt 0.761301 0.035737
vt 0.764046 0.008115
vt 0.276328 0.248521
vt 0.518867 0.723197
vt 0.521573 0.750830
vt 0.517968 0.691788
vt 0.517748 0.659780
vt 0.008613 0.013370
vt 0.006956 0.013538
vt 0.006828 0.012049
vt 0.008289 0.011857
vt 0.006478 0.011010
vt 0.007840 0.010356
vt 0.007317 0.008856
vt 0.005622 0.009589
vt 0.005736 0.011866
vt 0.004138 0.011016
vt 0.003295 0.012991
vt 0.005200 0.013415
vt 0.760361 0.007363
vt 0.760977 0.006017
vt 0.762098 0.006673
vt 0.761617 0.007753
vt 0.762912 0.006888
vt 0.762836 0.008007
vt 0.764024 0.006902
vt 0.762731 0.006088
vt 0.763834 0.005659
vt 0.763496 0.004362
vt 0.762082 0.004931
vt 0.517884 0.751573
vt 0.519142 0.751186
vt 0.519616 0.752275
vt 0.518498 0.752924
vt 0.520247 0.752849
vt 0.519602 0.754003
vt 0.521010 0.754565
vt 0.521345 0.753275
vt 0.520422 0.752045
vt 0.521538 0.752040
vt 0.520368 0.750928
vt 0.000000 0.487991
vt 0.001900 0.487632
vt 0.002386 0.489218
vt 0.000766 0.489963
vt 0.003147 0.490070
vt 0.002167 0.491476
vt 0.003891 0.492299
vt 0.004487 0.490781
vt 0.003508 0.489046
vt 0.004977 0.489275
vt 0.003672 0.487546
vt 0.039536 0.006259
vt 0.039358 0.004849
vt 0.039180 0.003431
vt 0.072569 0.003749
vt 0.072500 0.002389
vt 0.072431 0.001027
vt 0.105046 0.002835
vt 0.105025 0.001492
vt 0.105003 0.000148
vt 0.758792 0.099281
vt 0.757457 0.099276
vt 0.756122 0.099270
vt 0.759046 0.067190
vt 0.757728 0.067165
vt 0.756407 0.067138
vt 0.760010 0.035653
vt 0.758715 0.035567
vt 0.757415 0.035480
vt 0.819163 0.004338
vt 0.819126 0.003035
vt 0.819089 0.001743
vt 0.879387 0.003703
vt 0.879374 0.002378
vt 0.879361 0.001053
vt 0.940374 0.003201
vt 0.940362 0.001866
vt 0.940351 0.000531
vt 0.998975 0.002676
vt 0.998963 0.001335
vt 0.998951 0.000000
vt 0.515085 0.659790
vt 0.513753 0.659795
vt 0.516416 0.659785
vt 0.515337 0.691836
vt 0.514020 0.691861
vt 0.516653 0.691811
vt 0.516282 0.723362
vt 0.514983 0.723448
vt 0.517577 0.723278
vt 0.576487 0.756007
vt 0.576447 0.757310
vt 0.576526 0.754704
vt 0.636836 0.756780
vt 0.636821 0.758106
vt 0.636850 0.755453
vt 0.697884 0.757342
vt 0.697871 0.758678
vt 0.697896 0.756006
vt 0.756536 0.757904
vt 0.756523 0.759240
vt 0.756549 0.756562
vt 0.036466 0.497363
vt 0.036249 0.498801
vt 0.036686 0.495933
vt 0.070084 0.500642
vt 0.069988 0.502022
vt 0.070182 0.499266
vt 0.102979 0.502059
vt 0.102940 0.503418
vt 0.103018 0.500702
vt 0.008372 0.373376
vt 0.006287 0.373310
vt 0.004223 0.373248
vt 0.010499 0.250783
vt 0.008363 0.250763
vt 0.006226 0.250742
vt 0.009888 0.128104
vt 0.007798 0.128125
vt 0.005706 0.128145
vt 0.000010 0.504006
vt 0.123193 0.504162
vt 0.271377 0.000000
vt 0.273535 0.000002
vt 0.273852 0.123615
vt 0.271683 0.123613
vt 0.248294 0.504283
vt 0.274152 0.248515
vt 0.271975 0.248508
vt 0.373453 0.504074
vt 0.273975 0.373357
vt 0.271810 0.373346
vt 0.496745 0.503880
vt 0.273737 0.496854
vt 0.271586 0.496843
vt 0.834043 0.606232
vt 0.837144 0.606219
vt 0.837179 0.617159
vt 0.834084 0.617170
vt 0.840242 0.606210
vt 0.840274 0.617149
vt 0.837215 0.628092
vt 0.834121 0.628103
vt 0.840310 0.628082
vt 0.830389 0.784215
vt 0.830389 0.794492
vt 0.827007 0.794492
vt 0.827007 0.784215
vt 0.834023 0.595182
vt 0.837137 0.595226
vt 0.840240 0.595255
vt 0.874133 0.441647
vt 0.863856 0.441647
vt 0.863856 0.430714
vt 0.874133 0.430714
vt 0.874133 0.463512
vt 0.863856 0.463512
vt 0.863856 0.452579
vt 0.874133 0.452579
vt 0.824027 0.782984
vt 0.820994 0.782777
vt 0.821056 0.772649
vt 0.824159 0.772680
vt 0.818704 0.782460
vt 0.818610 0.772641
vt 0.827108 0.783100
vt 0.827271 0.772717
vt 0.885065 0.473789
vt 0.874133 0.473789
vt 0.885065 0.463512
vt 0.830215 0.783190
vt 0.830396 0.772751
vt 0.830989 0.617182
vt 0.831026 0.628113
vt 0.830944 0.606250
vt 0.824189 0.761722
vt 0.827305 0.761724
vt 0.821077 0.761723
vt 0.824169 0.750752
vt 0.827293 0.750724
vt 0.821051 0.750782
vt 0.863856 0.473789
vt 0.837249 0.638369
vt 0.834154 0.638379
vt 0.840344 0.638359
vt 0.817579 0.670512
vt 0.820676 0.670530
vt 0.820642 0.681566
vt 0.818116 0.681498
vt 0.817496 0.680791
vt 0.895998 0.473789
vt 0.895998 0.463512
vt 0.823876 0.638408
vt 0.826969 0.638418
vt 0.826937 0.648690
vt 0.823843 0.648680
vt 0.829407 0.638426
vt 0.829374 0.648697
vt 0.820782 0.638399
vt 0.820750 0.648670
vt 0.906275 0.463512
vt 0.895998 0.452579
vt 0.906275 0.452579
vt 0.817689 0.638389
vt 0.817657 0.648660
vt 0.830425 0.761728
vt 0.830425 0.750703
vt 0.823809 0.659608
vt 0.820715 0.659597
vt 0.826902 0.659618
vt 0.823774 0.670543
vt 0.826871 0.670552
vt 0.906275 0.473789
vt 0.824060 0.740422
vt 0.827177 0.740313
vt 0.820982 0.740629
vt 0.834223 0.585069
vt 0.831809 0.585018
vt 0.831867 0.582319
vt 0.834277 0.582372
vt 0.895998 0.441647
vt 0.906275 0.441647
vt 0.837287 0.585125
vt 0.837332 0.582430
vt 0.906275 0.430714
vt 0.895998 0.430714
vt 0.895998 0.427332
vt 0.906275 0.427332
vt 0.826869 0.681501
vt 0.823763 0.681526
vt 0.820702 0.684951
vt 0.818260 0.684993
vt 0.817622 0.659586
vt 0.885065 0.427332
vt 0.885065 0.423950
vt 0.895998 0.423950
vt 0.874133 0.427332
vt 0.874133 0.423950
vt 0.885065 0.420568
vt 0.895998 0.420568
vt 0.874133 0.420568
vt 0.829309 0.681489
vt 0.829327 0.684861
vt 0.826895 0.684880
vt 0.885065 0.430714
vt 0.831060 0.638389
vt 0.842726 0.588547
vt 0.840306 0.588521
vt 0.840350 0.585169
vt 0.842763 0.585199
vt 0.826929 0.688248
vt 0.829354 0.688225
vt 0.829387 0.691583
vt 0.826967 0.691609
vt 0.829415 0.694288
vt 0.826997 0.694312
vt 0.842696 0.591902
vt 0.840268 0.591883
vt 0.833924 0.716827
vt 0.831453 0.716824
vt 0.831484 0.705803
vt 0.833949 0.705816
vt 0.818406 0.691736
vt 0.820825 0.691693
vt 0.820870 0.694396
vt 0.818455 0.694440
vt 0.823625 0.816358
vt 0.823625 0.826635
vt 0.820243 0.826635
vt 0.820243 0.816358
vt 0.885065 0.452579
vt 0.885065 0.441647
vt 0.818603 0.750800
vt 0.818660 0.740946
vt 0.818629 0.761724
vt 0.842749 0.628074
vt 0.842783 0.638350
vt 0.842714 0.617141
vt 0.842682 0.606205
vt 0.863856 0.427332
vt 0.829310 0.670557
vt 0.829340 0.659625
vt 0.840174 0.727847
vt 0.837045 0.727838
vt 0.837062 0.716831
vt 0.840200 0.716836
vt 0.833918 0.727834
vt 0.837079 0.705824
vt 0.840206 0.705828
vt 0.817518 0.826635
vt 0.817518 0.816358
vt 0.820243 0.794492
vt 0.820243 0.805425
vt 0.817518 0.805425
vt 0.817518 0.794492
vt 0.823895 0.691646
vt 0.823932 0.694350
vt 0.906275 0.420568
vt 0.895998 0.417842
vt 0.906275 0.417842
vt 0.885065 0.417842
vt 0.874133 0.417842
vt 0.863856 0.420568
vt 0.863856 0.417842
vt 0.840386 0.582475
vt 0.820243 0.784215
vt 0.817518 0.784215
vt 0.831447 0.727845
vt 0.823802 0.684911
vt 0.823847 0.688283
vt 0.820766 0.688330
vt 0.830389 0.816358
vt 0.830389 0.826635
vt 0.827007 0.826635
vt 0.827007 0.816358
vt 0.830314 0.740238
vt 0.906275 0.423950
vt 0.833964 0.738075
vt 0.831647 0.737803
vt 0.837018 0.738179
vt 0.840089 0.738083
vt 0.842433 0.737820
vt 0.842640 0.727859
vt 0.823625 0.794492
vt 0.823625 0.784215
vt 0.837180 0.591849
vt 0.837232 0.588481
vt 0.834081 0.591806
vt 0.834155 0.588428
vt 0.842678 0.595269
vt 0.842677 0.705818
vt 0.840160 0.695588
vt 0.842477 0.695860
vt 0.837106 0.695484
vt 0.834035 0.695579
vt 0.831691 0.695843
vt 0.863856 0.423950
vt 0.827007 0.805425
vt 0.823625 0.805425
vt 0.831481 0.595252
vt 0.831644 0.591753
vt 0.830389 0.805425
vt 0.818342 0.688374
vt 0.842671 0.716839
vt 0.842795 0.582504
vt 0.831735 0.588374
vt 0.830425 0.595147
vt 0.830765 0.595218
vt 0.830859 0.595960
vt 0.831126 0.595254
vt 0.817739 0.782567
vt 0.818073 0.782493
vt 0.818174 0.782777
vt 0.817871 0.782931
vt 0.818392 0.782457
vt 0.818384 0.782745
vt 0.818668 0.782768
vt 0.818589 0.783081
vt 0.818315 0.782947
vt 0.818475 0.783402
vt 0.818135 0.783227
vt 0.817760 0.681494
vt 0.817400 0.681527
vt 0.817064 0.681597
vt 0.817690 0.740843
vt 0.817817 0.740481
vt 0.818121 0.740623
vt 0.818024 0.740914
vt 0.818078 0.740176
vt 0.818273 0.740460
vt 0.818425 0.739996
vt 0.818544 0.740322
vt 0.818621 0.740635
vt 0.818332 0.740665
vt 0.818346 0.740952
vt 0.842691 0.694903
vt 0.843039 0.695073
vt 0.842861 0.695362
vt 0.842582 0.695230
vt 0.843315 0.695369
vt 0.843009 0.695533
vt 0.843455 0.695739
vt 0.843117 0.695819
vt 0.842794 0.695860
vt 0.842799 0.695570
vt 0.842510 0.695546
vt 0.831476 0.694877
vt 0.831588 0.695210
vt 0.831312 0.695344
vt 0.831119 0.695053
vt 0.831660 0.695527
vt 0.831369 0.695551
vt 0.831372 0.695842
vt 0.831050 0.695800
vt 0.831155 0.695509
vt 0.830713 0.695722
vt 0.830849 0.695358
vt 0.831433 0.738760
vt 0.831085 0.738590
vt 0.831263 0.738301
vt 0.831542 0.738433
vt 0.830808 0.738293
vt 0.831115 0.738130
vt 0.830668 0.737924
vt 0.831007 0.737843
vt 0.831329 0.737802
vt 0.831325 0.738092
vt 0.831614 0.738117
vt 0.842648 0.738785
vt 0.842535 0.738453
vt 0.842812 0.738318
vt 0.843005 0.738609
vt 0.842464 0.738135
vt 0.842755 0.738112
vt 0.842751 0.737821
vt 0.843074 0.737863
vt 0.842969 0.738154
vt 0.843411 0.737940
vt 0.843275 0.738305
vt 0.843694 0.595272
vt 0.843701 0.606203
vt 0.843361 0.606203
vt 0.843355 0.595271
vt 0.843022 0.606204
vt 0.843017 0.595270
vt 0.843732 0.617138
vt 0.843393 0.617139
vt 0.843053 0.617140
vt 0.843768 0.628071
vt 0.843428 0.628072
vt 0.843089 0.628073
vt 0.843802 0.638347
vt 0.843463 0.638348
vt 0.843122 0.638349
vt 0.820959 0.783109
vt 0.820921 0.783444
vt 0.820883 0.783784
vt 0.824009 0.783320
vt 0.823991 0.783658
vt 0.823973 0.783997
vt 0.827096 0.783439
vt 0.827085 0.783780
vt 0.827073 0.784120
vt 0.830205 0.783531
vt 0.830195 0.783873
vt 0.830184 0.784214
vt 0.817601 0.772646
vt 0.817937 0.772644
vt 0.818274 0.772643
vt 0.817611 0.761725
vt 0.817950 0.761724
vt 0.818290 0.761724
vt 0.817592 0.750797
vt 0.817929 0.750799
vt 0.818266 0.750799
vt 0.820870 0.739608
vt 0.820909 0.739952
vt 0.820946 0.740292
vt 0.824008 0.739395
vt 0.824025 0.739738
vt 0.824043 0.740081
vt 0.827146 0.739282
vt 0.827156 0.739626
vt 0.827167 0.739970
vt 0.830288 0.739204
vt 0.830297 0.739548
vt 0.830305 0.739893
vt 0.830425 0.638429
vt 0.830393 0.648701
vt 0.830053 0.648700
vt 0.830086 0.638428
vt 0.829714 0.648699
vt 0.829746 0.638427
vt 0.830358 0.659628
vt 0.830019 0.659627
vt 0.829679 0.659626
vt 0.830329 0.670558
vt 0.829989 0.670557
vt 0.829650 0.670557
vt 0.830326 0.681486
vt 0.829987 0.681487
vt 0.829648 0.681488
vt 0.840187 0.695252
vt 0.840215 0.694912
vt 0.840245 0.694568
vt 0.837106 0.695145
vt 0.837107 0.694803
vt 0.837108 0.694459
vt 0.834009 0.695241
vt 0.833982 0.694899
vt 0.833954 0.694552
vt 0.833937 0.738411
vt 0.833909 0.738750
vt 0.833879 0.739095
vt 0.837018 0.738518
vt 0.837017 0.738859
vt 0.837016 0.739204
vt 0.840115 0.738421
vt 0.840142 0.738764
vt 0.840170 0.739111
vt 0.843699 0.705807
vt 0.843358 0.705811
vt 0.843018 0.705815
vt 0.843699 0.716841
vt 0.843356 0.716840
vt 0.843013 0.716840
vt 0.843661 0.727872
vt 0.843321 0.727868
vt 0.842980 0.727863
vt 0.830425 0.727856
vt 0.830766 0.727852
vt 0.831106 0.727848
vt 0.830425 0.716822
vt 0.830768 0.716822
vt 0.831110 0.716823
vt 0.830462 0.705790
vt 0.830803 0.705795
vt 0.831144 0.705799
vt 0.843033 0.591905
vt 0.843371 0.591907
vt 0.843708 0.591909
vt 0.843062 0.588550
vt 0.843399 0.588553
vt 0.843735 0.588557
vt 0.843099 0.585203
vt 0.843435 0.585207
vt 0.843771 0.585210
vt 0.843130 0.582508
vt 0.843467 0.582511
vt 0.843802 0.582515
vt 0.829724 0.691580
vt 0.829751 0.694284
vt 0.830061 0.691577
vt 0.830089 0.694281
vt 0.830398 0.691573
vt 0.830425 0.694278
vt 0.829692 0.688222
vt 0.830029 0.688219
vt 0.830366 0.688216
vt 0.829665 0.684859
vt 0.830003 0.684857
vt 0.830341 0.684855
vt 0.817445 0.694458
vt 0.817395 0.691755
vt 0.817732 0.691749
vt 0.817781 0.694452
vt 0.818069 0.691742
vt 0.818119 0.694446
vt 0.817328 0.688397
vt 0.817666 0.688389
vt 0.818004 0.688382
vt 0.817240 0.685029
vt 0.817582 0.685016
vt 0.817920 0.685004
vt 0.830625 0.591712
vt 0.830962 0.591726
vt 0.831301 0.591740
vt 0.830723 0.588349
vt 0.831060 0.588357
vt 0.831398 0.588366
vt 0.830800 0.584996
vt 0.831136 0.585003
vt 0.831473 0.585011
vt 0.830859 0.582297
vt 0.831195 0.582304
vt 0.831532 0.582312
vt 0.820667 0.614456
vt 0.820707 0.603517
vt 0.823803 0.603528
vt 0.823768 0.614468
vt 0.826898 0.603538
vt 0.826866 0.614477
vt 0.820744 0.592584
vt 0.823839 0.592594
vt 0.826934 0.592605
vt 0.843261 0.826635
vt 0.839879 0.826635
vt 0.839879 0.816358
vt 0.843261 0.816358
vt 0.820647 0.625505
vt 0.823761 0.625461
vt 0.826864 0.625432
vt 0.874133 0.505931
vt 0.874133 0.516864
vt 0.863856 0.516864
vt 0.863856 0.505931
vt 0.874133 0.484066
vt 0.874133 0.494999
vt 0.863856 0.494999
vt 0.863856 0.484066
vt 0.836862 0.740434
vt 0.836995 0.750735
vt 0.833892 0.750766
vt 0.833833 0.740638
vt 0.831446 0.750773
vt 0.831547 0.740952
vt 0.839942 0.740318
vt 0.840106 0.750698
vt 0.885065 0.473789
vt 0.885065 0.484066
vt 0.874133 0.473789
vt 0.843048 0.740227
vt 0.843230 0.750663
vt 0.817612 0.603506
vt 0.817649 0.592574
vt 0.817568 0.614437
vt 0.840140 0.761692
vt 0.837024 0.761693
vt 0.833911 0.761693
vt 0.840128 0.772693
vt 0.837004 0.772666
vt 0.833885 0.772634
vt 0.863856 0.473789
vt 0.820777 0.582307
vt 0.823872 0.582317
vt 0.826967 0.582327
vt 0.830941 0.662337
vt 0.830857 0.652058
vt 0.831477 0.651351
vt 0.834003 0.651282
vt 0.834037 0.662319
vt 0.895998 0.473789
vt 0.895998 0.484066
vt 0.837238 0.694439
vt 0.837205 0.684169
vt 0.840299 0.684159
vt 0.840331 0.694430
vt 0.842736 0.684151
vt 0.842769 0.694422
vt 0.834145 0.694449
vt 0.834112 0.684179
vt 0.906275 0.484066
vt 0.906275 0.494999
vt 0.895998 0.494999
vt 0.831052 0.694459
vt 0.831019 0.684188
vt 0.843261 0.761688
vt 0.843261 0.772714
vt 0.834077 0.673252
vt 0.837170 0.673241
vt 0.840264 0.673231
vt 0.837136 0.662305
vt 0.840233 0.662297
vt 0.906275 0.473789
vt 0.840011 0.783106
vt 0.836896 0.782997
vt 0.833820 0.782791
vt 0.820848 0.635617
vt 0.820901 0.638313
vt 0.818492 0.638366
vt 0.818434 0.635667
vt 0.906275 0.505931
vt 0.895998 0.505931
vt 0.823911 0.635562
vt 0.823955 0.638257
vt 0.906275 0.516864
vt 0.906275 0.520246
vt 0.895998 0.520246
vt 0.895998 0.516864
vt 0.837125 0.651322
vt 0.840231 0.651347
vt 0.831621 0.647855
vt 0.834063 0.647897
vt 0.830983 0.673263
vt 0.895998 0.523628
vt 0.885065 0.523628
vt 0.885065 0.520246
vt 0.874133 0.523628
vt 0.874133 0.520246
vt 0.895998 0.527010
vt 0.885065 0.527010
vt 0.874133 0.527010
vt 0.840257 0.647969
vt 0.842689 0.647987
vt 0.842671 0.651360
vt 0.885065 0.516864
vt 0.817682 0.582297
vt 0.829349 0.632140
vt 0.829386 0.635487
vt 0.826973 0.635517
vt 0.826930 0.632165
vt 0.840290 0.644600
vt 0.840328 0.641239
vt 0.842749 0.641265
vt 0.842716 0.644623
vt 0.840359 0.638535
vt 0.842776 0.638560
vt 0.829320 0.628784
vt 0.826892 0.628804
vt 0.820651 0.716831
vt 0.820644 0.727842
vt 0.818179 0.727846
vt 0.818181 0.716827
vt 0.831768 0.641112
vt 0.831817 0.638408
vt 0.834232 0.638452
vt 0.834186 0.641154
vt 0.836497 0.794492
vt 0.833115 0.794492
vt 0.833115 0.784215
vt 0.836497 0.784215
vt 0.885065 0.494999
vt 0.885065 0.505931
vt 0.831494 0.782471
vt 0.831437 0.772617
vt 0.831463 0.761691
vt 0.829406 0.582335
vt 0.829373 0.592613
vt 0.829337 0.603546
vt 0.829306 0.614483
vt 0.863856 0.520246
vt 0.842672 0.662292
vt 0.842702 0.673223
vt 0.826937 0.705832
vt 0.826927 0.716844
vt 0.823789 0.716837
vt 0.823806 0.705831
vt 0.820677 0.705825
vt 0.826898 0.727848
vt 0.823772 0.727842
vt 0.830389 0.794492
vt 0.830389 0.784215
vt 0.833115 0.816358
vt 0.830389 0.816358
vt 0.830389 0.805425
vt 0.833115 0.805425
vt 0.837294 0.638499
vt 0.837256 0.641202
vt 0.906275 0.527010
vt 0.906275 0.529736
vt 0.895998 0.529736
vt 0.885065 0.529736
vt 0.874133 0.529736
vt 0.863856 0.529736
vt 0.863856 0.527010
vt 0.827010 0.638212
vt 0.833115 0.826635
vt 0.830389 0.826635
vt 0.818205 0.705806
vt 0.834128 0.644518
vt 0.837209 0.644564
vt 0.837163 0.647937
vt 0.843261 0.794492
vt 0.839879 0.794492
vt 0.839879 0.784215
vt 0.843261 0.784215
vt 0.843148 0.783181
vt 0.906275 0.523628
vt 0.820747 0.695583
vt 0.818417 0.695855
vt 0.823810 0.695486
vt 0.826882 0.695590
vt 0.829231 0.695865
vt 0.829404 0.705828
vt 0.836497 0.826635
vt 0.836497 0.816358
vt 0.823856 0.632206
vt 0.823804 0.628838
vt 0.820780 0.632258
vt 0.820705 0.628881
vt 0.829301 0.625417
vt 0.829368 0.727867
vt 0.829134 0.737820
vt 0.826818 0.738084
vt 0.823766 0.738179
vt 0.820702 0.738077
vt 0.818369 0.737811
vt 0.863856 0.523628
vt 0.836497 0.805425
vt 0.839879 0.805425
vt 0.818268 0.628934
vt 0.818106 0.625436
vt 0.843261 0.805425
vt 0.831703 0.644474
vt 0.829398 0.716848
vt 0.829418 0.638182
vt 0.818360 0.632312
vt 0.817050 0.625541
vt 0.817484 0.624727
vt 0.817389 0.625469
vt 0.817750 0.625434
vt 0.830582 0.740845
vt 0.830715 0.740480
vt 0.831018 0.740637
vt 0.830916 0.740920
vt 0.831226 0.740670
vt 0.831234 0.740957
vt 0.831510 0.740642
vt 0.831162 0.740466
vt 0.831434 0.740332
vt 0.831321 0.740012
vt 0.830982 0.740185
vt 0.831121 0.651354
vt 0.830761 0.651321
vt 0.830425 0.651252
vt 0.830523 0.782574
vt 0.830857 0.782504
vt 0.830954 0.782797
vt 0.830649 0.782938
vt 0.831103 0.782961
vt 0.830908 0.783244
vt 0.831259 0.783425
vt 0.831378 0.783097
vt 0.831167 0.782757
vt 0.831456 0.782781
vt 0.831180 0.782467
vt 0.829344 0.738777
vt 0.829236 0.738449
vt 0.829515 0.738319
vt 0.829692 0.738608
vt 0.829664 0.738148
vt 0.829970 0.738313
vt 0.830111 0.737944
vt 0.829773 0.737862
vt 0.829454 0.738110
vt 0.829451 0.737820
vt 0.829165 0.738133
vt 0.818155 0.738770
vt 0.817806 0.738600
vt 0.817985 0.738310
vt 0.818264 0.738442
vt 0.818047 0.738101
vt 0.818337 0.738126
vt 0.818052 0.737810
vt 0.817836 0.738138
vt 0.817728 0.737851
vt 0.817389 0.737931
vt 0.817529 0.738302
vt 0.818201 0.694891
vt 0.818313 0.695223
vt 0.818035 0.695355
vt 0.817843 0.695066
vt 0.817882 0.695520
vt 0.817577 0.695371
vt 0.817442 0.695733
vt 0.817777 0.695810
vt 0.818097 0.695560
vt 0.818100 0.695852
vt 0.818387 0.695542
vt 0.829449 0.694896
vt 0.829809 0.695074
vt 0.829615 0.695364
vt 0.829335 0.695230
vt 0.829552 0.695570
vt 0.829261 0.695551
vt 0.829549 0.695863
vt 0.829769 0.695530
vt 0.829873 0.695823
vt 0.830210 0.695747
vt 0.830076 0.695381
vt 0.830317 0.625415
vt 0.829979 0.625416
vt 0.829985 0.614484
vt 0.830325 0.614484
vt 0.829640 0.625417
vt 0.829645 0.614483
vt 0.830016 0.603548
vt 0.830356 0.603549
vt 0.829677 0.603547
vt 0.830052 0.592615
vt 0.830392 0.592616
vt 0.829712 0.592614
vt 0.830086 0.582337
vt 0.830425 0.582338
vt 0.829746 0.582336
vt 0.833798 0.740307
vt 0.833761 0.739972
vt 0.833723 0.739633
vt 0.836845 0.740097
vt 0.836827 0.739759
vt 0.836808 0.739421
vt 0.839930 0.739978
vt 0.839919 0.739638
vt 0.839907 0.739298
vt 0.843037 0.739886
vt 0.843027 0.739545
vt 0.843017 0.739204
vt 0.830773 0.750770
vt 0.830437 0.750768
vt 0.831110 0.750772
vt 0.830785 0.761691
vt 0.830445 0.761691
vt 0.831124 0.761691
vt 0.830762 0.772618
vt 0.830425 0.772619
vt 0.831100 0.772617
vt 0.833746 0.783467
vt 0.833708 0.783811
vt 0.833784 0.783127
vt 0.836861 0.783681
vt 0.836843 0.784024
vt 0.836878 0.783338
vt 0.839991 0.783793
vt 0.839980 0.784137
vt 0.840001 0.783449
vt 0.843131 0.783871
vt 0.843123 0.784215
vt 0.843140 0.783526
vt 0.843787 0.694419
vt 0.843448 0.694420
vt 0.843415 0.684149
vt 0.843754 0.684148
vt 0.843108 0.694421
vt 0.843076 0.684150
vt 0.843381 0.673221
vt 0.843720 0.673220
vt 0.843041 0.673222
vt 0.843351 0.662291
vt 0.843690 0.662291
vt 0.843012 0.662292
vt 0.843349 0.651361
vt 0.843688 0.651362
vt 0.843010 0.651361
vt 0.826843 0.738420
vt 0.826870 0.738759
vt 0.826899 0.739104
vt 0.823766 0.738518
vt 0.823766 0.738858
vt 0.823766 0.739202
vt 0.820676 0.738414
vt 0.820648 0.738755
vt 0.820620 0.739101
vt 0.820721 0.695246
vt 0.820694 0.694905
vt 0.820665 0.694558
vt 0.823810 0.695146
vt 0.823811 0.694804
vt 0.823811 0.694459
vt 0.826909 0.695252
vt 0.826938 0.694910
vt 0.826967 0.694562
vt 0.830048 0.727877
vt 0.830389 0.727882
vt 0.829708 0.727872
vt 0.830083 0.716849
vt 0.830425 0.716850
vt 0.829740 0.716849
vt 0.830084 0.705822
vt 0.830425 0.705819
vt 0.829744 0.705825
vt 0.817525 0.705798
vt 0.817184 0.705793
vt 0.817865 0.705802
vt 0.817495 0.716826
vt 0.817153 0.716826
vt 0.817838 0.716827
vt 0.817498 0.727853
vt 0.817158 0.727857
vt 0.817839 0.727850
vt 0.829657 0.628782
vt 0.829994 0.628780
vt 0.830332 0.628778
vt 0.829686 0.632136
vt 0.830022 0.632133
vt 0.830359 0.632130
vt 0.829722 0.635484
vt 0.830058 0.635480
vt 0.830394 0.635476
vt 0.829753 0.638179
vt 0.830090 0.638175
vt 0.830425 0.638171
vt 0.843113 0.638563
vt 0.843086 0.641268
vt 0.843451 0.638567
vt 0.843423 0.641271
vt 0.843787 0.638570
vt 0.843760 0.641275
vt 0.843053 0.644626
vt 0.843391 0.644629
vt 0.843728 0.644632
vt 0.843027 0.647989
vt 0.843365 0.647991
vt 0.843703 0.647993
vt 0.830807 0.638389
vt 0.831143 0.638395
vt 0.831093 0.641099
vt 0.830756 0.641092
vt 0.831481 0.638401
vt 0.831430 0.641105
vt 0.831027 0.644459
vt 0.830689 0.644451
vt 0.831365 0.644466
vt 0.830943 0.647832
vt 0.830601 0.647819
vt 0.831281 0.647844
vt 0.817587 0.628961
vt 0.817249 0.628975
vt 0.817925 0.628947
vt 0.817685 0.632329
vt 0.817348 0.632338
vt 0.818022 0.632321
vt 0.817761 0.635682
vt 0.817425 0.635690
vt 0.818098 0.635675
vt 0.817819 0.638381
vt 0.817484 0.638388
vt 0.818156 0.638373
vn 0.0000 -1.0000 -0.0000
vn 0.0000 -0.1305 -0.9914
vn 0.0000 0.0000 -1.0000
vn -0.0000 -0.0000 1.0000
vn 0.0000 0.1305 0.9915
vn 0.1305 0.0000 -0.9915
vn 0.1305 0.0000 -0.9914
vn 0.1296 -0.1296 -0.9831
vn -0.0000 -0.1305 -0.9915
vn 0.9914 -0.1305 -0.0000
vn 1.0000 0.0000 0.0000
vn 0.9830 -0.1297 0.1297
vn 0.9914 0.0000 0.1305
vn 0.0000 -0.1304 0.9915
vn 0.0000 1.0000 0.0000
vn 0.0000 0.1306 -0.9914
vn -0.0000 0.1304 0.9915
vn 0.9914 0.1306 0.0000
vn 0.9914 0.1305 -0.0000
vn 0.9830 0.1297 0.1297
vn 0.9914 -0.0000 -0.1305
vn 0.9830 0.1297 -0.1297
vn -0.0000 0.1305 -0.9914
vn 0.1304 -0.0000 0.9915
vn 0.1296 0.1296 0.9831
vn 0.1305 -0.9914 -0.0000
vn 0.1305 -0.9915 -0.0000
vn -0.0000 -0.9915 -0.1305
vn 0.1296 -0.9831 -0.1296
vn 0.1296 -0.1296 0.9831
vn 0.1305 0.9914 0.0000
vn 0.9830 -0.1297 -0.1297
vn 0.0000 -0.9914 -0.1305
vn 0.0000 0.9914 -0.1306
vn -0.0000 0.9914 -0.1305
vn 0.1297 0.9830 -0.1297
vn 0.0000 -0.9914 0.1305
vn -0.0000 -0.9915 0.1305
vn 0.1296 -0.9831 0.1296
vn -0.0000 0.9914 0.1305
vn 0.1297 0.9830 0.1297
vn 0.1296 0.1297 -0.9830
vn 0.1216 0.4916 -0.8623
vn 0.4473 0.4474 -0.7744
vn 0.4916 0.1215 -0.8623
vn 0.1216 0.8623 -0.4916
vn 0.4473 0.7744 -0.4474
vn 0.4916 0.8623 -0.1216
vn 0.8623 0.4916 -0.1216
vn 0.7744 0.4473 -0.4474
vn 0.8623 0.1215 -0.4916
vn 0.1216 -0.4916 0.8623
vn 0.4473 -0.4474 0.7745
vn 0.4916 -0.1216 0.8623
vn 0.1216 -0.8623 0.4916
vn 0.4473 -0.7745 0.4474
vn 0.4916 -0.8623 0.1216
vn 0.8623 -0.4916 0.1216
vn 0.7744 -0.4473 0.4473
vn 0.8623 -0.1216 0.4916
vn 0.4916 0.1215 0.8623
vn 0.4474 0.4474 0.7744
vn 0.1216 0.4916 0.8623
vn 0.8623 0.1215 0.4916
vn 0.7744 0.4473 0.4474
vn 0.8623 0.4916 0.1216
vn 0.4916 0.8623 0.1216
vn 0.4473 0.7744 0.4474
vn 0.1216 0.8623 0.4916
vn 0.8623 -0.4916 -0.1216
vn 0.7744 -0.4474 -0.4473
vn 0.8623 -0.1216 -0.4916
vn 0.4916 -0.8623 -0.1216
vn 0.4473 -0.7745 -0.4474
vn 0.1216 -0.8623 -0.4916
vn 0.1216 -0.4916 -0.8623
vn 0.4473 -0.4474 -0.7745
vn 0.4916 -0.1216 -0.8623
vn 0.0000 0.4999 -0.8661
vn 0.0000 0.7070 -0.7072
vn -0.0000 0.9659 -0.2588
vn 0.0000 0.5000 -0.8660
vn 0.0000 0.9659 -0.2589
vn 0.0000 -0.8661 0.5000
vn 0.0000 -0.7072 0.7070
vn 0.0000 -0.2587 0.9660
vn 0.0000 -0.8661 0.4999
vn -0.0000 -0.2586 0.9660
vn 0.5000 -0.8660 0.0000
vn 0.7071 -0.7071 0.0000
vn 0.9659 -0.2588 -0.0000
vn 0.9659 -0.2589 -0.0000
vn 0.0000 0.2587 0.9660
vn 0.0000 0.7071 0.7071
vn 0.0000 0.8660 0.5000
vn -0.0000 0.2586 0.9660
vn 0.8661 0.5000 0.0000
vn 0.7072 0.7070 0.0000
vn 0.2588 0.9659 -0.0000
vn 0.8660 0.5000 0.0000
vn 0.2589 0.9659 0.0000
vn 0.0000 -0.8660 -0.5000
vn 0.0000 -0.7071 -0.7071
vn -0.0000 -0.2587 -0.9659
vn 0.0000 -0.2589 -0.9659
vn 0.2587 0.0000 -0.9659
vn 0.7071 -0.0000 -0.7071
vn 0.9659 0.0000 -0.2588
vn 0.2589 0.0000 -0.9659
vn 0.9659 0.0000 -0.2589
vn 0.5000 0.0000 0.8660
vn 0.7072 0.0000 0.7070
vn 0.9659 -0.0000 0.2588
vn 0.9659 -0.0000 0.2589
vn -0.1305 0.0000 -0.9915
vn -0.1305 0.0000 -0.9914
vn -0.1296 -0.1296 -0.9831
vn -0.9914 -0.1305 -0.0000
vn -1.0000 -0.0000 0.0000
vn -0.9915 -0.1305 0.0000
vn -0.9831 -0.1296 0.1296
vn -0.9915 0.0000 0.1305
vn -0.9914 0.1305 -0.0000
vn -0.9914 0.1306 0.0000
vn -0.9830 0.1296 0.1296
vn -0.9830 0.1296 -0.1296
vn -0.9915 -0.0000 -0.1305
vn -0.1296 0.1296 0.9831
vn -0.1304 -0.0000 0.9915
vn -0.1305 -0.9915 -0.0000
vn -0.1305 -0.9914 -0.0000
vn -0.1296 -0.9831 -0.1296
vn -0.1296 -0.1296 0.9831
vn -0.1305 0.9914 0.0000
vn -0.9831 -0.1296 -0.1296
vn -0.1297 0.9830 -0.1297
vn -0.9914 0.0000 -0.1305
vn -0.1296 -0.9831 0.1296
vn -0.9914 -0.0000 0.1305
vn -0.1297 0.9830 0.1297
vn -0.1296 0.1297 -0.9830
vn -0.4916 0.1216 -0.8623
vn -0.4473 0.4474 -0.7744
vn -0.1216 0.4916 -0.8623
vn -0.4473 0.7744 -0.4474
vn -0.1216 0.8623 -0.4916
vn -0.4916 0.8623 -0.1216
vn -0.7744 0.4474 -0.4474
vn -0.8623 0.4916 -0.1216
vn -0.8623 0.1216 -0.4916
vn -0.4916 -0.1216 0.8623
vn -0.4473 -0.4474 0.7745
vn -0.1216 -0.4916 0.8623
vn -0.4473 -0.7745 0.4474
vn -0.1216 -0.8623 0.4916
vn -0.4916 -0.8623 0.1216
vn -0.7744 -0.4474 0.4474
vn -0.8623 -0.4916 0.1216
vn -0.8623 -0.1216 0.4916
vn -0.1216 0.4916 0.8623
vn -0.4473 0.4474 0.7744
vn -0.4916 0.1216 0.8623
vn -0.7744 0.4474 0.4474
vn -0.8623 0.1216 0.4916
vn -0.8623 0.4916 0.1216
vn -0.4473 0.7744 0.4474
vn -0.4916 0.8623 0.1216
vn -0.1216 0.8623 0.4916
vn -0.8623 -0.1216 -0.4916
vn -0.7744 -0.4474 -0.4474
vn -0.8623 -0.4916 -0.1216
vn -0.4473 -0.7745 -0.4474
vn -0.4916 -0.8623 -0.1216
vn -0.1216 -0.8623 -0.4916
vn -0.4473 -0.4474 -0.7745
vn -0.1216 -0.4916 -0.8623
vn -0.4916 -0.1216 -0.8623
vn -0.5000 -0.8660 0.0000
vn -0.8660 -0.5000 0.0000
vn -0.8661 0.5000 0.0000
vn -0.7072 0.7071 0.0000
vn -0.2588 0.9659 -0.0000
vn -0.8660 0.5000 0.0000
vn -0.7072 0.7070 0.0000
vn -0.2589 0.9659 0.0000
vn -0.2587 0.0000 -0.9659
vn -0.8660 -0.0000 -0.5000
vn -0.7071 -0.0000 -0.7071
vn -0.2589 0.0000 -0.9659
vn -0.4999 0.0000 0.8661
vn -0.8661 0.0000 0.4999
vn -0.5000 -0.0000 0.8660
vn -0.8661 -0.0000 0.5000
vn -0.5000 -0.0000 0.8661
vn -0.1568 -0.9862 0.0526
vn -0.1302 -0.9915 0.0000
vn -0.1306 0.9914 -0.0000
vn -0.1305 0.9915 0.0000
vn -0.1309 0.9914 0.0000
vn -0.1303 0.0000 -0.9915
vn -0.1308 -0.0000 -0.9914
vn -0.1296 0.1296 -0.9831
vn -0.0000 0.1303 -0.9915
vn 0.0000 0.9915 -0.1304
vn -0.1298 0.9830 -0.1298
vn -0.9915 0.0000 -0.1303
vn 0.9947 -0.0978 0.0328
vn 0.9681 -0.2230 0.1142
vn 0.0000 0.9915 -0.1305
vn 0.9915 0.0000 -0.1303
vn 0.9831 0.1296 -0.1296
vn 0.9915 0.1303 -0.0000
vn 0.1306 0.9914 0.0000
vn 0.1298 0.9830 -0.1298
vn 0.1303 0.0000 -0.9915
vn -0.9915 -0.1303 0.0000
vn -0.9915 -0.0000 0.1303
vn -0.9914 -0.0000 0.1306
vn 0.9914 -0.1306 0.0000
vn -0.9915 0.1303 0.0000
vn 0.9831 0.1296 0.1296
vn 0.9915 0.0000 0.1303
vn 0.0000 0.1306 0.9914
vn 0.9915 -0.1303 0.0000
vn 0.9831 -0.1296 0.1296
vn 0.1302 -0.9915 0.0000
vn 0.1308 -0.9914 -0.0000
vn -0.0000 0.1307 -0.9914
vn 0.1296 0.1296 -0.9831
vn -0.9831 0.1296 -0.1296
vn -0.1307 0.9914 0.0000
vn 0.1295 -0.9831 0.1296
vn 0.0000 -0.9915 0.1302
vn -0.0000 -0.9915 0.1303
vn 0.9914 0.0000 0.1306
vn 0.0000 0.9915 0.1305
vn 0.1298 0.9830 0.1298
vn 0.0000 0.9914 0.1306
vn -0.1294 0.9831 0.1299
vn -0.1306 -0.9914 -0.0000
vn -0.1295 -0.9831 0.1296
vn 0.0000 0.1303 0.9915
vn 0.1565 -0.9863 0.0525
vn 0.1306 -0.9914 -0.0000
vn 0.1306 -0.0000 0.9914
vn 0.1296 0.1295 0.9831
vn 0.1305 -0.0000 0.9915
vn 0.1295 -0.1295 0.9831
vn 0.0000 -0.1306 0.9914
vn -0.1295 -0.1295 0.9831
vn -0.1305 0.0000 0.9915
vn -0.1306 -0.0000 0.9914
vn -0.1296 0.1295 0.9831
vn -0.9947 -0.0978 0.0328
vn -0.0000 -0.1307 0.9914
vn -0.9831 0.1296 0.1296
vn -0.4672 -0.8677 0.1695
vn -0.9681 -0.2230 0.1142
vn -0.8677 -0.4673 0.1695
vn -0.1215 0.8623 -0.4917
vn -0.4476 0.7742 -0.4475
vn -0.4916 0.8623 -0.1218
vn -0.1215 0.4917 -0.8622
vn -0.4474 0.4471 -0.7745
vn -0.4915 0.1215 -0.8624
vn -0.8623 0.1215 -0.4915
vn -0.7744 0.4473 -0.4474
vn -0.8623 0.4916 -0.1215
vn 0.8676 -0.4674 0.1696
vn 0.4673 -0.8677 0.1697
vn 0.4917 0.8623 -0.1215
vn 0.4473 0.7745 -0.4473
vn 0.1217 0.8623 -0.4915
vn 0.8623 0.4917 -0.1215
vn 0.7744 0.4474 -0.4474
vn 0.8623 0.1215 -0.4915
vn 0.4915 0.1215 -0.8623
vn 0.1215 0.4917 -0.8622
vn -0.8624 -0.4915 0.1214
vn -0.7744 -0.4473 0.4474
vn -0.8623 -0.1214 0.4916
vn -0.4915 -0.8624 0.1214
vn -0.4473 -0.7743 0.4476
vn -0.1214 -0.8623 0.4916
vn -0.1218 -0.4917 0.8622
vn -0.4474 -0.4474 0.7743
vn -0.4915 -0.1213 0.8624
vn -0.8623 0.1215 0.4916
vn -0.7743 0.4475 0.4474
vn -0.8623 0.4916 0.1215
vn -0.4916 0.1214 0.8623
vn -0.4474 0.4473 0.7744
vn -0.1220 0.4916 0.8622
vn -0.4476 0.7742 0.4476
vn -0.4916 0.8623 0.1215
vn 0.8623 0.4916 0.1215
vn 0.7744 0.4473 0.4475
vn 0.4916 0.8623 0.1218
vn 0.4476 0.7741 0.4477
vn 0.1217 0.8623 0.4916
vn 0.1215 0.4917 0.8622
vn 0.4474 0.4473 0.7745
vn 0.8623 -0.1214 0.4916
vn 0.7743 -0.4474 0.4475
vn 0.4916 -0.1213 0.8624
vn 0.4474 -0.4474 0.7744
vn 0.1218 -0.4917 0.8622
vn 0.1214 -0.8623 0.4916
vn 0.4473 -0.7744 0.4475
vn 0.4915 -0.8624 0.1213
vn -0.7071 0.7071 0.0000
vn -0.8659 0.5003 0.0000
vn -0.8659 0.5002 -0.0000
vn -0.7071 0.0001 -0.7071
vn -0.8661 0.0000 -0.4998
vn -0.2588 -0.0000 -0.9659
vn -0.8662 0.0000 -0.4998
vn -0.8660 -0.0000 -0.5001
vn -0.2587 0.0000 -0.9660
vn 0.0000 0.8660 -0.5000
vn -0.0000 0.5003 -0.8659
vn -0.0000 0.7072 -0.7071
vn 0.8661 0.0000 -0.4999
vn 0.7071 0.0001 -0.7071
vn 0.2584 0.0000 -0.9660
vn 0.8661 0.0000 -0.4998
vn 0.8660 -0.0000 -0.5001
vn 0.2583 0.0000 -0.9661
vn 0.2587 0.9659 0.0000
vn 0.7071 0.7071 0.0000
vn 0.8659 0.5002 -0.0000
vn 0.8659 0.5003 0.0000
vn 0.8661 0.4999 0.0000
vn -0.2587 0.0000 0.9660
vn -0.7070 -0.0000 0.7072
vn -0.8659 -0.0000 0.5002
vn -0.8659 0.0000 0.5003
vn -0.7071 0.0000 0.7071
vn 0.2587 -0.0000 0.9660
vn 0.7071 0.0000 0.7071
vn 0.8659 0.0000 0.5002
vn 0.7070 0.0000 0.7072
vn 0.8659 0.0000 0.5003
vn -0.0000 -0.9660 0.2584
vn -0.0000 -0.5000 0.8660
vn 0.0000 -0.9661 0.2582
vn -0.0000 -0.7069 0.7073
vn 0.0000 -0.4999 0.8661
vn 0.0000 -0.9661 0.2583
vn -0.0000 0.8658 0.5004
vn -0.0000 0.5004 0.8658
vn -0.0000 0.9659 0.2588
vn -0.0000 0.5002 0.8659
vn 0.0000 0.8658 0.5003
vn -0.2587 0.9659 -0.0000
vn 0.7070 0.7072 -0.0000
vn 0.4998 -0.8661 0.0000
vn 0.7071 -0.7071 0.0001
vn 0.4998 -0.8662 0.0000
vn 0.7072 -0.7071 0.0000
vn 0.9660 -0.2586 0.0000
vn -0.5001 -0.8660 0.0000
vn -0.7072 -0.7070 0.0000
vn -0.9659 -0.2588 -0.0000
vn -0.4998 -0.8661 0.0000
vn -0.9660 -0.2587 -0.0000
vn -0.7072 -0.7071 0.0001
vn 0.1567 -0.9863 0.0524
vn 0.1305 0.9915 0.0000
vn 0.1311 0.9914 0.0000
vn 0.1308 -0.0000 -0.9914
vn 0.1306 -0.0000 -0.9914
vn 0.1298 0.9830 -0.1299
vn -0.1304 0.9915 -0.0000
vn -0.9914 -0.1306 -0.0000
vn 0.0000 0.1311 0.9914
vn -0.1308 -0.9914 -0.0000
vn 0.1307 0.9914 0.0000
vn -0.1294 0.9831 0.1297
vn 0.1295 0.9831 0.1296
vn -0.1566 -0.9863 0.0524
vn -0.1307 0.0000 -0.9914
vn -0.1298 0.1298 0.9830
vn -0.1305 0.0000 0.9914
vn -0.1298 -0.1298 0.9830
vn 0.0000 -0.1309 0.9914
vn 0.1298 -0.1298 0.9830
vn 0.1298 0.1298 0.9830
vn 0.4670 -0.8679 0.1693
vn 0.8679 -0.4670 0.1694
vn 0.4474 0.7745 -0.4471
vn 0.1215 0.8623 -0.4917
vn 0.4473 0.4473 -0.7745
vn 0.4915 0.1215 -0.8624
vn 0.7745 0.4473 -0.4473
vn 0.8622 0.1217 -0.4917
vn 0.8623 0.4916 -0.1215
vn -0.8676 -0.4674 0.1697
vn -0.4674 -0.8677 0.1696
vn -0.4474 0.7744 -0.4474
vn -0.4917 0.8623 -0.1215
vn -0.7744 0.4472 -0.4475
vn -0.4473 0.4472 -0.7746
vn -0.4915 0.1215 -0.8623
vn -0.1215 0.4917 -0.8623
vn 0.8623 -0.4916 0.1217
vn 0.4473 -0.7743 0.4476
vn 0.4916 -0.8623 0.1218
vn 0.4474 -0.4475 0.7743
vn 0.1217 -0.4916 0.8623
vn 0.4916 -0.1213 0.8623
vn 0.7745 0.4472 0.4474
vn 0.8624 0.1219 0.4914
vn 0.4474 0.4473 0.7744
vn 0.4916 0.1214 0.8623
vn 0.4474 0.7745 0.4471
vn 0.1215 0.8622 0.4918
vn 0.4916 0.8623 0.1215
vn -0.7745 0.4472 0.4475
vn -0.4476 0.7741 0.4477
vn -0.1215 0.8622 0.4918
vn -0.4473 0.4474 0.7745
vn -0.1215 0.4917 0.8622
vn -0.4916 0.1215 0.8623
vn -0.8624 -0.4915 0.1213
vn -0.7746 -0.4471 0.4473
vn -0.4472 -0.4471 0.7747
vn -0.4915 -0.1217 0.8623
vn -0.1214 -0.4916 0.8623
vn -0.4472 -0.7745 0.4473
vn -0.1217 -0.8623 0.4916
vn -0.4916 -0.8622 0.1218
vn 0.2587 0.9660 -0.0000
vn 0.4998 0.0000 -0.8661
vn 0.9661 0.0000 -0.2584
vn -0.0000 0.9658 -0.2592
vn 0.0000 0.7073 -0.7069
vn -0.0000 0.7071 -0.7071
vn -0.0000 0.7073 -0.7070
vn -0.9659 -0.0000 -0.2588
vn -0.4998 0.0000 -0.8661
vn -0.4998 0.0000 -0.8662
vn -0.5001 0.0000 -0.8660
vn -0.9661 0.0000 -0.2584
vn -0.7071 0.7072 0.0000
vn -0.9660 0.2585 -0.0000
vn -0.7070 0.7072 -0.0000
vn -0.9660 0.2584 0.0000
vn -0.9660 0.2587 0.0000
vn 0.2586 0.0000 0.9660
vn 0.2587 -0.0000 0.9659
vn 0.2588 -0.0000 0.9659
vn -0.9660 0.0000 0.2585
vn -0.9659 -0.0000 0.2588
vn -0.9660 -0.0000 0.2584
vn -0.0000 -0.7070 0.7072
vn -0.0000 -0.8659 0.5001
vn 0.0000 0.5001 0.8660
vn 0.0000 0.7072 0.7070
vn -0.0000 0.9658 0.2592
vn -0.5000 0.8660 0.0000
vn -0.9661 0.2583 0.0000
vn -0.2588 -0.9659 -0.0000
vn -0.7071 -0.7071 0.0001
vn -0.9660 -0.2584 0.0000
vn -0.4998 -0.8662 0.0000
vn -0.7071 -0.7071 0.0000
vn -0.7072 -0.7071 0.0000
vn -0.9661 -0.2583 0.0000
vn 0.2588 -0.9659 -0.0000
vn 0.8662 -0.4997 0.0000
vn 0.7072 -0.7070 0.0000
vn 0.2583 -0.9661 0.0000
vn 0.8660 -0.5001 0.0000
vn 0.2584 -0.9660 0.0000
vn 0.8661 -0.4998 0.0000
vn 0.7072 -0.7071 0.0001
usemtl Fridge_Body
s 1
f 1/1/1 2/2/1 3/3/1 4/4/1
f 2/2/1 5/5/1 6/6/1 3/3/1
f 4/4/1 3/3/1 7/7/1 8/8/1
f 3/3/1 6/6/1 9/9/1 7/7/1
f 10/10/2 11/11/2 12/12/3 13/13/3
f 14/14/1 15/15/1 2/2/1 1/1/1
f 15/15/1 16/16/1 5/5/1 2/2/1
f 17/17/4 18/18/4 19/19/5 20/20/5
f 21/21/6 22/22/3 23/23/3 24/24/7
f 25/25/2 10/10/2 13/13/3 26/26/3
f 27/27/8 28/28/9 22/22/3 21/21/6
f 18/18/4 29/29/4 30/30/5 19/19/5
f 31/31/10 32/32/10 33/33/11 34/34/11
f 35/35/12 36/36/10 37/37/11 38/38/13
f 36/36/10 31/31/10 34/34/11 37/37/11
f 39/39/14 40/40/14 41/41/4 42/42/4
f 43/43/15 44/44/15 45/45/15 46/46/15
f 44/44/15 47/47/15 48/48/15 45/45/15
f 46/46/15 45/45/15 49/49/15 50/50/15
f 45/45/15 48/48/15 51/51/15 49/49/15
f 52/52/3 53/53/3 54/54/16 55/55/16
f 29/29/4 56/56/4 57/57/17 30/30/5
f 58/58/11 59/59/11 60/60/18 61/61/19
f 62/62/13 58/58/11 61/61/19 63/63/20
f 59/59/11 64/64/11 65/65/19 60/60/18
f 28/28/9 25/25/2 26/26/3 22/22/3
f 64/64/11 66/66/21 67/67/22 65/65/19
f 68/68/3 52/52/3 55/55/16 69/69/16
f 70/70/14 39/39/14 42/42/4 71/71/4
f 72/72/3 68/68/3 69/69/16 73/73/23
f 74/74/15 46/46/15 50/50/15 75/75/15
f 76/76/15 43/43/15 46/46/15 74/74/15
f 37/37/11 34/34/11 77/77/11 78/78/11
f 34/34/11 33/33/11 79/79/11 77/77/11
f 78/78/11 77/77/11 59/59/11 58/58/11
f 77/77/11 79/79/11 64/64/11 59/59/11
f 56/56/4 80/80/24 81/81/25 57/57/17
f 8/8/1 7/7/1 82/82/26 83/83/27
f 7/7/1 9/9/1 84/84/27 82/82/26
f 9/9/1 85/85/28 86/86/29 84/84/27
f 24/24/7 23/23/3 72/72/3 87/87/6
f 88/88/4 89/89/24 80/80/24 56/56/4
f 40/40/14 90/90/30 91/91/24 41/41/4
f 48/48/15 92/92/31 93/93/31 51/51/15
f 47/47/15 94/94/31 92/92/31 48/48/15
f 32/32/10 95/95/32 96/96/21 33/33/11
f 41/41/4 91/91/24 89/89/24 88/88/4
f 22/22/3 26/26/3 97/97/3 23/23/3
f 26/26/3 13/13/3 98/98/3 97/97/3
f 23/23/3 97/97/3 68/68/3 72/72/3
f 97/97/3 98/98/3 52/52/3 68/68/3
f 99/99/14 70/70/14 71/71/4 100/100/4
f 6/6/1 101/101/33 85/85/28 9/9/1
f 5/5/1 102/102/33 101/101/33 6/6/1
f 16/16/1 103/103/33 102/102/33 5/5/1
f 13/13/3 12/12/3 104/104/3 98/98/3
f 98/98/3 104/104/3 53/53/3 52/52/3
f 75/75/15 50/50/15 105/105/34 106/106/34
f 50/50/15 49/49/15 107/107/34 105/105/34
f 49/49/15 51/51/15 108/108/35 107/107/34
f 51/51/15 93/93/31 109/109/36 108/108/35
f 79/79/11 110/110/21 66/66/21 64/64/11
f 33/33/11 96/96/21 110/110/21 79/79/11
f 71/71/4 42/42/4 111/111/4 112/112/4
f 42/42/4 41/41/4 88/88/4 111/111/4
f 112/112/4 111/111/4 29/29/4 18/18/4
f 111/111/4 88/88/4 56/56/4 29/29/4
f 113/113/37 14/14/1 1/1/1 114/114/37
f 114/114/37 1/1/1 4/4/1 115/115/37
f 115/115/37 4/4/1 8/8/1 116/116/38
f 116/116/38 8/8/1 83/83/27 117/117/39
f 38/38/13 37/37/11 78/78/11 118/118/13
f 118/118/13 78/78/11 58/58/11 62/62/13
f 119/119/40 120/120/41 94/94/31 47/47/15
f 121/121/40 119/119/40 47/47/15 44/44/15
f 122/122/40 121/121/40 44/44/15 43/43/15
f 123/123/40 122/122/40 43/43/15 76/76/15
f 124/124/4 112/112/4 18/18/4 17/17/4
f 100/100/4 71/71/4 112/112/4 124/124/4
f 125/125/42 126/126/43 127/127/44 128/128/45
f 126/126/43 129/129/46 130/130/47 127/127/44
f 109/131/36 131/132/48 130/130/47 129/129/46
f 131/132/48 132/133/49 133/134/50 130/130/47
f 67/135/22 134/136/51 133/134/50 132/133/49
f 134/136/51 128/128/45 127/127/44 133/134/50
f 127/127/44 130/130/47 133/134/50
f 90/137/30 135/138/52 136/139/53 137/140/54
f 135/138/52 138/141/55 139/142/56 136/139/53
f 117/117/39 140/143/57 139/142/56 138/141/55
f 140/143/57 141/144/58 142/145/59 139/142/56
f 35/146/12 143/147/60 142/145/59 141/144/58
f 143/147/60 137/140/54 136/139/53 142/145/59
f 136/139/53 139/142/56 142/145/59
f 81/148/25 144/149/61 145/150/62 146/151/63
f 144/149/61 147/152/64 148/153/65 145/150/62
f 63/154/20 149/155/66 148/153/65 147/152/64
f 149/155/66 150/156/67 151/157/68 148/153/65
f 120/120/41 152/158/69 151/157/68 150/156/67
f 152/158/69 146/151/63 145/150/62 151/157/68
f 145/150/62 148/153/65 151/157/68
f 95/159/32 153/160/70 154/161/71 155/162/72
f 153/160/70 156/163/73 157/164/74 154/161/71
f 86/165/29 158/166/75 157/164/74 156/163/73
f 158/166/75 159/167/76 160/168/77 157/164/74
f 27/27/8 161/169/78 160/168/77 159/167/76
f 161/169/78 155/162/72 154/161/71 160/168/77
f 154/161/71 157/164/74 160/168/77
f 125/125/42 73/73/23 162/170/79 126/126/43
f 126/126/43 162/170/79 163/171/80 129/129/46
f 129/129/46 163/171/81 108/172/35 109/131/36
f 73/73/23 69/69/16 164/173/82 162/170/79
f 162/170/79 164/173/82 165/174/80 163/171/80
f 163/171/81 165/174/83 107/175/34 108/172/35
f 69/69/16 55/55/16 166/176/82 164/173/82
f 164/173/82 166/176/82 167/177/80 165/174/80
f 165/174/83 167/177/83 105/178/34 107/175/34
f 55/55/16 54/54/16 168/179/82 166/176/82
f 166/176/82 168/179/82 169/180/80 167/177/80
f 167/177/83 169/180/83 106/181/34 105/178/34
f 113/113/37 114/114/37 170/182/84 171/183/84
f 171/183/84 170/182/84 172/184/85 173/185/85
f 173/185/86 172/184/86 70/186/14 99/187/14
f 114/114/37 115/115/37 174/188/84 170/182/84
f 170/182/84 174/188/84 175/189/85 172/184/85
f 172/184/86 175/189/86 39/190/14 70/186/14
f 115/115/37 116/116/38 176/191/87 174/188/84
f 174/188/84 176/191/87 177/192/85 175/189/85
f 175/189/86 177/192/88 40/193/14 39/190/14
f 116/116/38 117/117/39 138/141/55 176/191/87
f 176/191/87 138/141/55 135/138/52 177/192/85
f 177/192/88 135/138/52 90/137/30 40/193/14
f 117/117/39 83/83/27 178/194/89 140/143/57
f 140/143/57 178/194/89 179/195/90 141/144/58
f 141/144/58 179/195/91 36/196/10 35/146/12
f 83/83/27 82/82/26 180/197/89 178/194/89
f 178/194/89 180/197/89 181/198/90 179/195/90
f 179/195/91 181/198/92 31/199/10 36/196/10
f 82/82/26 84/84/27 182/200/89 180/197/89
f 180/197/89 182/200/89 183/201/90 181/198/90
f 181/198/92 183/201/91 32/202/10 31/199/10
f 84/84/27 86/86/29 156/203/73 182/200/89
f 182/200/89 156/203/73 153/204/70 183/201/90
f 183/201/91 153/204/70 95/205/32 32/202/10
f 20/206/5 19/207/5 184/208/93 185/209/93
f 185/209/94 184/208/94 186/210/95 187/211/95
f 187/211/95 186/210/95 122/122/40 123/123/40
f 19/207/5 30/212/5 188/213/93 184/208/93
f 184/208/94 188/213/94 189/214/95 186/210/95
f 186/210/95 189/214/95 121/121/40 122/122/40
f 30/212/5 57/215/17 190/216/96 188/213/93
f 188/213/94 190/216/94 191/217/95 189/214/95
f 189/214/95 191/217/95 119/119/40 121/121/40
f 57/215/17 81/148/25 146/151/63 190/216/96
f 190/216/94 146/151/63 152/158/69 191/217/95
f 191/217/95 152/158/69 120/120/41 119/119/40
f 63/154/20 61/218/19 192/219/97 149/155/66
f 149/155/66 192/219/97 193/220/98 150/156/67
f 150/156/67 193/220/99 94/94/31 120/120/41
f 61/218/19 60/221/18 194/222/100 192/219/97
f 192/219/97 194/222/100 195/223/98 193/220/98
f 193/220/99 195/223/101 92/92/31 94/94/31
f 60/221/18 65/224/19 196/225/97 194/222/100
f 194/222/100 196/225/97 197/226/98 195/223/98
f 195/223/101 197/226/99 93/93/31 92/92/31
f 65/224/19 67/227/22 132/228/49 196/225/97
f 196/225/97 132/228/49 131/229/48 197/226/98
f 197/226/99 131/229/48 109/109/36 93/93/31
f 86/165/29 85/230/28 198/231/102 158/166/75
f 158/166/75 198/231/102 199/232/103 159/167/76
f 159/167/76 199/232/104 28/28/9 27/27/8
f 85/230/28 101/233/33 200/234/102 198/231/102
f 198/231/102 200/234/102 201/235/103 199/232/103
f 199/232/104 201/235/105 25/25/2 28/28/9
f 101/233/33 102/236/33 202/237/102 200/234/102
f 200/234/102 202/237/102 203/238/103 201/235/103
f 201/235/105 203/238/105 10/10/2 25/25/2
f 102/236/33 103/239/33 204/240/102 202/237/102
f 202/237/102 204/240/102 205/241/103 203/238/103
f 203/238/105 205/241/105 11/11/2 10/10/2
f 27/27/8 21/21/6 206/242/106 161/169/78
f 161/169/78 206/242/107 207/243/107 155/162/72
f 155/162/72 207/243/108 96/244/21 95/159/32
f 21/21/6 24/24/7 208/245/109 206/242/106
f 206/242/107 208/245/107 209/246/107 207/243/107
f 207/243/108 209/246/110 110/247/21 96/244/21
f 24/24/7 87/87/6 210/248/106 208/245/109
f 208/245/107 210/248/107 211/249/107 209/246/107
f 209/246/110 211/249/108 66/250/21 110/247/21
f 87/87/6 125/125/42 128/128/45 210/248/106
f 210/248/107 128/128/45 134/136/51 211/249/107
f 211/249/108 134/136/51 67/135/22 66/250/21
f 81/81/25 80/80/24 212/251/111 144/252/61
f 144/253/61 212/254/111 213/255/112 147/256/64
f 147/256/64 213/255/113 62/62/13 63/63/20
f 80/80/24 89/89/24 214/257/111 212/251/111
f 212/254/111 214/258/111 215/259/112 213/255/112
f 213/255/113 215/259/114 118/118/13 62/62/13
f 89/89/24 91/91/24 216/260/111 214/257/111
f 214/258/111 216/261/111 217/262/112 215/259/112
f 215/259/114 217/262/113 38/38/13 118/118/13
f 91/91/24 90/90/30 137/263/54 216/260/111
f 216/261/111 137/264/54 143/265/60 217/262/112
f 217/262/113 143/265/60 35/35/12 38/38/13
f 87/87/6 72/72/3 73/73/23 125/125/42
f 218/266/1 219/267/1 220/268/1 221/269/1
f 221/269/1 220/268/1 222/270/1 223/271/1
f 219/267/1 224/272/1 225/273/1 220/268/1
f 220/268/1 225/273/1 226/274/1 222/270/1
f 227/275/2 228/276/3 12/12/3 11/11/2
f 14/14/1 218/266/1 221/269/1 15/15/1
f 15/15/1 221/269/1 223/271/1 16/16/1
f 17/17/4 20/20/5 229/277/5 230/278/4
f 231/279/115 232/280/116 233/281/3 234/282/3
f 235/283/2 236/284/3 228/276/3 227/275/2
f 237/285/117 231/279/115 234/282/3 238/286/9
f 230/278/4 229/277/5 239/287/5 240/288/4
f 241/289/118 242/290/119 243/291/119 244/292/120
f 245/293/121 246/294/122 247/295/119 248/296/120
f 248/296/120 247/295/119 242/290/119 241/289/118
f 249/297/14 250/298/4 251/299/4 252/300/14
f 253/301/15 254/302/15 255/303/15 256/304/15
f 256/304/15 255/303/15 257/305/15 258/306/15
f 254/302/15 259/307/15 260/308/15 255/303/15
f 255/303/15 260/308/15 261/309/15 257/305/15
f 262/310/3 263/311/16 54/54/16 53/53/3
f 240/288/4 239/287/5 264/312/17 265/313/4
f 266/314/119 267/315/123 268/316/124 269/317/119
f 270/318/122 271/319/125 267/315/123 266/314/119
f 269/317/119 268/316/124 272/320/123 273/321/119
f 238/286/9 234/282/3 236/284/3 235/283/2
f 273/321/119 272/320/123 274/322/126 275/323/127
f 276/324/3 277/325/16 263/311/16 262/310/3
f 278/326/14 279/327/4 250/298/4 249/297/14
f 280/328/3 281/329/23 277/325/16 276/324/3
f 74/74/15 75/75/15 259/307/15 254/302/15
f 76/76/15 74/74/15 254/302/15 253/301/15
f 247/295/119 282/330/119 283/331/119 242/290/119
f 242/290/119 283/331/119 284/332/119 243/291/119
f 282/330/119 266/314/119 269/317/119 283/331/119
f 283/331/119 269/317/119 273/321/119 284/332/119
f 265/313/4 264/312/17 285/333/128 286/334/129
f 224/272/1 287/335/130 288/336/131 225/273/1
f 225/273/1 288/336/131 289/337/130 226/274/1
f 226/274/1 289/337/130 290/338/132 291/339/28
f 232/280/116 292/340/115 280/328/3 233/281/3
f 293/341/4 265/313/4 286/334/129 294/342/129
f 252/300/14 251/299/4 295/343/129 296/344/133
f 257/305/15 261/309/15 297/345/134 298/346/134
f 258/306/15 257/305/15 298/346/134 299/347/134
f 244/292/120 243/291/119 300/348/127 301/349/135
f 251/299/4 293/341/4 294/342/129 295/343/129
f 234/282/3 233/281/3 302/350/3 236/284/3
f 236/284/3 302/350/3 303/351/3 228/276/3
f 233/281/3 280/328/3 276/324/3 302/350/3
f 302/350/3 276/324/3 262/310/3 303/351/3
f 99/99/14 100/100/4 279/327/4 278/326/14
f 222/270/1 226/274/1 291/339/28 304/352/33
f 223/271/1 222/270/1 304/352/33 305/353/33
f 16/16/1 223/271/1 305/353/33 103/103/33
f 228/276/3 303/351/3 104/104/3 12/12/3
f 303/351/3 262/310/3 53/53/3 104/104/3
f 75/75/15 106/106/34 306/354/34 259/307/15
f 259/307/15 306/354/34 307/355/35 260/308/15
f 260/308/15 307/355/35 308/356/35 261/309/15
f 261/309/15 308/356/35 309/357/136 297/345/134
f 284/332/119 273/321/119 275/323/127 310/358/137
f 243/291/119 284/332/119 310/358/137 300/348/127
f 279/327/4 311/359/4 312/360/4 250/298/4
f 250/298/4 312/360/4 293/341/4 251/299/4
f 311/359/4 230/278/4 240/288/4 312/360/4
f 312/360/4 240/288/4 265/313/4 293/341/4
f 113/113/37 313/361/37 218/266/1 14/14/1
f 313/361/37 314/362/37 219/267/1 218/266/1
f 314/362/37 315/363/38 224/272/1 219/267/1
f 315/363/38 316/364/138 287/335/130 224/272/1
f 246/294/122 317/365/139 282/330/119 247/295/119
f 317/365/139 270/318/122 266/314/119 282/330/119
f 318/366/40 258/306/15 299/347/134 319/367/140
f 320/368/40 256/304/15 258/306/15 318/366/40
f 321/369/40 253/301/15 256/304/15 320/368/40
f 123/123/40 76/76/15 253/301/15 321/369/40
f 124/124/4 17/17/4 230/278/4 311/359/4
f 100/100/4 124/124/4 311/359/4 279/327/4
f 322/370/141 323/371/142 324/372/143 325/373/144
f 325/373/144 324/372/143 326/374/145 327/375/146
f 309/376/136 327/375/146 326/374/145 328/377/147
f 328/377/147 326/374/145 329/378/148 330/379/149
f 274/380/126 330/379/149 329/378/148 331/381/150
f 331/381/150 329/378/148 324/372/143 323/371/142
f 324/372/143 329/378/148 326/374/145
f 296/382/133 332/383/151 333/384/152 334/385/153
f 334/385/153 333/384/152 335/386/154 336/387/155
f 316/364/138 336/387/155 335/386/154 337/388/156
f 337/388/156 335/386/154 338/389/157 339/390/158
f 245/391/121 339/390/158 338/389/157 340/392/159
f 340/392/159 338/389/157 333/384/152 332/383/151
f 333/384/152 338/389/157 335/386/154
f 285/393/128 341/394/160 342/395/161 343/396/162
f 343/396/162 342/395/161 344/397/163 345/398/164
f 271/399/125 345/398/164 344/397/163 346/400/165
f 346/400/165 344/397/163 347/401/166 348/402/167
f 319/367/140 348/402/167 347/401/166 349/403/168
f 349/403/168 347/401/166 342/395/161 341/394/160
f 342/395/161 347/401/166 344/397/163
f 301/404/135 350/405/169 351/406/170 352/407/171
f 352/407/171 351/406/170 353/408/172 354/409/173
f 290/410/132 354/409/173 353/408/172 355/411/174
f 355/411/174 353/408/172 356/412/175 357/413/176
f 237/285/117 357/413/176 356/412/175 358/414/177
f 358/414/177 356/412/175 351/406/170 350/405/169
f 351/406/170 356/412/175 353/408/172
f 322/370/141 325/373/144 359/415/79 281/329/23
f 325/373/144 327/375/146 360/416/80 359/415/79
f 327/375/146 309/376/136 308/417/35 360/416/81
f 281/329/23 359/415/79 361/418/82 277/325/16
f 359/415/79 360/416/80 362/419/80 361/418/82
f 360/416/81 308/417/35 307/420/35 362/419/83
f 277/325/16 361/418/82 363/421/82 263/311/16
f 361/418/82 362/419/80 364/422/80 363/421/82
f 362/419/83 307/420/35 306/423/34 364/422/83
f 263/311/16 363/421/82 168/179/82 54/54/16
f 363/421/82 364/422/80 169/180/80 168/179/82
f 364/422/83 306/423/34 106/181/34 169/180/83
f 113/113/37 171/183/84 365/424/84 313/361/37
f 171/183/84 173/185/85 366/425/85 365/424/84
f 173/185/86 99/187/14 278/426/14 366/425/86
f 313/361/37 365/424/84 367/427/84 314/362/37
f 365/424/84 366/425/85 368/428/85 367/427/84
f 366/425/86 278/426/14 249/429/14 368/428/86
f 314/362/37 367/427/84 369/430/87 315/363/38
f 367/427/84 368/428/85 370/431/85 369/430/87
f 368/428/86 249/429/14 252/432/14 370/431/88
f 315/363/38 369/430/87 336/387/155 316/364/138
f 369/430/87 370/431/85 334/385/153 336/387/155
f 370/431/88 252/432/14 296/382/133 334/385/153
f 316/364/138 337/388/156 371/433/178 287/335/130
f 337/388/156 339/390/158 372/434/179 371/433/178
f 339/390/158 245/391/121 248/435/120 372/434/179
f 287/335/130 371/433/178 373/436/178 288/336/131
f 371/433/178 372/434/179 374/437/179 373/436/178
f 372/434/179 248/435/120 241/438/118 374/437/179
f 288/336/131 373/436/178 375/439/178 289/337/130
f 373/436/178 374/437/179 376/440/179 375/439/178
f 374/437/179 241/438/118 244/441/120 376/440/179
f 289/337/130 375/439/178 354/442/173 290/338/132
f 375/439/178 376/440/179 352/443/171 354/442/173
f 376/440/179 244/441/120 301/444/135 352/443/171
f 20/206/5 185/209/93 377/445/93 229/446/5
f 185/209/94 187/211/95 378/447/95 377/445/94
f 187/211/95 123/123/40 321/369/40 378/447/95
f 229/446/5 377/445/93 379/448/93 239/449/5
f 377/445/94 378/447/95 380/450/95 379/448/94
f 378/447/95 321/369/40 320/368/40 380/450/95
f 239/449/5 379/448/93 381/451/96 264/452/17
f 379/448/94 380/450/95 382/453/95 381/451/94
f 380/450/95 320/368/40 318/366/40 382/453/95
f 264/452/17 381/451/96 341/394/160 285/393/128
f 381/451/94 382/453/95 349/403/168 341/394/160
f 382/453/95 318/366/40 319/367/140 349/403/168
f 271/399/125 346/400/165 383/454/180 267/455/123
f 346/400/165 348/402/167 384/456/181 383/454/180
f 348/402/167 319/367/140 299/347/134 384/456/182
f 267/455/123 383/454/180 385/457/183 268/458/124
f 383/454/180 384/456/181 386/459/184 385/457/183
f 384/456/182 299/347/134 298/346/134 386/459/185
f 268/458/124 385/457/183 387/460/180 272/461/123
f 385/457/183 386/459/184 388/462/181 387/460/180
f 386/459/185 298/346/134 297/345/134 388/462/182
f 272/461/123 387/460/180 330/463/149 274/464/126
f 387/460/180 388/462/181 328/465/147 330/463/149
f 388/462/182 297/345/134 309/357/136 328/465/147
f 290/410/132 355/411/174 389/466/102 291/467/28
f 355/411/174 357/413/176 390/468/103 389/466/102
f 357/413/176 237/285/117 238/286/9 390/468/104
f 291/467/28 389/466/102 391/469/102 304/470/33
f 389/466/102 390/468/103 392/471/103 391/469/102
f 390/468/104 238/286/9 235/283/2 392/471/105
f 304/470/33 391/469/102 393/472/102 305/473/33
f 391/469/102 392/471/103 394/474/103 393/472/102
f 392/471/105 235/283/2 227/275/2 394/474/105
f 305/473/33 393/472/102 204/240/102 103/239/33
f 393/472/102 394/474/103 205/241/103 204/240/102
f 394/474/105 227/275/2 11/11/2 205/241/105
f 237/285/117 358/414/177 395/475/186 231/279/115
f 358/414/177 350/405/169 396/476/187 395/475/188
f 350/405/169 301/404/135 300/477/127 396/476/187
f 231/279/115 395/475/186 397/478/189 232/280/116
f 395/475/188 396/476/187 398/479/187 397/478/188
f 396/476/187 300/477/127 310/480/137 398/479/187
f 232/280/116 397/478/189 399/481/186 292/340/115
f 397/478/188 398/479/187 400/482/187 399/481/188
f 398/479/187 310/480/137 275/483/127 400/482/187
f 292/340/115 399/481/186 323/371/142 322/370/141
f 399/481/188 400/482/187 331/381/150 323/371/142
f 400/482/187 275/483/127 274/380/126 331/381/150
f 285/333/128 343/484/162 401/485/190 286/334/129
f 343/486/162 345/487/164 402/488/191 401/489/190
f 345/487/164 271/319/125 270/318/122 402/488/191
f 286/334/129 401/485/190 403/490/192 294/342/129
f 401/489/190 402/488/191 404/491/193 403/492/192
f 402/488/191 270/318/122 317/365/139 404/491/193
f 294/342/129 403/490/192 405/493/194 295/343/129
f 403/492/192 404/491/193 406/494/191 405/495/194
f 404/491/193 317/365/139 246/294/122 406/494/191
f 295/343/129 405/493/194 332/496/151 296/344/133
f 405/495/194 406/494/191 340/497/159 332/498/151
f 406/494/191 246/294/122 245/293/121 340/497/159
f 292/340/115 322/370/141 281/329/23 280/328/3
usemtl Doors_Conector
f 407/499/119 408/500/119 409/501/119 410/502/119
f 408/500/119 411/503/119 412/504/119 409/501/119
f 410/502/119 409/501/119 413/505/119 414/506/119
f 409/501/119 412/504/119 415/507/119 413/505/119
f 416/508/195 417/509/1 418/510/1 419/511/196
f 420/512/119 421/513/119 408/500/119 407/499/119
f 421/513/119 422/514/119 411/503/119 408/500/119
f 423/515/15 424/516/197 425/517/198 426/518/15
f 427/519/15 428/520/199 429/521/197 430/522/15
f 431/523/200 432/524/201 433/525/3 434/526/3
f 432/524/201 435/527/202 436/528/203 433/525/3
f 437/529/200 431/523/200 434/526/3 438/530/3
f 439/531/204 440/532/34 427/519/15 441/533/15
f 442/534/200 437/529/200 438/530/3 443/535/3
f 444/536/119 410/502/119 414/506/119 445/537/119
f 446/538/119 407/499/119 410/502/119 444/536/119
f 438/530/3 434/526/3 447/539/3 448/540/3
f 434/526/3 433/525/3 449/541/3 447/539/3
f 448/540/3 447/539/3 450/542/3 451/543/3
f 447/539/3 449/541/3 452/544/3 450/542/3
f 440/532/34 453/545/205 428/520/199 427/519/15
f 414/506/119 413/505/119 454/546/206 455/547/206
f 413/505/119 415/507/119 456/548/206 454/546/206
f 457/549/11 458/550/11 459/551/11 460/552/207 461/553/208
f 462/554/209 439/531/204 441/533/15 463/555/15
f 464/556/210 465/557/210 466/558/11 467/559/11
f 465/557/210 468/560/211 469/561/212 466/558/11
f 470/562/210 464/556/210 467/559/11 471/563/11
f 472/564/213 463/555/15 473/565/15 474/566/213
f 475/567/210 470/562/210 471/563/11 476/568/11
f 477/569/3 448/540/3 451/543/3 478/570/3
f 443/535/3 438/530/3 448/540/3 477/569/3
f 471/563/11 467/559/11 479/571/11 480/572/11
f 467/559/11 466/558/11 481/573/11 479/571/11
f 480/572/11 479/571/11 482/574/11 458/550/11
f 479/571/11 481/573/11 483/575/11 482/574/11
f 484/576/214 462/554/209 463/555/15 472/564/213
f 451/543/3 450/542/3 485/577/215 486/578/215
f 450/542/3 452/544/3 487/579/215 485/577/215
f 488/580/119 489/581/216 490/582/121 491/583/217
f 474/566/213 473/565/15 492/584/15 493/585/213
f 494/586/119 488/580/119 491/583/217 495/587/218
f 496/588/213 497/589/15 498/590/15 499/591/213
f 482/574/11 483/575/11 500/592/11 501/593/11
f 458/550/11 482/574/11 501/593/11 459/551/11
f 460/552/207 459/551/11 502/594/11 503/595/219
f 504/596/11 480/572/11 458/550/11 457/549/11
f 476/568/11 471/563/11 480/572/11 504/596/11
f 498/590/15 505/597/15 506/598/15 507/599/15
f 505/597/15 508/600/15 509/601/15 506/598/15
f 507/599/15 506/598/15 510/602/15 511/603/15
f 506/598/15 509/601/15 512/604/15 510/602/15
f 500/592/11 513/605/212 514/606/18 515/607/11
f 497/589/15 516/608/15 505/597/15 498/590/15
f 516/608/15 426/518/15 508/600/15 505/597/15
f 445/537/119 414/506/119 455/547/206 517/609/206
f 518/610/220 519/611/119 520/612/119 521/613/220
f 522/614/11 523/615/212 524/616/212 525/617/11
f 525/617/11 524/616/212 526/618/221 527/619/222
f 528/620/220 529/621/119 519/611/119 518/610/220
f 530/622/4 531/623/223 532/624/17 533/625/4
f 534/626/224 535/627/11 536/628/222 537/629/225
f 515/607/11 514/606/18 523/615/212 522/614/11
f 538/630/1 539/631/226 540/632/227 541/633/1
f 463/555/15 441/533/15 542/634/15 473/565/15
f 441/533/15 427/519/15 430/522/15 542/634/15
f 473/565/15 542/634/15 543/635/15 492/584/15
f 542/634/15 430/522/15 423/515/15 543/635/15
f 452/544/3 544/636/228 545/637/229 487/579/215
f 449/541/3 546/638/16 544/636/228 452/544/3
f 433/525/3 436/528/203 546/638/16 449/541/3
f 415/507/119 547/639/220 548/640/230 456/548/206
f 412/504/119 549/641/220 547/639/220 415/507/119
f 411/503/119 550/642/220 549/641/220 412/504/119
f 426/518/15 425/517/198 551/643/231 508/600/15
f 543/635/15 423/515/15 426/518/15 516/608/15
f 492/584/15 543/635/15 516/608/15 497/589/15
f 483/575/11 552/644/212 513/605/212 500/592/11
f 481/573/11 553/645/212 552/644/212 483/575/11
f 466/558/11 469/561/212 553/645/212 481/573/11
f 554/646/4 555/647/4 556/648/4 557/649/4
f 555/647/4 558/650/4 530/622/4 556/648/4
f 557/649/4 556/648/4 559/651/4 560/652/4
f 556/648/4 530/622/4 533/625/4 559/651/4
f 541/633/1 540/632/227 561/653/232 562/654/233
f 563/655/1 564/656/1 565/657/233 566/658/234
f 535/627/11 567/659/11 568/660/235 536/628/222
f 569/661/213 511/603/15 570/662/236 571/663/237
f 511/603/15 510/602/15 572/664/40 570/662/236
f 510/602/15 512/604/15 573/665/238 572/664/40
f 512/604/15 574/666/197 575/667/239 573/665/238
f 567/659/11 525/617/11 527/619/222 568/660/235
f 520/612/119 494/586/119 495/587/218 576/668/217
f 577/669/240 563/655/1 566/658/234 578/670/241
f 564/656/1 541/633/1 562/654/233 565/657/233
f 558/650/4 579/671/242 531/623/223 530/622/4
f 502/594/11 580/672/11 581/673/11 582/674/11
f 580/672/11 515/607/11 522/614/11 581/673/11
f 582/674/11 581/673/11 567/659/11 535/627/11
f 581/673/11 522/614/11 525/617/11 567/659/11
f 583/675/1 584/676/243 585/677/244 586/678/1
f 459/551/11 501/593/11 580/672/11 502/594/11
f 501/593/11 500/592/11 515/607/11 580/672/11
f 478/570/3 451/543/3 486/578/215 587/679/215
f 499/591/213 498/590/15 507/599/15 588/680/213
f 588/680/213 507/599/15 511/603/15 569/661/213
f 589/681/245 590/682/246 579/671/242 558/650/4
f 591/683/247 589/681/245 558/650/4 555/647/4
f 592/684/245 591/683/247 555/647/4 554/646/4
f 593/685/248 592/684/245 554/646/4 594/686/249
f 586/678/1 585/677/244 539/631/226 538/630/1
f 419/511/196 418/510/1 595/687/1 596/688/240
f 529/621/119 597/689/119 598/690/119 519/611/119
f 597/689/119 599/691/119 600/692/119 598/690/119
f 519/611/119 598/690/119 494/586/119 520/612/119
f 598/690/119 600/692/119 488/580/119 494/586/119
f 422/514/119 601/693/220 550/642/220 411/503/119
f 422/514/119 421/513/119 597/689/119 529/621/119
f 421/513/119 420/512/119 599/691/119 597/689/119
f 601/693/220 422/514/119 529/621/119 528/620/220
f 596/688/240 595/687/1 563/655/1 577/669/240
f 602/694/249 560/652/4 603/695/129 604/696/250
f 560/652/4 559/651/4 605/697/251 603/695/129
f 559/651/4 533/625/4 606/698/252 605/697/251
f 533/625/4 532/624/17 607/699/253 606/698/252
f 509/601/15 608/700/231 574/666/197 512/604/15
f 508/600/15 551/643/231 608/700/231 509/601/15
f 418/510/1 609/701/1 610/702/1 595/687/1
f 609/701/1 586/678/1 538/630/1 610/702/1
f 595/687/1 610/702/1 564/656/1 563/655/1
f 610/702/1 538/630/1 541/633/1 564/656/1
f 420/512/119 611/703/254 612/704/216 599/691/119
f 417/509/1 613/705/1 609/701/1 418/510/1
f 613/705/1 583/675/1 586/678/1 609/701/1
f 493/585/213 492/584/15 497/589/15 496/588/213
f 503/595/219 502/594/11 582/674/11 614/706/224
f 614/706/224 582/674/11 535/627/11 534/626/224
f 430/522/15 429/521/197 424/516/197 423/515/15
f 594/686/249 554/646/4 557/649/4 615/707/255
f 615/707/255 557/649/4 560/652/4 602/694/249
f 521/613/220 520/612/119 576/668/217 616/708/256
f 600/692/119 617/709/216 489/581/216 488/580/119
f 599/691/119 612/704/216 617/709/216 600/692/119
f 416/710/195 618/711/257 619/712/258
f 618/711/257 620/713/259 619/712/258
f 620/713/259 611/703/254 619/712/258
f 453/714/205 621/715/260 622/716/261 623/717/262
f 621/715/260 624/718/263 625/719/264 622/716/261
f 435/527/202 626/720/265 625/719/264 624/718/263
f 626/720/265 627/721/266 628/722/267 625/719/264
f 548/723/230 629/724/268 628/722/267 627/721/266
f 629/724/268 623/717/262 622/716/261 628/722/267
f 622/716/261 625/719/264 628/722/267
f 460/552/207 630/725/269 461/553/208
f 630/725/269 631/726/270 461/553/208
f 631/726/270 584/727/243 461/553/208
f 484/728/214 632/729/271 633/730/272 634/731/273
f 632/729/271 635/732/274 636/733/275 633/730/272
f 468/734/211 637/735/276 636/733/275 635/732/274
f 637/735/276 638/736/277 639/737/44 636/733/275
f 545/637/229 640/738/278 639/737/44 638/736/277
f 640/738/278 634/731/273 633/730/272 639/737/44
f 633/730/272 636/733/275 639/737/44
f 490/739/121 641/740/279 642/741/280 643/742/281
f 641/740/279 644/743/282 645/744/283 642/741/280
f 578/745/241 646/746/284 645/744/283 644/743/282
f 646/746/284 647/747/285 648/748/286 645/744/283
f 604/696/250 649/749/287 648/748/286 647/747/285
f 649/749/287 643/742/281 642/741/280 648/748/286
f 642/741/280 645/744/283 648/748/286
f 616/750/256 650/751/288 651/752/289 652/753/290
f 650/751/288 653/754/291 654/755/292 651/752/289
f 607/699/253 655/756/293 654/755/292 653/754/291
f 655/756/293 656/757/168 657/758/294 654/755/292
f 575/759/239 658/760/295 657/758/294 656/757/168
f 658/760/295 652/753/290 651/752/289 657/758/294
f 651/752/289 654/755/292 657/758/294
f 526/761/221 659/762/296 660/763/297 661/764/64
f 659/762/296 662/765/298 663/766/299 660/763/297
f 571/767/237 664/768/300 663/766/299 662/765/298
f 664/768/300 665/769/301 666/770/302 663/766/299
f 590/682/246 667/771/61 666/770/302 665/769/301
f 667/771/61 661/764/64 660/763/297 666/770/302
f 660/763/297 663/766/299 666/770/302
f 537/772/225 668/773/303 669/774/304 670/775/58
f 668/773/303 671/776/305 672/777/306 669/774/304
f 593/685/248 673/778/307 672/777/306 671/776/305
f 673/778/307 674/779/308 675/780/309 672/777/306
f 561/781/232 676/782/310 675/780/309 674/779/308
f 676/782/310 670/775/58 669/774/304 675/780/309
f 669/774/304 672/777/306 675/780/309
f 425/783/198 424/784/197 677/785/182 678/786/185
f 678/786/311 677/785/311 679/787/180 680/788/312
f 680/788/312 679/787/180 550/642/220 601/693/220
f 424/784/197 429/789/197 681/790/185 677/785/182
f 677/785/311 681/790/311 682/791/312 679/787/180
f 679/787/180 682/791/312 549/641/220 550/642/220
f 429/789/197 428/792/199 683/793/182 681/790/185
f 681/790/311 683/793/311 684/794/313 682/791/312
f 682/791/312 684/794/313 547/639/220 549/641/220
f 428/792/199 453/795/205 623/796/262 683/793/182
f 683/793/311 623/796/262 629/797/268 684/794/313
f 684/794/313 629/797/268 548/640/230 547/639/220
f 435/527/202 432/524/201 685/798/189 626/720/265
f 626/720/265 685/798/314 686/799/315 627/721/266
f 627/721/266 686/799/315 456/800/206 548/723/230
f 432/524/201 431/523/200 687/801/316 685/798/189
f 685/798/314 687/801/188 688/802/317 686/799/315
f 686/799/315 688/802/317 454/803/206 456/800/206
f 431/523/200 437/529/200 689/804/316 687/801/316
f 687/801/188 689/804/188 690/805/318 688/802/317
f 688/802/317 690/805/318 455/806/206 454/803/206
f 437/529/200 442/534/200 691/807/319 689/804/316
f 689/804/188 691/807/188 692/808/318 690/805/318
f 690/805/318 692/808/318 517/809/206 455/806/206
f 453/714/205 440/810/34 693/811/320 621/715/260
f 621/715/260 693/811/320 694/812/321 624/718/263
f 624/718/263 694/812/321 436/528/203 435/527/202
f 440/810/34 439/813/204 695/814/81 693/811/320
f 693/811/320 695/814/322 696/815/321 694/812/321
f 694/812/321 696/815/321 546/638/16 436/528/203
f 439/813/204 462/816/209 697/817/320 695/814/81
f 695/814/322 697/817/320 698/818/321 696/815/321
f 696/815/321 698/818/321 544/636/228 546/638/16
f 462/816/209 484/728/214 634/731/273 697/817/320
f 697/817/320 634/731/273 640/738/278 698/818/321
f 698/818/321 640/738/278 545/637/229 544/636/228
f 468/734/211 465/819/210 699/820/323 637/735/276
f 637/735/276 699/820/323 700/821/324 638/736/277
f 638/736/277 700/821/325 487/579/215 545/637/229
f 465/819/210 464/822/210 701/823/326 699/820/323
f 699/820/323 701/823/326 702/824/107 700/821/324
f 700/821/325 702/824/109 485/577/215 487/579/215
f 464/822/210 470/825/210 703/826/327 701/823/326
f 701/823/326 703/826/327 704/827/107 702/824/107
f 702/824/109 704/827/109 486/578/215 485/577/215
f 470/825/210 475/828/210 705/829/327 703/826/327
f 703/826/327 705/829/327 706/830/107 704/827/107
f 704/827/109 706/830/328 587/679/215 486/578/215
f 484/831/214 472/832/213 707/833/329 632/834/271
f 632/834/271 707/833/330 708/835/331 635/836/274
f 635/836/274 708/835/331 469/561/212 468/560/211
f 472/832/213 474/837/213 709/838/99 707/833/329
f 707/833/330 709/838/330 710/839/332 708/835/331
f 708/835/331 710/839/332 553/645/212 469/561/212
f 474/837/213 493/840/213 711/841/99 709/838/99
f 709/838/330 711/841/330 712/842/333 710/839/332
f 710/839/332 712/842/333 552/644/212 553/645/212
f 493/840/213 496/843/213 713/844/99 711/841/99
f 711/841/330 713/844/98 714/845/332 712/842/333
f 712/842/333 714/845/332 513/605/212 552/644/212
f 604/696/250 603/695/129 715/846/334 649/749/287
f 649/749/287 715/846/335 716/847/336 643/742/281
f 643/742/281 716/847/336 491/848/217 490/739/121
f 603/695/129 605/697/251 717/849/334 715/846/334
f 715/846/335 717/849/335 718/850/337 716/847/336
f 716/847/336 718/850/337 495/851/218 491/848/217
f 605/697/251 606/698/252 719/852/334 717/849/334
f 717/849/335 719/852/338 720/853/191 718/850/337
f 718/850/337 720/853/191 576/854/217 495/851/218
f 606/698/252 607/699/253 653/754/291 719/852/334
f 719/852/338 653/754/291 650/751/288 720/853/191
f 720/853/191 650/751/288 616/750/256 576/854/217
f 590/682/246 589/681/245 721/855/339 667/771/61
f 667/771/61 721/855/340 722/856/341 661/764/64
f 661/764/64 722/856/341 527/857/222 526/761/221
f 589/681/245 591/683/247 723/858/339 721/855/339
f 721/855/340 723/858/342 724/859/343 722/856/341
f 722/856/341 724/859/343 568/860/235 527/857/222
f 591/683/247 592/684/245 725/861/339 723/858/339
f 723/858/342 725/861/340 726/862/341 724/859/343
f 724/859/343 726/862/341 536/863/222 568/860/235
f 592/684/245 593/685/248 671/776/305 725/861/339
f 725/861/340 671/776/305 668/773/303 726/862/341
f 726/862/341 668/773/303 537/772/225 536/863/222
f 578/745/241 566/864/234 727/865/344 646/746/284
f 646/746/284 727/865/85 728/866/345 647/747/285
f 647/747/285 728/866/345 602/694/249 604/696/250
f 566/864/234 565/867/233 729/868/346 727/865/344
f 727/865/85 729/868/347 730/869/348 728/866/345
f 728/866/345 730/869/348 615/707/255 602/694/249
f 565/867/233 562/870/233 731/871/349 729/868/346
f 729/868/347 731/871/85 732/872/345 730/869/348
f 730/869/348 732/872/345 594/686/249 615/707/255
f 562/870/233 561/781/232 674/779/308 731/871/349
f 731/871/85 674/779/308 673/778/307 732/872/345
f 732/872/345 673/778/307 593/685/248 594/686/249
f 571/767/237 570/873/236 733/874/350 664/768/300
f 664/768/300 733/874/350 734/875/351 665/769/301
f 665/769/301 734/875/351 579/671/242 590/682/246
f 570/873/236 572/876/40 735/877/352 733/874/350
f 733/874/350 735/877/94 736/878/353 734/875/351
f 734/875/351 736/878/353 531/623/223 579/671/242
f 572/876/40 573/879/238 737/880/354 735/877/352
f 735/877/94 737/880/354 738/881/351 736/878/353
f 736/878/353 738/881/351 532/624/17 531/623/223
f 573/879/238 575/759/239 656/757/168 737/880/354
f 737/880/354 656/757/168 655/756/293 738/881/351
f 738/881/351 655/756/293 607/699/253 532/624/17
f 601/693/220 528/620/220 739/882/312 680/788/312
f 680/788/312 739/882/312 740/883/311 678/786/311
f 678/786/185 740/883/182 551/884/231 425/783/198
f 528/620/220 518/610/220 741/885/312 739/882/312
f 739/882/312 741/885/312 742/886/181 740/883/311
f 740/883/182 742/886/182 608/887/231 551/884/231
f 518/610/220 521/613/220 743/888/313 741/885/312
f 741/885/312 743/888/313 744/889/311 742/886/181
f 742/886/182 744/889/355 574/890/197 608/887/231
f 521/613/220 616/708/256 652/891/290 743/888/313
f 743/888/313 652/891/290 658/892/295 744/889/311
f 744/889/355 658/892/295 575/893/239 574/890/197
f 526/618/221 524/616/212 745/894/331 659/895/296
f 659/895/296 745/894/331 746/896/356 662/897/298
f 662/897/298 746/896/329 569/898/213 571/899/237
f 524/616/212 523/615/212 747/900/100 745/894/331
f 745/894/331 747/900/100 748/901/330 746/896/356
f 746/896/329 748/901/101 588/902/213 569/898/213
f 523/615/212 514/606/18 749/903/332 747/900/100
f 747/900/100 749/903/332 750/904/330 748/901/330
f 748/901/101 750/904/99 499/905/213 588/902/213
f 514/606/18 513/605/212 714/845/332 749/903/332
f 749/903/332 714/845/332 713/844/98 750/904/330
f 750/904/99 713/844/99 496/843/213 499/905/213
f 561/906/232 540/907/227 751/908/357 676/909/310
f 676/909/310 751/908/357 752/910/358 670/911/58
f 670/911/58 752/910/91 534/626/224 537/629/225
f 540/907/227 539/912/226 753/913/359 751/908/357
f 751/908/357 753/913/359 754/914/90 752/910/358
f 752/910/91 754/914/91 614/706/224 534/626/224
f 539/912/226 585/915/244 755/916/359 753/913/359
f 753/913/359 755/916/359 756/917/360 754/914/90
f 754/914/91 756/917/361 503/595/219 614/706/224
f 585/915/244 584/727/243 631/726/270 755/916/359
f 755/916/359 631/726/270 630/725/269 756/917/360
f 756/917/361 630/725/269 460/552/207 503/595/219
f 416/710/195 419/918/196 757/919/362 618/711/257
f 618/711/257 757/919/362 758/920/363 620/713/259
f 620/713/259 758/920/364 612/704/216 611/703/254
f 419/918/196 596/921/240 759/922/365 757/919/362
f 757/919/362 759/922/365 760/923/363 758/920/363
f 758/920/364 760/923/366 617/709/216 612/704/216
f 596/921/240 577/924/240 761/925/365 759/922/365
f 759/922/365 761/925/365 762/926/367 760/923/363
f 760/923/366 762/926/364 489/581/216 617/709/216
f 577/924/240 578/927/241 644/928/282 761/925/365
f 761/925/365 644/928/282 641/929/279 762/926/367
f 762/926/364 641/929/279 490/582/121 489/581/216
f 619/712/258 611/703/254 420/512/119 407/499/119 446/538/119
f 763/930/11 764/931/11 765/932/11 766/933/11
f 766/933/11 765/932/11 767/934/11 768/935/11
f 764/931/11 769/936/11 770/937/11 765/932/11
f 765/932/11 770/937/11 771/938/11 767/934/11
f 772/939/368 773/940/226 774/941/1 775/942/1
f 776/943/11 763/930/11 766/933/11 777/944/11
f 777/944/11 766/933/11 768/935/11 778/945/11
f 779/946/15 780/947/15 781/948/369 782/949/370
f 783/950/15 784/951/15 785/952/213 786/953/213
f 787/954/215 788/955/3 789/956/3 790/957/371
f 790/957/371 789/956/3 791/958/228 792/959/229
f 793/960/372 794/961/3 788/955/3 787/954/215
f 795/962/35 796/963/15 783/950/15 797/964/34
f 798/965/215 799/966/3 794/961/3 793/960/372
f 800/967/11 801/968/11 769/936/11 764/931/11
f 802/969/11 800/967/11 764/931/11 763/930/11
f 794/961/3 803/970/3 804/971/3 788/955/3
f 788/955/3 804/971/3 805/972/3 789/956/3
f 803/970/3 806/973/3 807/974/3 804/971/3
f 804/971/3 807/974/3 808/975/3 805/972/3
f 797/964/34 783/950/15 786/953/213 809/976/373
f 769/936/11 810/977/210 811/978/210 770/937/11
f 770/937/11 811/978/210 812/979/210 771/938/11
f 813/980/119 814/981/258 815/982/254 816/983/119 817/984/119
f 818/985/209 819/986/15 796/963/15 795/962/35
f 820/987/206 821/988/119 822/989/119 823/990/206
f 823/990/206 822/989/119 824/991/220 825/992/230
f 826/993/206 827/994/119 821/988/119 820/987/206
f 828/995/374 829/996/197 830/997/15 819/986/15
f 831/998/206 832/999/119 827/994/119 826/993/206
f 833/1000/3 834/1001/3 806/973/3 803/970/3
f 799/966/3 833/1000/3 803/970/3 794/961/3
f 827/994/119 835/1002/119 836/1003/119 821/988/119
f 821/988/119 836/1003/119 837/1004/119 822/989/119
f 835/1002/119 817/984/119 838/1005/119 836/1003/119
f 836/1003/119 838/1005/119 839/1006/119 837/1004/119
f 840/1007/205 828/995/374 819/986/15 818/985/209
f 806/973/3 841/1008/200 842/1009/200 807/974/3
f 807/974/3 842/1009/200 843/1010/200 808/975/3
f 844/1011/11 845/1012/222 846/1013/225 847/1014/224
f 829/996/197 848/1015/197 849/1016/15 830/997/15
f 850/1017/11 851/1018/222 845/1012/222 844/1011/11
f 852/1019/197 853/1020/197 854/1021/15 855/1022/15
f 838/1005/119 856/1023/119 857/1024/119 839/1006/119
f 817/984/119 816/983/119 856/1023/119 838/1005/119
f 815/982/254 858/1025/375 859/1026/119 816/983/119
f 860/1027/119 813/980/119 817/984/119 835/1002/119
f 832/999/119 860/1027/119 835/1002/119 827/994/119
f 854/1021/15 861/1028/15 862/1029/15 863/1030/15
f 863/1030/15 862/1029/15 864/1031/15 865/1032/15
f 861/1028/15 866/1033/15 867/1034/15 862/1029/15
f 862/1029/15 867/1034/15 868/1035/15 864/1031/15
f 857/1024/119 869/1036/119 870/1037/124 871/1038/220
f 855/1022/15 854/1021/15 863/1030/15 872/1039/15
f 872/1039/15 863/1030/15 865/1032/15 780/947/15
f 801/968/11 873/1040/210 810/977/210 769/936/11
f 874/1041/212 875/1042/212 876/1043/11 877/1044/11
f 878/1045/119 879/1046/119 880/1047/220 881/1048/220
f 879/1046/119 882/1049/217 883/1050/256 880/1047/220
f 884/1051/212 874/1041/212 877/1044/11 885/1052/11
f 886/1053/4 887/1054/4 888/1055/223 889/1056/376
f 890/1057/216 891/1058/121 892/1059/217 893/1060/119
f 869/1036/119 878/1045/119 881/1048/220 870/1037/124
f 894/1061/1 895/1062/1 896/1063/377 897/1064/196
f 819/986/15 830/997/15 898/1065/15 796/963/15
f 796/963/15 898/1065/15 784/951/15 783/950/15
f 830/997/15 849/1016/15 899/1066/15 898/1065/15
f 898/1065/15 899/1066/15 779/946/15 784/951/15
f 808/975/3 843/1010/200 900/1067/202 901/1068/203
f 805/972/3 808/975/3 901/1068/203 902/1069/16
f 789/956/3 805/972/3 902/1069/16 791/958/228
f 771/938/11 812/979/210 903/1070/211 904/1071/212
f 767/934/11 771/938/11 904/1071/212 905/1072/212
f 768/935/11 767/934/11 905/1072/212 906/1073/212
f 780/947/15 865/1032/15 907/1074/378 781/948/369
f 899/1066/15 872/1039/15 780/947/15 779/946/15
f 849/1016/15 855/1022/15 872/1039/15 899/1066/15
f 839/1006/119 857/1024/119 871/1038/220 908/1075/220
f 837/1004/119 839/1006/119 908/1075/220 909/1076/220
f 822/989/119 837/1004/119 909/1076/220 824/991/220
f 910/1077/4 911/1078/4 912/1079/4 913/1080/4
f 913/1080/4 912/1079/4 886/1053/4 914/1081/4
f 911/1078/4 915/1082/4 916/1083/4 912/1079/4
f 912/1079/4 916/1083/4 887/1054/4 886/1053/4
f 895/1062/1 917/1084/233 918/1085/241 896/1063/377
f 919/1086/1 920/1087/234 921/1088/37 922/1089/1
f 893/1060/119 892/1059/217 923/1090/217 924/1091/119
f 925/1092/197 926/1093/379 927/1094/236 866/1033/15
f 866/1033/15 927/1094/236 928/1095/40 867/1034/15
f 867/1034/15 928/1095/40 929/1096/238 868/1035/15
f 868/1035/15 929/1096/238 930/1097/380 931/1098/213
f 924/1091/119 923/1090/217 882/1049/217 879/1046/119
f 876/1043/11 932/1099/222 851/1018/222 850/1017/11
f 933/1100/244 934/1101/232 920/1087/234 919/1086/1
f 922/1089/1 921/1088/37 917/1084/233 895/1062/1
f 914/1081/4 886/1053/4 889/1056/376 935/1102/223
f 859/1026/119 936/1103/119 937/1104/119 938/1105/119
f 938/1105/119 937/1104/119 878/1045/119 869/1036/119
f 936/1103/119 893/1060/119 924/1091/119 937/1104/119
f 937/1104/119 924/1091/119 879/1046/119 878/1045/119
f 939/1106/1 940/1107/1 941/1108/240 942/1109/381
f 816/983/119 859/1026/119 938/1105/119 856/1023/119
f 856/1023/119 938/1105/119 869/1036/119 857/1024/119
f 834/1001/3 943/1110/382 841/1008/200 806/973/3
f 853/1020/197 944/1111/197 861/1028/15 854/1021/15
f 944/1111/197 925/1092/197 866/1033/15 861/1028/15
f 945/1112/129 914/1081/4 935/1102/223 946/1113/383
f 947/1114/384 913/1080/4 914/1081/4 945/1112/129
f 948/1115/252 910/1077/4 913/1080/4 947/1114/384
f 949/1116/385 950/1117/386 910/1077/4 948/1115/252
f 940/1107/1 894/1061/1 897/1064/196 941/1108/240
f 773/940/226 951/1118/244 952/1119/1 774/941/1
f 885/1052/11 877/1044/11 953/1120/11 954/1121/11
f 954/1121/11 953/1120/11 955/1122/11 956/1123/11
f 877/1044/11 876/1043/11 850/1017/11 953/1120/11
f 953/1120/11 850/1017/11 844/1011/11 955/1122/11
f 778/945/11 768/935/11 906/1073/212 957/1124/212
f 778/945/11 885/1052/11 954/1121/11 777/944/11
f 777/944/11 954/1121/11 956/1123/11 776/943/11
f 957/1124/212 884/1051/212 885/1052/11 778/945/11
f 951/1118/244 933/1100/244 919/1086/1 952/1119/1
f 958/1125/386 959/1126/387 960/1127/24 915/1082/4
f 915/1082/4 960/1127/24 961/1128/24 916/1083/4
f 916/1083/4 961/1128/24 962/1129/24 887/1054/4
f 887/1054/4 962/1129/24 963/1130/388 888/1055/223
f 864/1031/15 868/1035/15 931/1098/213 964/1131/378
f 865/1032/15 864/1031/15 964/1131/378 907/1074/378
f 774/941/1 952/1119/1 965/1132/1 966/1133/1
f 966/1133/1 965/1132/1 894/1061/1 940/1107/1
f 952/1119/1 919/1086/1 922/1089/1 965/1132/1
f 965/1132/1 922/1089/1 895/1062/1 894/1061/1
f 776/943/11 956/1123/11 967/1134/224 968/1135/207
f 775/942/1 774/941/1 966/1133/1 969/1136/1
f 969/1136/1 966/1133/1 940/1107/1 939/1106/1
f 848/1015/197 852/1019/197 855/1022/15 849/1016/15
f 858/1025/375 970/1137/216 936/1103/119 859/1026/119
f 970/1137/216 890/1057/216 893/1060/119 936/1103/119
f 784/951/15 779/946/15 782/949/370 785/952/213
f 950/1117/386 971/1138/255 911/1078/4 910/1077/4
f 971/1138/255 958/1125/386 915/1082/4 911/1078/4
f 875/1042/212 972/1139/221 932/1099/222 876/1043/11
f 955/1122/11 844/1011/11 847/1014/224 973/1140/224
f 956/1123/11 955/1122/11 973/1140/224 967/1134/224
f 772/1141/368 974/1142/208 975/1143/389
f 975/1143/389 974/1142/208 976/1144/390
f 976/1144/390 974/1142/208 968/1135/207
f 809/1145/373 977/1146/271 978/1147/391 979/1148/392
f 979/1148/392 978/1147/391 980/1149/393 981/1150/278
f 792/959/229 981/1150/278 980/1149/393 982/1151/394
f 982/1151/394 980/1149/393 983/1152/395 984/1153/396
f 903/1154/211 984/1153/396 983/1152/395 985/1155/397
f 985/1155/397 983/1152/395 978/1147/391 977/1146/271
f 978/1147/391 983/1152/395 980/1149/393
f 815/982/254 814/981/258 986/1156/398
f 986/1156/398 814/981/258 987/1157/399
f 987/1157/399 814/981/258 942/1158/381
f 840/1159/205 988/1160/260 989/1161/400 990/1162/401
f 990/1162/401 989/1161/400 991/1163/402 992/1164/268
f 825/1165/230 992/1164/268 991/1163/402 993/1166/266
f 993/1166/266 991/1163/402 994/1167/403 995/1168/404
f 900/1067/202 995/1168/404 994/1167/403 996/1169/405
f 996/1169/405 994/1167/403 989/1161/400 988/1160/260
f 989/1161/400 994/1167/403 991/1163/402
f 846/1170/225 997/1171/303 998/1172/304 999/1173/406
f 999/1173/406 998/1172/304 1000/1174/407 1001/1175/408
f 934/1176/232 1001/1175/408 1000/1174/407 1002/1177/308
f 1002/1177/308 1000/1174/407 1003/1178/409 1004/1179/410
f 959/1126/387 1004/1179/410 1003/1178/409 1005/1180/411
f 1005/1180/411 1003/1178/409 998/1172/304 997/1171/303
f 998/1172/304 1003/1178/409 1000/1174/407
f 972/1181/221 1006/1182/296 1007/1183/412 1008/1184/413
f 1008/1184/413 1007/1183/412 1009/1185/414 1010/1186/415
f 963/1130/388 1010/1186/415 1009/1185/414 1011/1187/301
f 1011/1187/301 1009/1185/414 1012/1188/416 1013/1189/417
f 930/1190/380 1013/1189/417 1012/1188/416 1014/1191/418
f 1014/1191/418 1012/1188/416 1007/1183/412 1006/1182/296
f 1007/1183/412 1012/1188/416 1009/1185/414
f 883/1192/256 1015/1193/288 1016/1194/419 1017/1195/290
f 1017/1195/290 1016/1194/419 1018/1196/420 1019/1197/295
f 926/1198/379 1019/1197/295 1018/1196/420 1020/1199/421
f 1020/1199/421 1018/1196/420 1021/1200/422 1022/1201/423
f 946/1113/383 1022/1201/423 1021/1200/422 1023/1202/424
f 1023/1202/424 1021/1200/422 1016/1194/419 1015/1193/288
f 1016/1194/419 1021/1200/422 1018/1196/420
f 891/1203/121 1024/1204/425 1025/1205/426 1026/1206/281
f 1026/1206/281 1025/1205/426 1027/1207/427 1028/1208/428
f 949/1116/385 1028/1208/428 1027/1207/427 1029/1209/429
f 1029/1209/429 1027/1207/427 1030/1210/430 1031/1211/431
f 918/1212/241 1031/1211/431 1030/1210/430 1032/1213/432
f 1032/1213/432 1030/1210/430 1025/1205/426 1024/1204/425
f 1025/1205/426 1030/1210/430 1027/1207/427
f 781/1214/369 1033/1215/101 1034/1216/99 782/1217/370
f 1033/1215/356 1035/1218/332 1036/1219/333 1034/1216/330
f 1035/1218/332 957/1124/212 906/1073/212 1036/1219/333
f 782/1217/370 1034/1216/99 1037/1220/101 785/1221/213
f 1034/1216/330 1036/1219/333 1038/1222/332 1037/1220/330
f 1036/1219/333 906/1073/212 905/1072/212 1038/1222/332
f 785/1221/213 1037/1220/101 1039/1223/433 786/1224/213
f 1037/1220/330 1038/1222/332 1040/1225/331 1039/1223/330
f 1038/1222/332 905/1072/212 904/1071/212 1040/1225/331
f 786/1224/213 1039/1223/433 977/1226/271 809/1227/373
f 1039/1223/330 1040/1225/331 985/1228/397 977/1226/271
f 1040/1225/331 904/1071/212 903/1070/211 985/1228/397
f 792/959/229 982/1151/394 1041/1229/434 790/957/371
f 982/1151/394 984/1153/396 1042/1230/324 1041/1229/434
f 984/1153/396 903/1154/211 812/1231/210 1042/1230/108
f 790/957/371 1041/1229/434 1043/1232/434 787/954/215
f 1041/1229/434 1042/1230/324 1044/1233/107 1043/1232/434
f 1042/1230/108 812/1231/210 811/1234/210 1044/1233/108
f 787/954/215 1043/1232/434 1045/1235/434 793/960/372
f 1043/1232/434 1044/1233/107 1046/1236/107 1045/1235/434
f 1044/1233/108 811/1234/210 810/1237/210 1046/1236/108
f 793/960/372 1045/1235/434 1047/1238/434 798/965/215
f 1045/1235/434 1046/1236/107 1048/1239/107 1047/1238/434
f 1046/1236/108 810/1237/210 873/1240/210 1048/1239/435
f 809/1145/373 979/1148/392 1049/1241/436 797/1242/34
f 979/1148/392 981/1150/278 1050/1243/321 1049/1241/437
f 981/1150/278 792/959/229 791/958/228 1050/1243/321
f 797/1242/34 1049/1241/436 1051/1244/81 795/1245/35
f 1049/1241/437 1050/1243/321 1052/1246/321 1051/1244/438
f 1050/1243/321 791/958/228 902/1069/16 1052/1246/321
f 795/1245/35 1051/1244/81 1053/1247/81 818/1248/209
f 1051/1244/438 1052/1246/321 1054/1249/321 1053/1247/439
f 1052/1246/321 902/1069/16 901/1068/203 1054/1249/321
f 818/1248/209 1053/1247/81 988/1160/260 840/1159/205
f 1053/1247/439 1054/1249/321 996/1169/405 988/1160/260
f 1054/1249/321 901/1068/203 900/1067/202 996/1169/405
f 825/1165/230 993/1166/266 1055/1250/440 823/1251/206
f 993/1166/266 995/1168/404 1056/1252/441 1055/1250/314
f 995/1168/404 900/1067/202 843/1010/200 1056/1252/441
f 823/1251/206 1055/1250/440 1057/1253/440 820/1254/206
f 1055/1250/314 1056/1252/441 1058/1255/442 1057/1253/188
f 1056/1252/441 843/1010/200 842/1009/200 1058/1255/442
f 820/1254/206 1057/1253/440 1059/1256/440 826/1257/206
f 1057/1253/188 1058/1255/442 1060/1258/443 1059/1256/188
f 1058/1255/442 842/1009/200 841/1008/200 1060/1258/443
f 826/1257/206 1059/1256/440 1061/1259/444 831/1260/206
f 1059/1256/188 1060/1258/443 1062/1261/441 1061/1259/188
f 1060/1258/443 841/1008/200 943/1110/382 1062/1261/441
f 840/1262/205 990/1263/401 1063/1264/355 828/1265/374
f 990/1263/401 992/1266/268 1064/1267/445 1063/1264/445
f 992/1266/268 825/992/230 824/991/220 1064/1267/446
f 828/1265/374 1063/1264/355 1065/1268/182 829/1269/197
f 1063/1264/445 1064/1267/445 1066/1270/447 1065/1268/447
f 1064/1267/446 824/991/220 909/1076/220 1066/1270/448
f 829/1269/197 1065/1268/182 1067/1271/182 848/1272/197
f 1065/1268/447 1066/1270/447 1068/1273/311 1067/1271/311
f 1066/1270/448 909/1076/220 908/1075/220 1068/1273/448
f 848/1272/197 1067/1271/182 1069/1274/182 852/1275/197
f 1067/1271/311 1068/1273/311 1070/1276/311 1069/1274/311
f 1068/1273/448 908/1075/220 871/1038/220 1070/1276/449
f 959/1126/387 1005/1180/411 1071/1277/450 960/1127/24
f 1005/1180/411 997/1171/303 1072/1278/341 1071/1277/340
f 997/1171/303 846/1170/225 845/1279/222 1072/1278/341
f 960/1127/24 1071/1277/450 1073/1280/451 961/1128/24
f 1071/1277/340 1072/1278/341 1074/1281/343 1073/1280/342
f 1072/1278/341 845/1279/222 851/1282/222 1074/1281/343
f 961/1128/24 1073/1280/451 1075/1283/452 962/1129/24
f 1073/1280/342 1074/1281/343 1076/1284/341 1075/1283/340
f 1074/1281/343 851/1282/222 932/1285/222 1076/1284/341
f 962/1129/24 1075/1283/452 1010/1186/415 963/1130/388
f 1075/1283/340 1076/1284/341 1008/1184/413 1010/1186/415
f 1076/1284/341 932/1285/222 972/1181/221 1008/1184/413
f 946/1113/383 1023/1202/424 1077/1286/192 945/1112/129
f 1023/1202/424 1015/1193/288 1078/1287/338 1077/1286/192
f 1015/1193/288 883/1192/256 882/1288/217 1078/1287/453
f 945/1112/129 1077/1286/192 1079/1289/190 947/1114/384
f 1077/1286/192 1078/1287/338 1080/1290/338 1079/1289/190
f 1078/1287/453 882/1288/217 923/1291/217 1080/1290/454
f 947/1114/384 1079/1289/190 1081/1292/192 948/1115/252
f 1079/1289/190 1080/1290/338 1082/1293/338 1081/1292/192
f 1080/1290/454 923/1291/217 892/1294/217 1082/1293/455
f 948/1115/252 1081/1292/192 1028/1208/428 949/1116/385
f 1081/1292/192 1082/1293/338 1026/1206/281 1028/1208/428
f 1082/1293/455 892/1294/217 891/1203/121 1026/1206/281
f 934/1176/232 1002/1177/308 1083/1295/344 920/1296/234
f 1002/1177/308 1004/1179/410 1084/1297/345 1083/1295/456
f 1004/1179/410 959/1126/387 958/1125/386 1084/1297/345
f 920/1296/234 1083/1295/344 1085/1298/346 921/1299/37
f 1083/1295/456 1084/1297/345 1086/1300/348 1085/1298/347
f 1084/1297/345 958/1125/386 971/1138/255 1086/1300/348
f 921/1299/37 1085/1298/346 1087/1301/457 917/1302/233
f 1085/1298/347 1086/1300/348 1088/1303/345 1087/1301/457
f 1086/1300/348 971/1138/255 950/1117/386 1088/1303/345
f 917/1302/233 1087/1301/457 1031/1211/431 918/1212/241
f 1087/1301/457 1088/1303/345 1029/1209/429 1031/1211/431
f 1088/1303/345 950/1117/386 949/1116/385 1029/1209/429
f 926/1198/379 1020/1199/421 1089/1304/352 927/1305/236
f 1020/1199/421 1022/1201/423 1090/1306/458 1089/1304/459
f 1022/1201/423 946/1113/383 935/1102/223 1090/1306/458
f 927/1305/236 1089/1304/352 1091/1307/352 928/1308/40
f 1089/1304/459 1090/1306/458 1092/1309/353 1091/1307/94
f 1090/1306/458 935/1102/223 889/1056/376 1092/1309/353
f 928/1308/40 1091/1307/352 1093/1310/460 929/1311/238
f 1091/1307/94 1092/1309/353 1094/1312/351 1093/1310/459
f 1092/1309/353 889/1056/376 888/1055/223 1094/1312/351
f 929/1311/238 1093/1310/460 1013/1189/417 930/1190/380
f 1093/1310/459 1094/1312/351 1011/1187/301 1013/1189/417
f 1094/1312/351 888/1055/223 963/1130/388 1011/1187/301
f 957/1124/212 1035/1218/332 1095/1313/332 884/1051/212
f 1035/1218/332 1033/1215/356 1096/1314/330 1095/1313/332
f 1033/1215/101 781/1214/369 907/1315/378 1096/1314/99
f 884/1051/212 1095/1313/332 1097/1316/332 874/1041/212
f 1095/1313/332 1096/1314/330 1098/1317/98 1097/1316/332
f 1096/1314/99 907/1315/378 964/1318/378 1098/1317/99
f 874/1041/212 1097/1316/332 1099/1319/331 875/1042/212
f 1097/1316/332 1098/1317/98 1100/1320/330 1099/1319/331
f 1098/1317/99 964/1318/378 931/1321/213 1100/1320/329
f 875/1042/212 1099/1319/331 1006/1322/296 972/1139/221
f 1099/1319/331 1100/1320/330 1014/1323/418 1006/1322/296
f 1100/1320/329 931/1321/213 930/1324/380 1014/1323/418
f 883/1050/256 1017/1325/290 1101/1326/448 880/1047/220
f 1017/1325/290 1019/1327/295 1102/1328/311 1101/1326/447
f 1019/1327/295 926/1329/379 925/1330/197 1102/1328/355
f 880/1047/220 1101/1326/448 1103/1331/449 881/1048/220
f 1101/1326/447 1102/1328/311 1104/1332/461 1103/1331/311
f 1102/1328/355 925/1330/197 944/1333/197 1104/1332/461
f 881/1048/220 1103/1331/449 1105/1334/462 870/1037/124
f 1103/1331/311 1104/1332/461 1106/1335/461 1105/1334/311
f 1104/1332/461 944/1333/197 853/1336/197 1106/1335/461
f 870/1037/124 1105/1334/462 1070/1276/449 871/1038/220
f 1105/1334/311 1106/1335/461 1069/1274/311 1070/1276/311
f 1106/1335/461 853/1336/197 852/1275/197 1069/1274/182
f 918/1337/241 1032/1338/432 1107/1339/463 896/1340/377
f 1032/1338/432 1024/1341/425 1108/1342/464 1107/1339/464
f 1024/1341/425 891/1058/121 890/1057/216 1108/1342/465
f 896/1340/377 1107/1339/463 1109/1343/466 897/1344/196
f 1107/1339/464 1108/1342/464 1110/1345/467 1109/1343/466
f 1108/1342/465 890/1057/216 970/1137/216 1110/1345/366
f 897/1344/196 1109/1343/466 1111/1346/466 941/1347/240
f 1109/1343/466 1110/1345/467 1112/1348/468 1111/1346/466
f 1110/1345/366 970/1137/216 858/1025/375 1112/1348/469
f 941/1347/240 1111/1346/466 987/1157/399 942/1158/381
f 1111/1346/466 1112/1348/468 986/1156/398 987/1157/399
f 1112/1348/469 858/1025/375 815/982/254 986/1156/398
f 772/1141/368 975/1143/389 1113/1349/470 773/1350/226
f 975/1143/389 976/1144/390 1114/1351/471 1113/1349/472
f 976/1144/390 968/1135/207 967/1134/224 1114/1351/471
f 773/1350/226 1113/1349/470 1115/1352/473 951/1353/244
f 1113/1349/472 1114/1351/471 1116/1354/474 1115/1352/472
f 1114/1351/471 967/1134/224 973/1140/224 1116/1354/474
f 951/1353/244 1115/1352/473 1117/1355/475 933/1356/244
f 1115/1352/472 1116/1354/474 1118/1357/476 1117/1355/477
f 1116/1354/474 973/1140/224 847/1014/224 1118/1357/476
f 933/1356/244 1117/1355/475 1001/1358/408 934/1359/232
f 1117/1355/477 1118/1357/476 999/1360/406 1001/1358/408
f 1118/1357/476 847/1014/224 846/1013/225 999/1360/406
f 974/1142/208 802/969/11 763/930/11 776/943/11 968/1135/207
o Cube.001_Cube.011
v 0.114515 0.919823 0.811140
v 0.114515 1.204163 0.811140
v 0.227361 1.204271 0.811140
v 0.227361 0.919930 0.811140
v 0.114515 1.488503 0.811140
v 0.227361 1.488611 0.811140
v 0.340207 1.204378 0.811141
v 0.340207 0.920038 0.811141
v 0.340207 1.488718 0.811141
v 0.114515 1.772843 0.813550
v 0.004079 1.772738 0.813550
v 0.004079 1.772738 0.821368
v 0.114515 1.772843 0.821369
v 0.001669 1.204055 0.821368
v 0.001669 1.204055 0.813550
v 0.001669 0.919715 0.813550
v 0.001669 0.919715 0.821368
v 0.114515 0.637893 0.852055
v 0.114515 0.919823 0.852055
v 0.004079 0.919717 0.852054
v 0.004079 0.637787 0.852054
v 0.340207 1.773058 0.813551
v 0.227361 1.772951 0.813551
v 0.227361 1.772951 0.821369
v 0.340207 1.773058 0.821370
v 0.453053 1.204486 0.813552
v 0.453053 1.488826 0.813552
v 0.453053 1.488826 0.821370
v 0.453053 1.204486 0.821370
v 0.453053 1.770756 0.813552
v 0.453053 1.770756 0.821370
v 0.453053 0.920146 0.813552
v 0.453053 0.920146 0.821370
v 0.340207 0.635698 0.831598
v 0.450643 0.635803 0.831599
v 0.450643 0.635803 0.841828
v 0.340207 0.635698 0.841827
v 0.450643 1.773164 0.813552
v 0.450643 1.773164 0.821370
v 0.114515 0.635483 0.813550
v 0.227361 0.635590 0.813551
v 0.227361 0.635590 0.821369
v 0.114515 0.635483 0.821369
v 0.340207 1.488718 0.852056
v 0.340207 1.770648 0.852056
v 0.227361 1.770541 0.852055
v 0.227361 1.488611 0.852055
v 0.453053 1.204486 0.831599
v 0.453053 0.920146 0.831599
v 0.453053 1.488826 0.831599
v 0.453053 1.204486 0.841828
v 0.453053 0.920146 0.841828
v 0.453053 1.488826 0.841828
v 0.340207 0.635698 0.813551
v 0.450643 0.635803 0.813552
v 0.450643 0.635803 0.821370
v 0.340207 0.635698 0.821370
v 0.450643 1.204484 0.811141
v 0.450643 0.920143 0.811141
v 0.450643 1.488824 0.811141
v 0.004079 0.635377 0.813550
v 0.004079 0.635377 0.821368
v 0.450643 1.773164 0.831599
v 0.340207 1.773058 0.831598
v 0.340207 1.773058 0.841827
v 0.450643 1.773164 0.841828
v 0.450643 1.204484 0.852056
v 0.450643 1.488824 0.852056
v 0.340207 1.204378 0.852056
v 0.450643 1.770754 0.852056
v 0.450643 0.920143 0.852056
v 0.340207 0.920038 0.852056
v 0.227361 0.638000 0.852055
v 0.227361 0.919930 0.852055
v 0.450643 0.638214 0.852056
v 0.340207 0.638108 0.852056
v 0.227361 0.635590 0.831598
v 0.114515 0.635483 0.831597
v 0.227361 0.635590 0.841827
v 0.114515 0.635483 0.841826
v 0.001669 0.637785 0.813550
v 0.001669 0.637785 0.821368
v 0.114515 0.637893 0.811140
v 0.227361 0.638000 0.811140
v 0.340207 0.638108 0.811141
v 0.450643 0.638214 0.811141
v 0.453053 0.638216 0.821370
v 0.453053 0.638216 0.831599
v 0.453053 0.638216 0.841828
v 0.453053 0.920146 0.849646
v 0.453053 0.638216 0.849646
v 0.001669 0.919715 0.849644
v 0.001669 0.919715 0.841826
v 0.001669 0.637785 0.841826
v 0.001669 0.637785 0.849644
v 0.001669 1.488395 0.849644
v 0.001669 1.488395 0.841826
v 0.001669 1.204055 0.841826
v 0.001669 1.204055 0.849644
v 0.001669 0.919715 0.831597
v 0.001669 0.637785 0.831597
v 0.227361 1.772951 0.831598
v 0.114515 1.772843 0.831597
v 0.227361 1.772951 0.841827
v 0.114515 1.772843 0.841826
v 0.340207 1.770648 0.811141
v 0.450643 1.770754 0.811141
v 0.227361 1.770541 0.811140
v 0.114515 1.770433 0.811140
v 0.001669 1.770325 0.821368
v 0.001669 1.770325 0.813550
v 0.001669 1.488395 0.813550
v 0.001669 1.488395 0.821368
v 0.001669 1.770325 0.841826
v 0.001669 1.770325 0.831597
v 0.001669 1.488395 0.831597
v 0.001669 1.770325 0.849644
v 0.114515 1.770433 0.852055
v 0.114515 1.488503 0.852055
v 0.453053 1.770756 0.841828
v 0.453053 1.770756 0.849646
v 0.453053 1.488826 0.849646
v 0.453053 1.770756 0.831599
v 0.227361 1.204271 0.852055
v 0.114515 1.204163 0.852055
v 0.340207 1.773058 0.849646
v 0.450643 1.773164 0.849646
v 0.453053 1.204486 0.849646
v 0.453053 0.638216 0.813552
v 0.227361 1.772951 0.849645
v 0.114515 1.772843 0.849645
v 0.004079 1.772738 0.841826
v 0.004079 1.772738 0.849644
v 0.004079 0.635377 0.841826
v 0.114515 0.635483 0.849645
v 0.004079 0.635377 0.849644
v 0.227361 0.635590 0.849645
v 0.340207 0.635698 0.849646
v 0.001669 1.204055 0.831597
v 0.004079 1.772738 0.831597
v 0.004079 1.488398 0.811140
v 0.004079 1.770328 0.811140
v 0.004079 1.204058 0.811140
v 0.004079 0.919717 0.811140
v 0.004079 0.637787 0.811140
v 0.004079 0.635377 0.831597
v 0.004079 1.770328 0.852054
v 0.004079 1.488398 0.852054
v 0.004079 1.204058 0.852054
v 0.450643 0.635803 0.849646
v 0.451847 0.636127 0.849646
v 0.451796 0.636439 0.850799
v 0.450643 0.636125 0.850850
v 0.452731 0.637012 0.849646
v 0.452419 0.637063 0.850799
v 0.452731 0.638216 0.850850
v 0.451847 0.638215 0.851734
v 0.451796 0.637062 0.851422
v 0.450643 0.637010 0.851734
v 0.450643 1.772842 0.850850
v 0.451796 1.772530 0.850799
v 0.451847 1.772843 0.849646
v 0.450643 1.771957 0.851734
v 0.451796 1.771907 0.851422
v 0.451847 1.770755 0.851734
v 0.452731 1.770756 0.850850
v 0.452419 1.771908 0.850799
v 0.452731 1.771959 0.849646
v 0.451847 0.638215 0.811463
v 0.451796 0.637062 0.811776
v 0.450643 0.637010 0.811463
v 0.452731 0.638216 0.812348
v 0.452419 0.637063 0.812399
v 0.452731 0.637012 0.813552
v 0.451847 0.636127 0.813552
v 0.451796 0.636439 0.812399
v 0.450643 0.636125 0.812348
v 0.451847 1.772843 0.813552
v 0.451796 1.772530 0.812399
v 0.450643 1.772842 0.812348
v 0.452731 1.771959 0.813552
v 0.452419 1.771908 0.812399
v 0.452731 1.770756 0.812348
v 0.451847 1.770755 0.811463
v 0.451796 1.771907 0.811776
v 0.450643 1.771957 0.811463
v 0.004079 0.636584 0.811462
v 0.002927 0.636634 0.811774
v 0.002876 0.637786 0.811462
v 0.004079 0.635699 0.812346
v 0.002927 0.636011 0.812397
v 0.002876 0.635698 0.813550
v 0.001991 0.636582 0.813550
v 0.002304 0.636633 0.812397
v 0.001991 0.637785 0.812346
v 0.002876 1.770326 0.811462
v 0.002927 1.771479 0.811774
v 0.004079 1.771531 0.811462
v 0.001991 1.770326 0.812346
v 0.002304 1.771478 0.812397
v 0.001991 1.771529 0.813550
v 0.002876 1.772415 0.813550
v 0.002927 1.772102 0.812397
v 0.004079 1.772416 0.812346
v 0.002876 0.637786 0.851732
v 0.002927 0.636634 0.851420
v 0.004079 0.636584 0.851732
v 0.001991 0.637785 0.850848
v 0.002304 0.636633 0.850797
v 0.001991 0.636582 0.849644
v 0.002876 0.635698 0.849644
v 0.002927 0.636011 0.850797
v 0.004079 0.635699 0.850848
v 0.004079 1.771531 0.851732
v 0.002927 1.771479 0.851420
v 0.002876 1.770326 0.851732
v 0.004079 1.772416 0.850848
v 0.002927 1.772102 0.850797
v 0.002876 1.772415 0.849644
v 0.001991 1.771529 0.849644
v 0.002304 1.771478 0.850797
v 0.001991 1.770326 0.850848
v 0.114515 1.772520 0.812345
v 0.114515 1.771638 0.811463
v 0.227361 1.772628 0.812346
v 0.227361 1.771746 0.811463
v 0.340207 1.772736 0.812346
v 0.340207 1.771853 0.811464
v 0.452730 1.488826 0.812347
v 0.451848 1.488825 0.811464
v 0.452730 1.204486 0.812347
v 0.451848 1.204485 0.811464
v 0.452730 0.920146 0.812347
v 0.451848 0.920145 0.811464
v 0.451848 0.636127 0.841828
v 0.452730 0.637010 0.841828
v 0.451848 0.636127 0.831599
v 0.452730 0.637010 0.831599
v 0.451848 0.636127 0.821370
v 0.452730 0.637010 0.821370
v 0.451848 1.772842 0.821370
v 0.452730 1.771961 0.821370
v 0.451848 1.772842 0.831599
v 0.452730 1.771961 0.831599
v 0.451848 1.772842 0.841828
v 0.452730 1.771961 0.841828
v 0.451848 1.488825 0.851733
v 0.452730 1.488826 0.850851
v 0.451848 1.204485 0.851733
v 0.452730 1.204486 0.850851
v 0.451848 0.920145 0.851733
v 0.452730 0.920146 0.850851
v 0.114515 0.635806 0.850850
v 0.114515 0.636688 0.851732
v 0.227361 0.635913 0.850850
v 0.227361 0.636795 0.851732
v 0.340207 0.636021 0.850851
v 0.340207 0.636903 0.851733
v 0.340207 0.636021 0.812346
v 0.340207 0.636903 0.811464
v 0.227361 0.635913 0.812346
v 0.227361 0.636795 0.811463
v 0.114515 0.635806 0.812345
v 0.114515 0.636688 0.811463
v 0.340207 1.772736 0.850851
v 0.340207 1.771853 0.851733
v 0.227361 1.772628 0.850850
v 0.227361 1.771746 0.851732
v 0.114515 1.772520 0.850850
v 0.114515 1.771638 0.851732
v 0.001992 1.771531 0.821368
v 0.002874 1.772414 0.821368
v 0.001992 1.771531 0.831597
v 0.002874 1.772414 0.831597
v 0.001992 1.771531 0.841826
v 0.002874 1.772414 0.841826
v 0.002874 0.635699 0.821368
v 0.001992 0.636580 0.821368
v 0.002874 0.635699 0.831597
v 0.001992 0.636580 0.831597
v 0.002874 0.635699 0.841826
v 0.001992 0.636580 0.841826
v 0.001992 1.488396 0.850849
v 0.002874 1.488396 0.851732
v 0.001992 1.204056 0.850849
v 0.002874 1.204056 0.851732
v 0.001992 0.919715 0.850849
v 0.002874 0.919716 0.851732
v 0.002874 1.488396 0.811462
v 0.001992 1.488396 0.812345
v 0.002874 1.204056 0.811462
v 0.001992 1.204056 0.812345
v 0.002874 0.919716 0.811462
v 0.001992 0.919715 0.812345
v -0.114515 0.919823 0.811140
v -0.227361 0.919931 0.811141
v -0.227361 1.204271 0.811141
v -0.114515 1.204163 0.811140
v -0.114515 1.285891 0.811140
v -0.227361 1.285999 0.811141
v -0.227361 1.488611 0.811141
v -0.114515 1.488503 0.811140
v -0.340207 0.920038 0.811141
v -0.340207 1.204378 0.811141
v -0.340207 1.286106 0.811141
v -0.340207 1.488718 0.811141
v -0.114515 1.772843 0.813550
v -0.114515 1.772843 0.821369
v -0.004079 1.772738 0.821368
v -0.004079 1.772738 0.813550
v -0.001669 1.204055 0.821368
v -0.001669 0.919715 0.821368
v -0.001669 0.919715 0.813550
v -0.001669 1.204055 0.813550
v -0.111445 0.916750 0.852055
v -0.004079 0.919717 0.852054
v -0.004079 1.204058 0.852054
v -0.111445 1.204160 0.852055
v -0.340207 1.773058 0.813551
v -0.340207 1.773058 0.821370
v -0.227361 1.772951 0.821369
v -0.227361 1.772951 0.813551
v -0.453053 1.286214 0.813552
v -0.453053 1.286214 0.821370
v -0.453053 1.488826 0.821370
v -0.453053 1.488826 0.813552
v -0.453053 1.770756 0.821370
v -0.453053 1.770756 0.813552
v -0.453053 0.920146 0.813552
v -0.453053 0.920146 0.821370
v -0.453053 1.204486 0.821370
v -0.453053 1.204486 0.813552
v -0.340207 0.635698 0.831598
v -0.340207 0.635698 0.841827
v -0.450643 0.635803 0.841828
v -0.450643 0.635803 0.831599
v -0.450643 1.773164 0.813552
v -0.450643 1.773164 0.821370
v -0.114515 0.635483 0.813550
v -0.114515 0.635483 0.821369
v -0.227361 0.635590 0.821369
v -0.227361 0.635590 0.813551
v -0.340207 1.488718 0.852056
v -0.227361 1.488611 0.852055
v -0.227361 1.770541 0.852055
v -0.340207 1.770648 0.852056
v -0.453053 0.920146 0.831599
v -0.453053 1.204486 0.831599
v -0.453053 1.286214 0.831599
v -0.453053 1.488826 0.831599
v -0.453053 0.920146 0.841828
v -0.453053 1.204486 0.841828
v -0.453053 1.286214 0.841828
v -0.453053 1.488826 0.841828
v -0.340207 0.635698 0.813551
v -0.340207 0.635698 0.821370
v -0.450643 0.635803 0.821370
v -0.450643 0.635803 0.813552
v -0.450643 0.920144 0.811141
v -0.450643 1.204484 0.811141
v -0.450643 1.286212 0.811141
v -0.450643 1.488824 0.811141
v -0.004079 0.635377 0.813550
v -0.004079 0.635377 0.821368
v -0.450643 1.773164 0.831599
v -0.450643 1.773164 0.841828
v -0.340207 1.773058 0.841827
v -0.340207 1.773058 0.831598
v -0.227361 1.289068 0.852055
v -0.111445 1.288958 0.852055
v -0.114515 1.488503 0.852055
v -0.450643 1.488824 0.852056
v -0.450643 1.770754 0.852056
v -0.320325 1.204375 0.819310
v -0.227361 1.204271 0.819310
v -0.227361 1.282857 0.819310
v -0.320325 1.282961 0.819310
v -0.134397 1.204166 0.819309
v -0.134397 1.282753 0.819309
v -0.340207 0.638108 0.852056
v -0.227361 0.638000 0.852055
v -0.227361 0.916861 0.852055
v -0.343277 0.916971 0.852056
v -0.114515 0.635483 0.831598
v -0.227361 0.635590 0.831598
v -0.114515 0.635483 0.841826
v -0.227361 0.635590 0.841827
v -0.001669 0.637785 0.821368
v -0.001669 0.637785 0.813550
v -0.114515 0.637893 0.811140
v -0.227361 0.638000 0.811141
v -0.340207 0.638108 0.811141
v -0.450643 0.638214 0.811141
v -0.453053 0.638216 0.821370
v -0.453053 0.638216 0.831599
v -0.453053 0.638216 0.841828
v -0.453053 0.638216 0.849646
v -0.453053 0.920146 0.849646
v -0.450643 1.204484 0.852056
v -0.343277 1.204381 0.852056
v -0.343277 1.289179 0.852056
v -0.450643 1.286212 0.852056
v -0.001669 0.919715 0.849644
v -0.001669 0.637785 0.849644
v -0.001669 0.637785 0.841826
v -0.001669 0.919715 0.841826
v -0.001669 1.285783 0.849644
v -0.001669 1.204055 0.849644
v -0.001669 1.204055 0.841826
v -0.001669 1.285783 0.841826
v -0.001669 0.637785 0.831597
v -0.001669 0.919715 0.831597
v -0.227361 1.772951 0.831598
v -0.114515 1.772843 0.831598
v -0.227361 1.772951 0.841827
v -0.114515 1.772843 0.841826
v -0.450643 1.770754 0.811141
v -0.340207 1.770648 0.811141
v -0.227361 1.770541 0.811141
v -0.114515 1.770433 0.811140
v -0.001669 1.770325 0.821368
v -0.001669 1.488395 0.821368
v -0.001669 1.488395 0.813550
v -0.001669 1.770325 0.813550
v -0.001669 1.770325 0.841826
v -0.001669 1.488395 0.841826
v -0.001669 1.488395 0.831597
v -0.001669 1.770325 0.831597
v -0.001669 1.770325 0.849644
v -0.001669 1.488395 0.849644
v -0.114515 1.770433 0.852055
v -0.453053 1.488826 0.849646
v -0.453053 1.770756 0.849646
v -0.453053 1.770756 0.841828
v -0.453053 1.770756 0.831599
v -0.450643 0.638214 0.852056
v -0.450643 0.920144 0.852056
v -0.115989 1.285891 0.849173
v -0.227361 1.285999 0.849166
v -0.227361 1.285999 0.822267
v -0.129747 1.285891 0.822259
v -0.450643 1.773164 0.849646
v -0.340207 1.773058 0.849646
v -0.453053 1.204486 0.849646
v -0.453053 1.286214 0.849646
v -0.453053 0.638216 0.813552
v -0.227361 1.772951 0.849645
v -0.114515 1.772843 0.849645
v -0.004079 1.772738 0.849644
v -0.004079 1.772738 0.841826
v -0.001669 1.285783 0.821368
v -0.001669 1.285783 0.813550
v -0.004079 0.635377 0.841826
v -0.004079 0.635377 0.849644
v -0.114515 0.635483 0.849645
v -0.227361 0.635590 0.849645
v -0.340207 0.635698 0.849646
v -0.001669 1.204055 0.831597
v -0.001669 1.285783 0.831597
v -0.004079 1.772738 0.831597
v -0.004079 1.488398 0.811140
v -0.004079 1.770328 0.811140
v -0.004079 1.285786 0.811140
v -0.004079 0.919717 0.811140
v -0.004079 1.204058 0.811140
v -0.004079 0.637787 0.811140
v -0.004079 0.635377 0.831597
v -0.004079 1.488398 0.852054
v -0.004079 1.770328 0.852054
v -0.338734 1.286106 0.849174
v -0.324975 1.286106 0.822260
v -0.450643 0.635803 0.849646
v -0.450643 0.636125 0.850850
v -0.451796 0.636439 0.850799
v -0.451847 0.636127 0.849646
v -0.452419 0.637063 0.850799
v -0.452731 0.637012 0.849646
v -0.452731 0.638216 0.850850
v -0.451796 0.637062 0.851422
v -0.451847 0.638215 0.851734
v -0.450643 0.637010 0.851734
v -0.451847 1.772843 0.849646
v -0.451796 1.772530 0.850799
v -0.450643 1.772842 0.850850
v -0.451796 1.771907 0.851422
v -0.450643 1.771957 0.851734
v -0.451847 1.770755 0.851734
v -0.452419 1.771908 0.850799
v -0.452731 1.770756 0.850850
v -0.452731 1.771959 0.849646
v -0.450643 0.637010 0.811463
v -0.451796 0.637062 0.811776
v -0.451847 0.638215 0.811463
v -0.452419 0.637063 0.812399
v -0.452731 0.638216 0.812348
v -0.452731 0.637012 0.813552
v -0.451796 0.636439 0.812399
v -0.451847 0.636127 0.813552
v -0.450643 0.636125 0.812348
v -0.450643 1.772842 0.812348
v -0.451796 1.772530 0.812399
v -0.451847 1.772843 0.813552
v -0.452419 1.771908 0.812399
v -0.452731 1.771959 0.813552
v -0.452731 1.770756 0.812348
v -0.451796 1.771907 0.811776
v -0.451847 1.770755 0.811463
v -0.450643 1.771957 0.811463
v -0.002876 0.637786 0.811462
v -0.002927 0.636634 0.811774
v -0.004079 0.636584 0.811462
v -0.002927 0.636011 0.812397
v -0.004079 0.635699 0.812346
v -0.002876 0.635698 0.813550
v -0.002304 0.636633 0.812397
v -0.001991 0.636582 0.813550
v -0.001991 0.637786 0.812346
v -0.004079 1.771531 0.811462
v -0.002927 1.771479 0.811774
v -0.002876 1.770326 0.811462
v -0.002304 1.771478 0.812397
v -0.001991 1.770326 0.812346
v -0.001991 1.771529 0.813550
v -0.002927 1.772102 0.812397
v -0.002876 1.772415 0.813550
v -0.004079 1.772416 0.812346
v -0.004079 0.637787 0.852054
v -0.004079 0.636584 0.851732
v -0.002927 0.636634 0.851420
v -0.002876 0.637786 0.851732
v -0.002304 0.636633 0.850797
v -0.001991 0.637786 0.850848
v -0.001991 0.636582 0.849644
v -0.002927 0.636011 0.850797
v -0.002876 0.635698 0.849644
v -0.004079 0.635699 0.850848
v -0.002876 1.770326 0.851732
v -0.002927 1.771479 0.851420
v -0.004079 1.771531 0.851732
v -0.002927 1.772102 0.850797
v -0.004079 1.772416 0.850848
v -0.002876 1.772415 0.849644
v -0.002304 1.771478 0.850797
v -0.001991 1.771529 0.849644
v -0.001991 1.770326 0.850848
v -0.114515 1.772520 0.812345
v -0.114515 1.771638 0.811463
v -0.227361 1.772628 0.812346
v -0.227361 1.771746 0.811463
v -0.340207 1.772736 0.812346
v -0.340207 1.771853 0.811464
v -0.452730 1.488826 0.812347
v -0.451848 1.488825 0.811464
v -0.452730 1.286214 0.812347
v -0.452730 1.204486 0.812347
v -0.451848 1.286213 0.811464
v -0.451848 1.204485 0.811464
v -0.452730 0.920146 0.812347
v -0.451848 0.920145 0.811464
v -0.451848 0.636127 0.841828
v -0.452730 0.637010 0.841828
v -0.451848 0.636127 0.831599
v -0.452730 0.637010 0.831599
v -0.451848 0.636127 0.821370
v -0.452730 0.637010 0.821370
v -0.451848 1.772842 0.821370
v -0.452730 1.771961 0.821370
v -0.451848 1.772842 0.831599
v -0.452730 1.771961 0.831599
v -0.451848 1.772842 0.841828
v -0.452730 1.771961 0.841828
v -0.451848 1.488825 0.851734
v -0.452730 1.488826 0.850851
v -0.451848 1.286213 0.851734
v -0.451848 1.204485 0.851734
v -0.452730 1.286214 0.850851
v -0.452730 1.204486 0.850851
v -0.451848 0.920145 0.851734
v -0.452730 0.920146 0.850851
v -0.114515 0.635806 0.850850
v -0.114515 0.636688 0.851732
v -0.114515 0.637893 0.852055
v -0.227361 0.635913 0.850850
v -0.227361 0.636796 0.851733
v -0.340207 0.636021 0.850851
v -0.340207 0.636903 0.851733
v -0.340207 0.636021 0.812346
v -0.340207 0.636903 0.811464
v -0.227361 0.635913 0.812346
v -0.227361 0.636796 0.811463
v -0.114515 0.635806 0.812345
v -0.114515 0.636688 0.811463
v -0.340207 1.772736 0.850851
v -0.340207 1.771853 0.851733
v -0.227361 1.772628 0.850850
v -0.227361 1.771746 0.851733
v -0.114515 1.772520 0.850850
v -0.114515 1.771638 0.851732
v -0.001992 1.771531 0.821368
v -0.002874 1.772414 0.821368
v -0.001992 1.771531 0.831597
v -0.002874 1.772414 0.831597
v -0.001992 1.771531 0.841826
v -0.002874 1.772414 0.841826
v -0.002874 0.635699 0.821368
v -0.001992 0.636580 0.821368
v -0.002874 0.635699 0.831597
v -0.001992 0.636580 0.831597
v -0.002874 0.635699 0.841826
v -0.001992 0.636581 0.841826
v -0.001992 1.488396 0.850849
v -0.002874 1.488396 0.851732
v -0.001992 1.285784 0.850849
v -0.001992 1.204056 0.850849
v -0.002874 1.285784 0.851732
v -0.002874 1.204056 0.851732
v -0.004079 1.285786 0.852054
v -0.001992 0.919715 0.850849
v -0.002874 0.919716 0.851732
v -0.002874 1.488396 0.811462
v -0.001992 1.488396 0.812345
v -0.002874 1.285784 0.811462
v -0.002874 1.204056 0.811462
v -0.001992 1.285784 0.812345
v -0.001992 1.204056 0.812345
v -0.002874 0.919716 0.811462
v -0.001992 0.919715 0.812345
v -0.227361 0.923072 0.819310
v -0.134397 0.922968 0.819309
v -0.338734 0.920038 0.849174
v -0.227361 0.919930 0.849166
v -0.227361 0.919930 0.822267
v -0.324975 0.920038 0.822260
v -0.115989 0.919823 0.849173
v -0.129747 0.919823 0.822259
v -0.115986 1.204163 0.849179
v -0.129750 1.204163 0.822253
v -0.338737 1.204378 0.849180
v -0.324972 1.204378 0.822254
v -0.339883 1.204379 0.850618
v -0.339882 0.919627 0.850615
v -0.341545 1.204380 0.851671
v -0.341545 0.918505 0.851670
v -0.227361 0.918396 0.851668
v -0.227361 0.919519 0.850611
v -0.113178 0.918287 0.851669
v -0.114841 0.919411 0.850614
v -0.113177 1.204161 0.851670
v -0.114839 1.204162 0.850617
v -0.339882 1.286518 0.850615
v -0.341545 1.287643 0.851670
v -0.113178 1.287424 0.851669
v -0.114841 1.286302 0.850614
v -0.227361 1.287534 0.851668
v -0.227361 1.286410 0.850611
v -0.320325 0.923177 0.819310
v -0.322098 1.204376 0.819704
v -0.322098 0.921607 0.819705
v -0.323799 1.204378 0.820782
v -0.323800 0.920459 0.820785
v -0.227361 0.920351 0.820788
v -0.227361 0.921501 0.819706
v -0.130922 0.920244 0.820784
v -0.132624 0.921396 0.819704
v -0.130924 1.204163 0.820781
v -0.132625 1.204165 0.819704
v -0.322098 1.284534 0.819705
v -0.323800 1.285685 0.820785
v -0.130922 1.285470 0.820784
v -0.132624 1.284322 0.819704
v -0.227361 1.285578 0.820788
v -0.227361 1.284428 0.819706
vt 0.291209 0.444221
vt 0.291237 0.295765
vt 0.350149 0.295722
vt 0.350112 0.444184
vt 0.291266 0.147321
vt 0.350178 0.147275
vt 0.409062 0.295676
vt 0.409013 0.444144
vt 0.409090 0.147230
vt 0.724334 0.653845
vt 0.724283 0.597316
vt 0.728285 0.597318
vt 0.728317 0.653837
vt 0.942702 0.755719
vt 0.939357 0.755719
vt 0.939357 0.633999
vt 0.942697 0.634003
vt 0.874908 0.594156
vt 0.875270 0.447004
vt 0.932909 0.447052
vt 0.932992 0.594269
vt 0.724353 0.768326
vt 0.724399 0.711094
vt 0.728363 0.711093
vt 0.728334 0.768333
vt 0.984963 0.755760
vt 0.984965 0.877487
vt 0.981610 0.877477
vt 0.981618 0.755760
vt 0.987047 0.996843
vt 0.982655 0.997743
vt 0.984961 0.633986
vt 0.981621 0.633990
vt 0.408835 0.603938
vt 0.466753 0.603941
vt 0.466749 0.609305
vt 0.408838 0.609283
vt 0.724298 0.824820
vt 0.728294 0.824819
vt 0.291311 0.594580
vt 0.350062 0.594571
vt 0.350064 0.598641
vt 0.291307 0.598663
vt 0.757629 0.150302
vt 0.757991 0.003151
vt 0.816460 0.003275
vt 0.816451 0.150360
vt 0.977238 0.755760
vt 0.977243 0.633992
vt 0.977232 0.877470
vt 0.972857 0.755760
vt 0.972867 0.633985
vt 0.972853 0.877472
vt 0.408821 0.594507
vt 0.466760 0.594474
vt 0.466758 0.598576
vt 0.408828 0.598593
vt 0.466722 0.295629
vt 0.466711 0.444091
vt 0.466745 0.147184
vt 0.233386 0.594579
vt 0.233391 0.598675
vt 0.733525 0.824816
vt 0.733543 0.768340
vt 0.738753 0.768344
vt 0.738755 0.824813
vt 0.700007 0.298543
vt 0.699990 0.150255
vt 0.757607 0.298597
vt 0.699907 0.003037
vt 0.699995 0.446837
vt 0.757640 0.446897
vt 0.816440 0.594031
vt 0.816448 0.446946
vt 0.699902 0.594080
vt 0.757977 0.594023
vt 0.350067 0.603968
vt 0.291305 0.604008
vt 0.350070 0.609296
vt 0.291306 0.609352
vt 0.937500 0.514689
vt 0.941903 0.513758
vt 0.291322 0.591528
vt 0.350072 0.591500
vt 0.408830 0.591455
vt 0.466771 0.591446
vt 0.982391 0.513819
vt 0.977114 0.513549
vt 0.971842 0.513789
vt 0.969515 0.633975
vt 0.967461 0.514624
vt 0.954810 0.633989
vt 0.951455 0.633999
vt 0.952479 0.513701
vt 0.956882 0.514626
vt 0.954806 0.877496
vt 0.951467 0.877492
vt 0.951463 0.755720
vt 0.954807 0.755719
vt 0.947077 0.634005
vt 0.947194 0.513452
vt 0.733554 0.711092
vt 0.733529 0.653828
vt 0.738744 0.711092
vt 0.738741 0.653824
vt 0.409116 0.000045
vt 0.466771 0.000000
vt 0.350204 0.000091
vt 0.291292 0.000137
vt 0.941706 0.997734
vt 0.937314 0.996887
vt 0.939359 0.877507
vt 0.942711 0.877497
vt 0.952246 0.997635
vt 0.946976 0.997939
vt 0.947089 0.877491
vt 0.956648 0.996725
vt 0.874922 0.003283
vt 0.875259 0.150410
vt 0.972080 0.997738
vt 0.967665 0.996790
vt 0.969513 0.877476
vt 0.977371 0.998017
vt 0.816450 0.298653
vt 0.875293 0.298709
vt 0.742735 0.768344
vt 0.742753 0.824812
vt 0.969513 0.755760
vt 0.986795 0.514718
vt 0.742712 0.711092
vt 0.742725 0.653824
vt 0.738753 0.597325
vt 0.742753 0.597327
vt 0.233405 0.609402
vt 0.291310 0.613438
vt 0.233410 0.613501
vt 0.350072 0.613367
vt 0.408838 0.613369
vt 0.947082 0.755719
vt 0.733519 0.597321
vt 0.233612 0.147365
vt 0.233638 0.000181
vt 0.233581 0.295806
vt 0.233533 0.444247
vt 0.233397 0.591551
vt 0.233398 0.604039
vt 0.932998 0.003227
vt 0.932905 0.150469
vt 0.932892 0.298763
vt 0.966801 0.512027
vt 0.966987 0.512897
vt 0.966131 0.513212
vt 0.965716 0.512268
vt 0.967207 0.513764
vt 0.966308 0.513877
vt 0.966395 0.514827
vt 0.965158 0.514769
vt 0.965598 0.513718
vt 0.963690 0.514372
vt 0.964555 0.513019
vt 0.966932 0.999401
vt 0.965822 0.999107
vt 0.966325 0.998175
vt 0.967157 0.998525
vt 0.964734 0.998300
vt 0.965780 0.997667
vt 0.963928 0.996973
vt 0.965363 0.996619
vt 0.966577 0.996572
vt 0.966508 0.997536
vt 0.967401 0.997656
vt 0.990574 0.514473
vt 0.989108 0.514869
vt 0.988670 0.513815
vt 0.989716 0.513121
vt 0.987867 0.514925
vt 0.987958 0.513972
vt 0.987056 0.513854
vt 0.987284 0.512984
vt 0.988139 0.513306
vt 0.987478 0.512113
vt 0.988561 0.512364
vt 0.987745 0.999430
vt 0.987530 0.998558
vt 0.988360 0.998220
vt 0.988851 0.999151
vt 0.987304 0.997701
vt 0.988185 0.997587
vt 0.988121 0.996632
vt 0.989325 0.996682
vt 0.988905 0.997721
vt 0.990753 0.997038
vt 0.989942 0.998357
vt 0.933770 0.514502
vt 0.934578 0.513177
vt 0.935622 0.513812
vt 0.935203 0.514857
vt 0.935667 0.512374
vt 0.936167 0.513306
vt 0.936777 0.512083
vt 0.936998 0.512959
vt 0.937238 0.513825
vt 0.936348 0.513944
vt 0.936415 0.514906
vt 0.933537 0.997137
vt 0.935006 0.996740
vt 0.935446 0.997793
vt 0.934400 0.998492
vt 0.936246 0.996683
vt 0.936157 0.997635
vt 0.937058 0.997749
vt 0.936836 0.998618
vt 0.935979 0.998301
vt 0.936647 0.999490
vt 0.935562 0.999246
vt 0.960597 0.514433
vt 0.959168 0.514787
vt 0.958749 0.513746
vt 0.959787 0.513113
vt 0.957962 0.514837
vt 0.958027 0.513877
vt 0.957140 0.513766
vt 0.957380 0.512908
vt 0.958207 0.513245
vt 0.957598 0.512034
vt 0.958700 0.512318
vt 0.960408 0.996975
vt 0.959549 0.998321
vt 0.958509 0.997627
vt 0.958947 0.996579
vt 0.958395 0.999070
vt 0.957979 0.998132
vt 0.957318 0.999316
vt 0.957126 0.998447
vt 0.956908 0.997586
vt 0.957802 0.997470
vt 0.957713 0.996522
vt 0.723342 0.653843
vt 0.723298 0.597313
vt 0.722350 0.653840
vt 0.722314 0.597310
vt 0.721357 0.653837
vt 0.721327 0.597306
vt 0.723401 0.711091
vt 0.722404 0.711087
vt 0.721406 0.711083
vt 0.723361 0.768321
vt 0.722370 0.768316
vt 0.721379 0.768312
vt 0.723313 0.824817
vt 0.722329 0.824812
vt 0.721345 0.824808
vt 0.987090 0.877473
vt 0.989213 0.877461
vt 0.991314 0.877450
vt 0.987081 0.755746
vt 0.989198 0.755731
vt 0.991318 0.755715
vt 0.987071 0.633972
vt 0.989193 0.633953
vt 0.991318 0.633932
vt 0.971680 0.511679
vt 0.971723 0.512393
vt 0.971776 0.513098
vt 0.977121 0.511574
vt 0.977119 0.512238
vt 0.977117 0.512897
vt 0.982584 0.511697
vt 0.982531 0.512415
vt 0.982467 0.513124
vt 0.982843 0.999860
vt 0.982792 0.999142
vt 0.982728 0.998435
vt 0.977369 1.000000
vt 0.977369 0.999333
vt 0.977370 0.998671
vt 0.971872 0.999870
vt 0.971931 0.999147
vt 0.971999 0.998435
vt 0.963167 0.877445
vt 0.965267 0.877454
vt 0.967389 0.877464
vt 0.963158 0.755715
vt 0.965278 0.755731
vt 0.967394 0.755746
vt 0.963154 0.633926
vt 0.965281 0.633946
vt 0.967404 0.633963
vt 0.932998 0.597306
vt 0.874914 0.597205
vt 0.874912 0.596188
vt 0.932996 0.596292
vt 0.874910 0.595172
vt 0.932994 0.595281
vt 0.816448 0.597088
vt 0.816446 0.596069
vt 0.816443 0.595050
vt 0.757990 0.597071
vt 0.757986 0.596055
vt 0.757982 0.595039
vt 0.699915 0.597116
vt 0.699911 0.596104
vt 0.699906 0.595092
vt 0.408823 0.593490
vt 0.466763 0.593465
vt 0.408826 0.592472
vt 0.466767 0.592456
vt 0.350065 0.593547
vt 0.350068 0.592524
vt 0.291315 0.593562
vt 0.291318 0.592545
vt 0.233389 0.593569
vt 0.233393 0.592560
vt 0.699901 0.000000
vt 0.757986 0.000102
vt 0.757987 0.001119
vt 0.699903 0.001014
vt 0.757989 0.002135
vt 0.699905 0.002025
vt 0.816451 0.000218
vt 0.816454 0.001238
vt 0.816456 0.002256
vt 0.874909 0.000235
vt 0.874913 0.001251
vt 0.874917 0.002267
vt 0.932984 0.000191
vt 0.932988 0.001202
vt 0.932993 0.002214
vt 0.941638 0.998428
vt 0.941582 0.999136
vt 0.941537 0.999854
vt 0.946982 0.998589
vt 0.946988 0.999247
vt 0.946993 0.999912
vt 0.952325 0.998328
vt 0.952395 0.999036
vt 0.952447 0.999751
vt 0.941706 0.511637
vt 0.941760 0.512357
vt 0.941826 0.513065
vt 0.947185 0.511468
vt 0.947188 0.512136
vt 0.947191 0.512798
vt 0.952680 0.511572
vt 0.952624 0.512294
vt 0.952555 0.513005
vt 0.956916 0.877510
vt 0.959037 0.877529
vt 0.961163 0.877550
vt 0.956926 0.755734
vt 0.959042 0.755749
vt 0.961163 0.755765
vt 0.956935 0.634002
vt 0.959058 0.634014
vt 0.961159 0.634025
vt 0.932998 0.877556
vt 0.935125 0.877536
vt 0.937248 0.877519
vt 0.933001 0.755764
vt 0.935122 0.755748
vt 0.937238 0.755733
vt 0.933011 0.634031
vt 0.935111 0.634021
vt 0.937233 0.634011
vt 0.466747 0.613405
vt 0.057824 0.169280
vt 0.116728 0.169317
vt 0.116766 0.317780
vt 0.057853 0.317737
vt 0.057862 0.360405
vt 0.116774 0.360449
vt 0.116794 0.466225
vt 0.057882 0.466180
vt 0.175629 0.169357
vt 0.175679 0.317825
vt 0.175687 0.360494
vt 0.175707 0.466271
vt 0.702908 0.768282
vt 0.706892 0.768290
vt 0.706859 0.824810
vt 0.702857 0.824811
vt 0.972589 0.291737
vt 0.972445 0.401363
vt 0.969442 0.401333
vt 0.968937 0.291862
vt 0.522935 0.448603
vt 0.466888 0.447044
vt 0.466915 0.298749
vt 0.522910 0.298698
vt 0.702928 0.653801
vt 0.706908 0.653793
vt 0.706938 0.711034
vt 0.702973 0.711033
vt 0.937359 0.292675
vt 0.942004 0.292487
vt 0.944715 0.394207
vt 0.941212 0.394308
vt 0.945225 0.509362
vt 0.941009 0.508543
vt 0.939331 0.109821
vt 0.942328 0.109790
vt 0.942492 0.219086
vt 0.938858 0.218960
vt 0.175450 0.009562
vt 0.175453 0.004216
vt 0.233365 0.004194
vt 0.233369 0.009558
vt 0.702873 0.597306
vt 0.706868 0.597308
vt 0.057925 0.018920
vt 0.057921 0.014837
vt 0.116679 0.014859
vt 0.116677 0.018928
vt 0.642177 0.150302
vt 0.583354 0.150358
vt 0.583347 0.003275
vt 0.641814 0.003151
vt 0.946254 0.109748
vt 0.947262 0.219108
vt 0.948073 0.292306
vt 0.949292 0.394124
vt 0.950178 0.109705
vt 0.952035 0.218945
vt 0.954143 0.292252
vt 0.953873 0.394096
vt 0.175436 0.018992
vt 0.175443 0.014907
vt 0.233373 0.014923
vt 0.233376 0.019025
vt 0.233327 0.169409
vt 0.233339 0.317872
vt 0.233344 0.360540
vt 0.233361 0.466317
vt 0.000000 0.018922
vt 0.000005 0.014825
vt 0.712099 0.597311
vt 0.717329 0.597313
vt 0.717328 0.653783
vt 0.712118 0.653786
vt 0.583353 0.254423
vt 0.522912 0.254477
vt 0.524545 0.150405
vt 0.699814 0.150249
vt 0.699895 0.003037
vt 0.590152 0.744429
vt 0.638740 0.744375
vt 0.638740 0.785448
vt 0.590152 0.785502
vt 0.687328 0.744320
vt 0.687328 0.785393
vt 0.641822 0.594021
vt 0.583355 0.594027
vt 0.583347 0.448537
vt 0.643759 0.448490
vt 0.057919 0.009492
vt 0.116682 0.009531
vt 0.057920 0.004148
vt 0.116685 0.004204
vt 0.970684 0.509469
vt 0.966733 0.508594
vt 0.057936 0.021972
vt 0.116687 0.022000
vt 0.175445 0.022045
vt 0.233386 0.022054
vt 0.940577 0.002060
vt 0.945304 0.001769
vt 0.950032 0.001930
vt 0.953969 0.002646
vt 0.953182 0.109668
vt 0.699789 0.298538
vt 0.643794 0.298588
vt 0.643796 0.254367
vt 0.699791 0.255919
vt 0.983336 0.401484
vt 0.984159 0.508819
vt 0.980192 0.509612
vt 0.980321 0.401448
vt 0.988860 0.218494
vt 0.985827 0.292104
vt 0.982177 0.291879
vt 0.984227 0.218523
vt 0.975438 0.509790
vt 0.976384 0.401405
vt 0.712128 0.711035
vt 0.712104 0.768299
vt 0.717319 0.711035
vt 0.717315 0.768303
vt 0.233386 0.613500
vt 0.175732 0.613455
vt 0.116821 0.613409
vt 0.057909 0.613363
vt 0.975356 0.002026
vt 0.974821 0.116823
vt 0.971331 0.116723
vt 0.971152 0.002794
vt 0.985420 0.002236
vt 0.983952 0.116933
vt 0.979385 0.116905
vt 0.980389 0.001885
vt 0.989620 0.003159
vt 0.987433 0.116921
vt 0.524886 0.003282
vt 0.957363 0.394107
vt 0.959575 0.508279
vt 0.955351 0.509241
vt 0.950287 0.509569
vt 0.699901 0.594077
vt 0.699802 0.446829
vt 0.219319 0.613500
vt 0.219316 0.671709
vt 0.205257 0.671709
vt 0.205253 0.620691
vt 0.721327 0.597315
vt 0.721310 0.653783
vt 0.955669 0.218720
vt 0.958796 0.292279
vt 0.936637 0.002906
vt 0.721286 0.711036
vt 0.721299 0.768303
vt 0.721327 0.824801
vt 0.717327 0.824803
vt 0.972138 0.218293
vt 0.967510 0.218105
vt 0.000019 0.004099
vt 0.000023 0.000000
vt 0.057924 0.000062
vt 0.116687 0.000132
vt 0.175453 0.000131
vt 0.977381 0.291715
vt 0.978182 0.218472
vt 0.712094 0.824806
vt 0.000229 0.466136
vt 0.000256 0.613318
vt 0.000208 0.360363
vt 0.000148 0.169255
vt 0.000197 0.317697
vt 0.000010 0.021950
vt 0.000012 0.009462
vt 0.466902 0.150461
vt 0.466812 0.003224
vt 0.219319 0.729919
vt 0.205253 0.722728
vt 0.954540 0.000311
vt 0.955515 0.000519
vt 0.955150 0.001368
vt 0.954380 0.001093
vt 0.954997 0.001966
vt 0.954190 0.001872
vt 0.954927 0.002819
vt 0.955632 0.001817
vt 0.956036 0.002757
vt 0.957348 0.002387
vt 0.956562 0.001182
vt 0.960302 0.510774
vt 0.960078 0.509937
vt 0.960871 0.509594
vt 0.961361 0.510481
vt 0.961388 0.509103
vt 0.962394 0.509700
vt 0.963154 0.508426
vt 0.961779 0.508098
vt 0.960691 0.508984
vt 0.960616 0.508061
vt 0.959836 0.509107
vt 0.933247 0.002720
vt 0.934005 0.001500
vt 0.934948 0.002113
vt 0.934565 0.003062
vt 0.935588 0.002247
vt 0.935678 0.003101
vt 0.936396 0.002133
vt 0.935420 0.001652
vt 0.936184 0.001356
vt 0.936001 0.000577
vt 0.935034 0.000812
vt 0.940369 0.511028
vt 0.939308 0.510773
vt 0.939767 0.509877
vt 0.940565 0.510191
vt 0.939928 0.509269
vt 0.940772 0.509368
vt 0.939978 0.508354
vt 0.939240 0.509405
vt 0.938826 0.508416
vt 0.937464 0.508773
vt 0.938255 0.510026
vt 0.963379 0.508730
vt 0.964670 0.508423
vt 0.965038 0.509366
vt 0.964094 0.509928
vt 0.965523 0.509826
vt 0.965066 0.510660
vt 0.966061 0.510930
vt 0.966267 0.510145
vt 0.965691 0.509254
vt 0.966491 0.509368
vt 0.965760 0.508390
vt 0.967549 0.002513
vt 0.968388 0.001230
vt 0.969378 0.001907
vt 0.968946 0.002908
vt 0.970055 0.002067
vt 0.970129 0.002976
vt 0.970917 0.001967
vt 0.969893 0.001429
vt 0.970713 0.001135
vt 0.970543 0.000301
vt 0.969504 0.000523
vt 0.987496 0.509025
vt 0.986757 0.510204
vt 0.985829 0.509626
vt 0.986215 0.508694
vt 0.985182 0.509502
vt 0.985131 0.508639
vt 0.984383 0.509594
vt 0.985338 0.510072
vt 0.984591 0.510368
vt 0.984779 0.511155
vt 0.985773 0.510910
vt 0.993214 0.002949
vt 0.991817 0.003316
vt 0.991407 0.002312
vt 0.992405 0.001658
vt 0.990906 0.001826
vt 0.991311 0.000934
vt 0.990286 0.000689
vt 0.990093 0.001517
vt 0.990731 0.002456
vt 0.989877 0.002338
vt 0.990637 0.003361
vt 0.701873 0.824814
vt 0.701916 0.768284
vt 0.700888 0.824817
vt 0.700924 0.768287
vt 0.699901 0.824821
vt 0.699932 0.768290
vt 0.701976 0.711037
vt 0.700979 0.711040
vt 0.699981 0.711044
vt 0.701936 0.653806
vt 0.700945 0.653810
vt 0.699953 0.653815
vt 0.701887 0.597310
vt 0.700903 0.597314
vt 0.699919 0.597319
vt 0.939321 0.394340
vt 0.937432 0.394371
vt 0.935562 0.394398
vt 0.935906 0.292706
vt 0.937380 0.218921
vt 0.934453 0.292725
vt 0.935902 0.218893
vt 0.932998 0.292735
vt 0.934422 0.218876
vt 0.937439 0.109824
vt 0.935536 0.109823
vt 0.933631 0.109820
vt 0.950127 0.000677
vt 0.950162 0.000034
vt 0.950085 0.001310
vt 0.945286 0.000595
vt 0.945279 0.000000
vt 0.945295 0.001185
vt 0.940438 0.000804
vt 0.940384 0.000160
vt 0.940502 0.001438
vt 0.945108 0.510703
vt 0.945067 0.511391
vt 0.945163 0.510025
vt 0.950303 0.510829
vt 0.950311 0.511468
vt 0.950295 0.510195
vt 0.955511 0.510588
vt 0.955575 0.511281
vt 0.955436 0.509907
vt 0.961145 0.394092
vt 0.963017 0.394081
vt 0.959255 0.394101
vt 0.963154 0.292238
vt 0.961700 0.292262
vt 0.958620 0.218594
vt 0.960097 0.218547
vt 0.960249 0.292276
vt 0.957145 0.218651
vt 0.956978 0.109601
vt 0.958882 0.109563
vt 0.955075 0.109636
vt 0.466771 0.597351
vt 0.466771 0.596337
vt 0.524872 0.596179
vt 0.524871 0.597197
vt 0.466772 0.595325
vt 0.524874 0.595163
vt 0.466774 0.594313
vt 0.524875 0.594147
vt 0.583349 0.596064
vt 0.583347 0.597084
vt 0.583352 0.595046
vt 0.641813 0.596053
vt 0.641809 0.597069
vt 0.641818 0.595037
vt 0.699892 0.596101
vt 0.699887 0.597113
vt 0.699896 0.595090
vt 0.233379 0.020034
vt 0.175438 0.020010
vt 0.233382 0.021043
vt 0.175441 0.021027
vt 0.116680 0.019952
vt 0.116683 0.020976
vt 0.057929 0.019938
vt 0.057932 0.020955
vt 0.000003 0.019932
vt 0.000007 0.020941
vt 0.699901 0.000000
vt 0.699900 0.001014
vt 0.641817 0.001119
vt 0.641819 0.000102
vt 0.699898 0.002026
vt 0.641816 0.002135
vt 0.583353 0.001237
vt 0.583355 0.000218
vt 0.583350 0.002256
vt 0.524895 0.001250
vt 0.524899 0.000234
vt 0.524891 0.002266
vt 0.466822 0.001200
vt 0.466826 0.000189
vt 0.466817 0.002212
vt 0.975298 0.001363
vt 0.975251 0.000686
vt 0.975215 0.000000
vt 0.980402 0.001264
vt 0.980415 0.000635
vt 0.980428 0.000001
vt 0.985503 0.001574
vt 0.985578 0.000899
vt 0.985637 0.000217
vt 0.970544 0.510728
vt 0.970489 0.511374
vt 0.970609 0.510092
vt 0.975421 0.510973
vt 0.975413 0.511574
vt 0.975430 0.510379
vt 0.980310 0.510879
vt 0.980354 0.511528
vt 0.980255 0.510239
vt 0.989309 0.116907
vt 0.991194 0.116891
vt 0.993081 0.116877
vt 0.990310 0.218487
vt 0.987305 0.292161
vt 0.991761 0.218490
vt 0.988782 0.292206
vt 0.993214 0.218502
vt 0.990262 0.292239
vt 0.985246 0.401492
vt 0.987155 0.401502
vt 0.989044 0.401512
vt 0.967572 0.116617
vt 0.965687 0.116564
vt 0.969456 0.116670
vt 0.963154 0.218015
vt 0.964608 0.218035
vt 0.965977 0.291906
vt 0.964495 0.291910
vt 0.966059 0.218066
vt 0.967456 0.291891
vt 0.965624 0.401282
vt 0.963735 0.401258
vt 0.967533 0.401307
vt 0.233362 0.000094
vt 0.466916 0.256130
vt 0.638740 0.597405
vt 0.687328 0.597351
vt 0.233386 0.613500
vt 0.233382 0.671709
vt 0.219323 0.671709
vt 0.219319 0.620691
vt 0.233386 0.729919
vt 0.219319 0.722728
vt 0.042716 0.629305
vt 0.000000 0.629302
vt 0.000000 0.613503
vt 0.042716 0.613500
vt 0.000000 0.629308
vt 0.042716 0.629305
vt 0.042716 0.645110
vt 0.000000 0.645107
vt 0.191327 0.629302
vt 0.191327 0.613503
vt 0.687513 0.736267
vt 0.687328 0.659131
vt 0.688671 0.659135
vt 0.688858 0.736569
vt 0.690061 0.659139
vt 0.690208 0.737338
vt 0.691388 0.659143
vt 0.691576 0.738517
vt 0.205253 0.613500
vt 0.205117 0.667504
vt 0.204193 0.667503
vt 0.204322 0.614513
vt 0.203285 0.667503
vt 0.203409 0.615492
vt 0.202388 0.667502
vt 0.202510 0.616177
vt 0.205253 0.721107
vt 0.204329 0.720305
vt 0.203420 0.719535
vt 0.202521 0.719003
vt 0.699901 0.597351
vt 0.699714 0.676729
vt 0.698388 0.676735
vt 0.698534 0.598532
vt 0.696998 0.676740
vt 0.697183 0.599303
vt 0.695654 0.676745
vt 0.695839 0.599606
vt 0.687502 0.599576
vt 0.688843 0.599281
vt 0.690279 0.598466
vt 0.691576 0.597351
vt 0.699901 0.738517
vt 0.698605 0.737404
vt 0.697169 0.736591
vt 0.695828 0.736296
vt 0.695654 0.597351
vt 0.695518 0.651355
vt 0.694595 0.651354
vt 0.694723 0.598364
vt 0.693687 0.651353
vt 0.693811 0.599343
vt 0.692790 0.651353
vt 0.692912 0.600028
vt 0.695654 0.704958
vt 0.694731 0.704156
vt 0.693822 0.703385
vt 0.692922 0.702853
vt 0.590152 0.597460
vt 0.474748 0.609181
vt 0.471534 0.709246
vt 0.470053 0.709229
vt 0.473434 0.608356
vt 0.468414 0.709219
vt 0.471988 0.607562
vt 0.466771 0.709213
vt 0.470464 0.606773
vt 0.525213 0.597351
vt 0.525244 0.598383
vt 0.525273 0.599343
vt 0.525300 0.600251
vt 0.580422 0.603409
vt 0.578947 0.604289
vt 0.577550 0.605169
vt 0.576286 0.606072
vt 0.590152 0.705472
vt 0.588512 0.705576
vt 0.586876 0.705684
vt 0.585399 0.705791
vt 0.474056 0.765792
vt 0.472883 0.766772
vt 0.471564 0.767751
vt 0.470270 0.768717
vt 0.590152 0.765081
vt 0.588803 0.764194
vt 0.587429 0.763297
vt 0.586200 0.762390
vt 0.530355 0.771665
vt 0.530321 0.770547
vt 0.530290 0.769501
vt 0.530261 0.768506
vt 0.191327 0.629308
vt 0.191327 0.645107
vn 0.0000 0.0000 -1.0000
vn -0.0009 0.9914 -0.1305
vn -0.1305 0.9829 -0.1296
vn -0.1314 0.9913 0.0000
vn -0.0010 1.0000 0.0000
vn -1.0000 0.0000 0.0000
vn -0.9914 0.0000 -0.1306
vn -0.9914 0.0000 -0.1305
vn 0.0001 -0.1305 0.9914
vn -0.0000 -0.0000 1.0000
vn -0.1307 0.0000 0.9914
vn -0.1294 -0.1296 0.9831
vn -0.0009 0.9915 -0.1303
vn 0.9914 0.0000 -0.1306
vn 0.9914 -0.0000 -0.1305
vn 1.0000 -0.0000 0.0000
vn 0.9831 0.1296 -0.1295
vn 0.9914 0.1305 0.0000
vn 0.0010 -1.0000 0.0000
vn 0.1314 -0.9913 0.0000
vn 0.1315 -0.9913 0.0000
vn 0.1288 0.9832 -0.1296
vn 0.1293 0.9916 -0.0000
vn 0.0009 -0.9914 -0.1305
vn 0.0009 -0.9914 -0.1306
vn -0.0001 0.1305 0.9914
vn -0.0001 0.1306 0.9914
vn 0.1307 -0.9829 -0.1295
vn 0.1306 0.0000 -0.9914
vn 0.1305 0.0000 -0.9914
vn -0.1289 -0.9831 -0.1296
vn -0.1297 -0.9916 0.0000
vn 0.1297 0.9916 0.0000
vn 0.1306 -0.0000 0.9914
vn 0.1305 -0.0000 0.9914
vn 0.1294 0.1296 0.9831
vn 0.0001 -0.1306 0.9914
vn 0.1297 -0.1295 0.9831
vn -0.9830 -0.1297 -0.1296
vn -0.9914 -0.1305 0.0000
vn 0.0001 -0.1305 -0.9914
vn 0.0001 -0.1306 -0.9914
vn 0.1298 -0.1296 -0.9830
vn 0.9915 -0.1304 0.0000
vn 0.9915 -0.1305 0.0000
vn 0.9914 0.0000 0.1305
vn 0.9831 -0.1295 0.1295
vn -0.9914 0.0000 0.1305
vn -0.9830 -0.1297 0.1296
vn -0.9914 -0.0000 0.1306
vn -0.9914 -0.1306 0.0000
vn -0.0001 0.1305 -0.9914
vn 0.1295 0.1297 -0.9831
vn -0.0001 0.1306 -0.9914
vn -0.9915 0.1304 0.0000
vn -0.9831 0.1296 -0.1296
vn -0.9915 0.1305 0.0000
vn -0.9831 0.1296 0.1296
vn 0.9831 0.1296 0.1295
vn 0.9914 0.1306 0.0000
vn -0.0009 0.9915 0.1303
vn 0.1288 0.9832 0.1295
vn 0.9914 0.0000 0.1306
vn 0.9831 -0.1295 -0.1295
vn -0.0009 0.9914 0.1305
vn -0.0009 0.9914 0.1306
vn -0.1306 0.9829 0.1296
vn 0.0009 -0.9914 0.1305
vn -0.1289 -0.9831 0.1296
vn 0.0009 -0.9914 0.1306
vn -0.1302 0.0000 -0.9915
vn -0.1297 0.1296 -0.9831
vn -0.1306 0.0000 -0.9914
vn -0.1294 -0.1296 -0.9831
vn -0.1297 0.1296 0.9830
vn -0.1306 -0.0000 0.9914
vn -0.1302 -0.0000 0.9915
vn 0.1307 -0.9829 0.1295
vn 0.4924 -0.8619 0.1214
vn 0.4480 -0.7742 0.4471
vn 0.1224 -0.8622 0.4916
vn 0.8624 -0.4913 0.1217
vn 0.7746 -0.4471 0.4473
vn 0.8624 -0.1213 0.4915
vn 0.4916 -0.1214 0.8623
vn 0.4476 -0.4470 0.7745
vn 0.1220 -0.4916 0.8622
vn 0.1208 0.8623 0.4917
vn 0.4468 0.7746 0.4475
vn 0.4909 0.8627 0.1216
vn 0.1210 0.4915 0.8624
vn 0.4470 0.4474 0.7746
vn 0.4914 0.1215 0.8624
vn 0.8623 0.1215 0.4916
vn 0.7742 0.4475 0.4476
vn 0.8623 0.4917 0.1214
vn 0.4919 -0.1215 -0.8622
vn 0.4478 -0.4472 -0.7743
vn 0.1220 -0.4916 -0.8623
vn 0.8625 -0.1214 -0.4913
vn 0.7745 -0.4472 -0.4474
vn 0.8625 -0.4912 -0.1214
vn 0.4920 -0.8620 -0.1217
vn 0.4481 -0.7742 -0.4470
vn 0.1225 -0.8623 -0.4915
vn 0.4911 0.8626 -0.1215
vn 0.4469 0.7747 -0.4474
vn 0.1209 0.8624 -0.4916
vn 0.8623 0.4917 -0.1214
vn 0.7744 0.4475 -0.4472
vn 0.8624 0.1216 -0.4914
vn 0.4917 0.1216 -0.8622
vn 0.4471 0.4474 -0.7745
vn 0.1211 0.4916 -0.8623
vn -0.1211 -0.4915 -0.8624
vn -0.4469 -0.4473 -0.7747
vn -0.4913 -0.1215 -0.8624
vn -0.1209 -0.8623 -0.4917
vn -0.4468 -0.7746 -0.4475
vn -0.4910 -0.8626 -0.1216
vn -0.8621 -0.4919 -0.1216
vn -0.7743 -0.4474 -0.4474
vn -0.8622 -0.1217 -0.4917
vn -0.4915 0.1214 -0.8624
vn -0.4475 0.4471 -0.7745
vn -0.1220 0.4914 -0.8624
vn -0.8623 0.1216 -0.4916
vn -0.7746 0.4471 -0.4474
vn -0.8625 0.4913 -0.1216
vn -0.4922 0.8619 -0.1216
vn -0.4480 0.7741 -0.4474
vn -0.1224 0.8621 -0.4917
vn -0.4914 -0.1215 0.8624
vn -0.4469 -0.4473 0.7747
vn -0.1211 -0.4915 0.8624
vn -0.8622 -0.1217 0.4917
vn -0.7741 -0.4477 0.4476
vn -0.8621 -0.4919 0.1216
vn -0.4911 -0.8626 0.1216
vn -0.4468 -0.7746 0.4475
vn -0.1209 -0.8623 0.4917
vn -0.1220 0.4914 0.8624
vn -0.4475 0.4471 0.7745
vn -0.4915 0.1214 0.8624
vn -0.1224 0.8621 0.4917
vn -0.4480 0.7740 0.4474
vn -0.4922 0.8619 0.1216
vn -0.8625 0.4913 0.1216
vn -0.7746 0.4471 0.4474
vn -0.8623 0.1216 0.4916
vn -0.0009 0.9659 -0.2589
vn -0.0007 0.7071 -0.7071
vn -0.0005 0.4997 -0.8662
vn -0.0009 0.9659 -0.2588
vn -0.0007 0.7072 -0.7070
vn -0.0005 0.5001 -0.8660
vn -0.0007 0.7070 -0.7072
vn -0.0005 0.4999 -0.8661
vn 0.8662 -0.0000 -0.4997
vn 0.5002 -0.0000 -0.8659
vn 0.8660 0.0000 -0.5001
vn 0.5003 0.0000 -0.8659
vn 0.5007 -0.8656 0.0000
vn 0.8662 -0.4997 0.0000
vn 0.5006 -0.8657 0.0000
vn 0.2580 0.9661 0.0000
vn 0.7068 0.7074 -0.0000
vn 0.9659 0.2588 0.0000
vn 0.2581 0.9661 0.0000
vn 0.7067 0.7075 0.0000
vn 0.9659 0.2589 0.0000
vn 0.5000 -0.0000 0.8660
vn 0.8660 -0.0000 0.5000
vn 0.5001 -0.0000 0.8660
vn 0.0008 -0.8660 0.5000
vn 0.0007 -0.7070 0.7072
vn 0.0001 -0.2584 0.9660
vn 0.0005 -0.5000 0.8660
vn 0.0005 -0.4999 0.8661
vn 0.0008 -0.8661 -0.4999
vn 0.0007 -0.7072 -0.7070
vn 0.0003 -0.2588 -0.9659
vn 0.0007 -0.7073 -0.7069
vn 0.0003 -0.2589 -0.9659
vn 0.0008 -0.8660 -0.5000
vn 0.0007 -0.7071 -0.7071
vn 0.0002 -0.2588 -0.9659
vn -0.0009 0.9660 0.2585
vn -0.0007 0.7068 0.7074
vn -0.0005 0.4998 0.8661
vn -0.0009 0.9659 0.2588
vn -0.0007 0.7071 0.7072
vn -0.0005 0.5000 0.8660
vn -0.0009 0.9659 0.2589
vn -0.0007 0.7070 0.7072
vn -0.0005 0.5000 0.8661
vn -0.8662 0.4997 -0.0000
vn -0.5006 0.8657 -0.0000
vn -0.2581 -0.9661 0.0000
vn -0.7067 -0.7075 -0.0000
vn -0.9659 -0.2588 0.0000
vn -0.2582 -0.9661 0.0000
vn -0.9659 -0.2589 0.0000
vn -0.9659 -0.0000 0.2588
vn -0.7073 0.0000 0.7069
vn -0.2583 0.0000 0.9661
vn -0.9659 -0.0000 0.2589
vn -0.7072 -0.0000 0.7070
vn -0.2585 -0.0000 0.9660
vn -0.2586 0.0000 -0.9660
vn -0.7073 0.0000 -0.7069
vn -0.8661 0.0000 -0.4999
vn -0.2587 0.0000 -0.9660
vn -0.7071 0.0000 -0.7071
vn -0.8662 0.0000 -0.4998
vn -0.2583 -0.0000 -0.9661
vn -0.9659 0.0000 -0.2588
vn 0.0009 0.9914 -0.1305
vn 0.0010 1.0000 0.0000
vn 0.1314 0.9913 0.0000
vn 0.1305 0.9829 -0.1296
vn -0.0297 0.0288 0.9991
vn 0.1302 -0.0000 0.9915
vn -0.1092 0.0000 0.9940
vn 0.0009 0.9915 -0.1303
vn -0.9914 0.1305 0.0000
vn -0.9831 0.1296 -0.1295
vn -0.0010 -1.0000 0.0000
vn -0.1315 -0.9913 0.0000
vn -0.1314 -0.9913 0.0000
vn -0.1288 0.9832 -0.1296
vn -0.1296 0.9916 0.0000
vn -0.0009 -0.9914 -0.1305
vn -0.0009 -0.9914 -0.1306
vn 0.0001 0.1304 0.9915
vn -0.1307 -0.9829 -0.1295
vn -0.1305 0.0000 -0.9914
vn 0.1289 -0.9832 -0.1296
vn 0.1297 -0.9916 0.0000
vn -0.1297 0.9916 0.0000
vn -0.0001 -0.1231 0.9924
vn -0.0297 -0.0288 0.9991
vn -0.1294 0.1296 0.9831
vn 0.1093 -0.0000 0.9940
vn -0.0001 -0.1230 0.9924
vn 0.0802 -0.0949 0.9922
vn -0.1094 -0.0000 0.9940
vn -0.0805 -0.0949 0.9922
vn -0.0001 -0.1304 0.9915
vn 0.0001 0.1230 0.9924
vn 0.0297 0.0288 0.9991
vn 0.9914 -0.1305 0.0000
vn 0.9830 -0.1297 -0.1297
vn -0.0001 -0.1305 -0.9915
vn -0.0001 -0.1304 -0.9915
vn -0.1298 -0.1296 -0.9830
vn -0.9915 -0.1304 0.0000
vn -0.9915 -0.1305 0.0000
vn -0.9831 -0.1295 0.1295
vn 0.0297 -0.0288 0.9991
vn 0.9830 -0.1298 0.1297
vn 0.9914 -0.1306 -0.0000
vn -0.1295 0.1294 -0.9831
vn 0.0001 0.1304 -0.9915
vn 0.9915 0.1304 0.0000
vn 0.9831 0.1296 -0.1296
vn 0.9915 0.1305 0.0000
vn 0.9831 0.1296 0.1296
vn -0.9831 0.1296 0.1295
vn -0.9914 0.1306 0.0000
vn -0.1296 -0.1295 0.9831
vn -0.0010 -0.9827 0.1853
vn -0.0010 -0.9904 0.1384
vn -0.0011 -0.9904 0.1384
vn -0.0010 -0.9963 0.0860
vn -0.1288 0.9832 0.1296
vn 0.0009 0.9915 0.1303
vn -0.9831 -0.1295 -0.1295
vn 0.0009 0.9914 0.1305
vn 0.0009 0.9914 0.1306
vn 0.1306 0.9829 0.1296
vn 0.1289 -0.9831 0.1296
vn -0.0009 -0.9914 0.1305
vn -0.0009 -0.9914 0.1306
vn 0.1297 0.1296 -0.9830
vn 0.1302 0.0000 -0.9915
vn 0.1294 -0.1296 -0.9831
vn 0.1300 0.1296 0.9830
vn -0.0010 -0.9828 0.1849
vn -0.0010 -0.9964 0.0853
vn -0.1307 -0.9829 0.1295
vn -0.1224 -0.8622 0.4916
vn -0.4480 -0.7742 0.4471
vn -0.4924 -0.8619 0.1214
vn -0.7744 -0.4473 0.4474
vn -0.8625 -0.4912 0.1214
vn -0.8623 -0.1215 0.4916
vn -0.4476 -0.4470 0.7745
vn -0.4916 -0.1214 0.8623
vn -0.1219 -0.4914 0.8624
vn -0.4911 0.8626 0.1215
vn -0.4468 0.7746 0.4476
vn -0.1208 0.8625 0.4914
vn -0.4468 0.4472 0.7748
vn -0.1210 0.4915 0.8624
vn -0.4914 0.1215 0.8624
vn -0.7742 0.4476 0.4475
vn -0.8624 0.1215 0.4915
vn -0.8623 0.4917 0.1214
vn -0.1220 -0.4916 -0.8623
vn -0.4478 -0.4472 -0.7742
vn -0.4919 -0.1215 -0.8622
vn -0.7745 -0.4472 -0.4474
vn -0.8625 -0.1214 -0.4913
vn -0.8625 -0.4912 -0.1214
vn -0.4481 -0.7742 -0.4470
vn -0.4924 -0.8619 -0.1214
vn -0.1225 -0.8623 -0.4914
vn -0.1209 0.8624 -0.4916
vn -0.4469 0.7747 -0.4474
vn -0.4911 0.8626 -0.1215
vn -0.7742 0.4475 -0.4475
vn -0.8623 0.4917 -0.1214
vn -0.8624 0.1216 -0.4914
vn -0.4471 0.4474 -0.7745
vn -0.4917 0.1216 -0.8622
vn -0.1211 0.4916 -0.8623
vn 0.4914 -0.1216 -0.8624
vn 0.4469 -0.4473 -0.7747
vn 0.1211 -0.4915 -0.8624
vn 0.4468 -0.7746 -0.4475
vn 0.1209 -0.8623 -0.4917
vn 0.4910 -0.8626 -0.1216
vn 0.7744 -0.4474 -0.4474
vn 0.8621 -0.4919 -0.1216
vn 0.8622 -0.1215 -0.4917
vn 0.1220 0.4914 -0.8624
vn 0.4475 0.4471 -0.7745
vn 0.4915 0.1214 -0.8624
vn 0.7746 0.4471 -0.4474
vn 0.8623 0.1213 -0.4916
vn 0.8625 0.4913 -0.1216
vn 0.4480 0.7741 -0.4474
vn 0.4922 0.8619 -0.1216
vn 0.1224 0.8621 -0.4917
vn 0.1294 -0.1296 0.9831
vn 0.1211 -0.4915 0.8624
vn 0.4471 -0.4476 0.7744
vn 0.4914 -0.1216 0.8624
vn 0.7741 -0.4477 0.4476
vn 0.8624 -0.1217 0.4914
vn 0.8622 -0.4918 0.1216
vn 0.4468 -0.7747 0.4475
vn 0.4911 -0.8626 0.1216
vn 0.1209 -0.8623 0.4917
vn 0.4915 0.1214 0.8624
vn 0.4475 0.4471 0.7745
vn 0.1220 0.4918 0.8621
vn 0.4480 0.7741 0.4474
vn 0.1224 0.8621 0.4917
vn 0.4922 0.8619 0.1216
vn 0.7746 0.4471 0.4474
vn 0.8625 0.4913 0.1216
vn 0.8623 0.1216 0.4916
vn 0.0008 0.8660 -0.5000
vn 0.0007 0.7071 -0.7071
vn 0.0002 0.2586 -0.9660
vn 0.0008 0.8661 -0.4999
vn 0.0005 0.4999 -0.8661
vn 0.0009 0.9659 -0.2588
vn 0.0007 0.7070 -0.7072
vn -0.8660 0.0000 -0.5000
vn -0.7072 0.0000 -0.7070
vn -0.2588 -0.0000 -0.9659
vn -0.8661 0.0000 -0.4998
vn -0.5000 0.0000 -0.8660
vn -0.5003 0.0000 -0.8659
vn -0.8662 0.0000 -0.4997
vn -0.5007 -0.8656 0.0000
vn -0.8662 -0.4997 0.0000
vn -0.5006 -0.8657 0.0000
vn -0.2580 0.9661 0.0000
vn -0.7068 0.7074 -0.0000
vn -0.9659 0.2588 0.0000
vn -0.2581 0.9661 0.0000
vn -0.7067 0.7075 0.0000
vn -0.9659 0.2589 0.0000
vn -0.2587 -0.0000 0.9660
vn -0.8661 -0.0000 0.4998
vn -0.7074 0.0000 0.7068
vn -0.7072 -0.0000 0.7071
vn -0.8660 -0.0000 0.5001
vn -0.2582 -0.0000 0.9661
vn -0.0008 -0.8660 0.5000
vn -0.0007 -0.7070 0.7072
vn -0.0001 -0.1305 0.9915
vn -0.0002 -0.2587 0.9660
vn -0.0007 -0.7071 0.7071
vn -0.0002 -0.2586 0.9660
vn -0.0008 -0.8660 -0.5000
vn -0.0007 -0.7071 -0.7071
vn -0.0002 -0.2586 -0.9660
vn -0.0003 -0.2586 -0.9660
vn -0.0007 -0.7070 -0.7072
vn -0.0003 -0.2587 -0.9660
vn 0.0009 0.9660 0.2585
vn 0.0005 0.4998 0.8661
vn 0.0007 0.7069 0.7073
vn 0.0008 0.8661 0.4999
vn 0.0005 0.5000 0.8661
vn 0.0008 0.8660 0.5000
vn 0.0007 0.7071 0.7071
vn 0.0003 0.2586 0.9660
vn 0.8662 0.4997 -0.0000
vn 0.5006 0.8657 -0.0000
vn 0.2577 -0.9662 -0.0000
vn 0.7067 -0.7075 -0.0000
vn 0.9659 -0.2588 0.0000
vn 0.2582 -0.9661 0.0000
vn 0.7068 -0.7074 0.0000
vn 0.9659 -0.2590 0.0000
vn 0.2581 -0.9661 -0.0000
vn 0.7069 -0.7073 0.0000
vn 0.9659 -0.2589 -0.0000
vn 0.9659 -0.0000 0.2588
vn 0.4999 0.0000 0.8661
vn 0.7073 0.0000 0.7069
vn 0.9659 -0.0000 0.2589
vn 0.7071 -0.0000 0.7071
vn 0.5000 -0.0000 0.8661
vn 0.7072 -0.0000 0.7070
vn 0.4999 0.0000 -0.8661
vn 0.7073 0.0000 -0.7069
vn 0.9659 -0.0000 -0.2588
vn 0.5000 0.0000 -0.8660
vn 0.7072 0.0000 -0.7070
vn 0.9659 0.0000 -0.2589
vn -0.0803 0.0950 0.9922
vn 0.0010 0.9827 0.1853
vn 0.0010 0.9904 0.1384
vn 0.0011 0.9904 0.1384
vn 0.0010 0.9963 0.0860
vn 0.0010 0.9828 0.1849
vn 0.0010 0.9964 0.0853
vn -0.8404 0.0000 0.5420
vn -0.8368 0.0000 0.5475
vn -0.8445 -0.0000 0.5356
vn -0.8404 -0.0000 0.5419
vn 0.8369 0.0000 0.5474
vn 0.8405 0.0000 0.5419
vn 0.8445 -0.0000 0.5355
vn -0.8370 0.0000 0.5472
vn 0.6680 0.0000 0.7442
vn 0.6408 -0.0000 0.7677
vn 0.3821 0.0000 0.9241
vn 0.1716 0.1776 0.9690
vn 0.0005 0.4800 0.8773
vn 0.0007 0.6850 0.7285
vn 0.0007 0.6846 0.7289
vn 0.0009 0.9617 0.2742
vn 0.0009 0.9617 0.2741
vn -0.1712 0.1776 0.9691
vn 0.0006 0.6851 0.7284
vn 0.0009 0.9618 0.2739
vn -0.3820 0.0000 0.9242
vn -0.6679 0.0000 0.7442
vn -0.6407 -0.0000 0.7678
vn 0.6407 0.0000 0.7678
vn 0.1712 -0.1776 0.9691
vn -0.1716 -0.1776 0.9690
vn -0.0005 -0.4799 0.8773
vn -0.0007 -0.6848 0.7287
vn -0.0007 -0.6848 0.7288
vn -0.0009 -0.9616 0.2743
vn -0.0009 -0.9617 0.2741
vn -0.0006 -0.6848 0.7287
vn -0.0009 -0.9617 0.2740
vn 0.0804 0.0948 0.9922
vn 0.2360 0.3287 0.9145
vn 0.6680 -0.0000 0.7441
vn 0.6998 0.0000 0.7143
vn 0.0011 0.9617 0.2742
vn 0.0012 0.9617 0.2741
vn 0.0008 0.6849 0.7286
vn 0.0005 0.4799 0.8773
vn 0.0011 0.9617 0.2741
vn -0.2354 0.3288 0.9146
vn -0.6997 0.0000 0.7144
vn -0.3821 -0.0000 0.9241
vn 0.2354 -0.3289 0.9145
vn 0.6999 -0.0000 0.7143
vn -0.6997 -0.0000 0.7145
vn -0.2360 -0.3287 0.9145
vn -0.0011 -0.9617 0.2741
vn -0.0011 -0.9616 0.2745
vn -0.0007 -0.6850 0.7286
vn -0.0008 -0.6850 0.7286
vn -0.0005 -0.4800 0.8773
vn -0.0011 -0.9618 0.2737
vn -0.0008 -0.6850 0.7285
usemtl Fridge_Doors
s 1
f 1119/1361/478 1120/1362/478 1121/1363/478 1122/1364/478
f 1120/1362/478 1123/1365/478 1124/1366/478 1121/1363/478
f 1122/1364/478 1121/1363/478 1125/1367/478 1126/1368/478
f 1121/1363/478 1124/1366/478 1127/1369/478 1125/1367/478
f 1128/1370/479 1129/1371/480 1130/1372/481 1131/1373/482
f 1132/1374/483 1133/1375/484 1134/1376/485 1135/1377/483
f 1136/1378/486 1137/1379/487 1138/1380/488 1139/1381/489
f 1140/1382/490 1141/1383/479 1142/1384/482 1143/1385/482
f 1144/1386/491 1145/1387/492 1146/1388/493 1147/1389/493
f 1145/1387/492 1148/1390/494 1149/1391/495 1146/1388/493
f 1150/1392/492 1144/1386/491 1147/1389/493 1151/1393/493
f 1152/1394/496 1153/1395/497 1154/1396/498 1155/1397/496
f 1156/1398/499 1140/1382/490 1143/1385/482 1157/1399/500
f 1158/1400/501 1159/1401/502 1160/1402/496 1161/1403/496
f 1162/1404/487 1163/1405/503 1164/1406/504 1165/1407/487
f 1151/1393/493 1147/1389/493 1166/1408/493 1167/1409/493
f 1147/1389/493 1146/1388/493 1168/1410/493 1166/1408/493
f 1167/1409/493 1166/1408/493 1169/1411/493 1170/1412/493
f 1166/1408/493 1168/1410/493 1171/1413/493 1169/1411/493
f 1172/1414/501 1173/1415/505 1174/1416/498 1175/1417/496
f 1126/1368/478 1125/1367/478 1176/1418/506 1177/1419/507
f 1125/1367/478 1127/1369/478 1178/1420/507 1176/1418/506
f 1179/1421/508 1158/1400/501 1161/1403/496 1180/1422/509
f 1181/1423/510 1182/1424/482 1183/1425/482 1184/1426/500
f 1185/1427/511 1186/1428/512 1162/1404/487 1187/1429/487
f 1186/1428/512 1188/1430/513 1163/1405/503 1162/1404/487
f 1189/1431/512 1185/1427/511 1187/1429/487 1190/1432/487
f 1191/1433/514 1192/1434/487 1137/1379/487 1136/1378/486
f 1193/1435/515 1189/1431/512 1190/1432/487 1194/1436/486
f 1175/1417/496 1174/1416/498 1153/1395/497 1152/1394/496
f 1157/1399/500 1143/1385/482 1182/1424/482 1181/1423/510
f 1161/1403/496 1160/1402/496 1195/1437/496 1196/1438/496
f 1160/1402/496 1175/1417/496 1152/1394/496 1195/1437/496
f 1196/1438/496 1195/1437/496 1197/1439/496 1198/1440/496
f 1195/1437/496 1152/1394/496 1155/1397/496 1197/1439/496
f 1135/1377/483 1134/1376/485 1199/1441/516 1200/1442/517
f 1201/1443/518 1119/1361/478 1122/1364/478 1202/1444/519
f 1202/1444/519 1122/1364/478 1126/1368/478 1203/1445/518
f 1203/1445/518 1126/1368/478 1177/1419/507 1204/1446/520
f 1205/1447/521 1151/1393/493 1167/1409/493 1206/1448/522
f 1206/1448/522 1167/1409/493 1170/1412/493 1207/1449/521
f 1207/1449/521 1170/1412/493 1208/1450/523 1209/1451/524
f 1159/1401/502 1172/1414/501 1175/1417/496 1160/1402/496
f 1194/1436/486 1190/1432/487 1192/1434/487 1191/1433/514
f 1210/1452/525 1211/1453/483 1212/1454/517 1213/1455/526
f 1214/1456/525 1215/1457/483 1216/1458/483 1217/1459/527
f 1211/1453/483 1218/1460/483 1219/1461/528 1212/1454/517
f 1143/1385/482 1142/1384/482 1220/1462/482 1182/1424/482
f 1142/1384/482 1131/1373/482 1221/1463/482 1220/1462/482
f 1182/1424/482 1220/1462/482 1222/1464/482 1183/1425/482
f 1220/1462/482 1221/1463/482 1223/1465/482 1222/1464/482
f 1127/1369/478 1224/1466/529 1225/1467/530 1178/1420/507
f 1124/1366/478 1226/1468/531 1224/1466/529 1127/1369/478
f 1123/1365/478 1227/1469/529 1226/1468/531 1124/1366/478
f 1228/1470/532 1229/1471/533 1230/1472/485 1231/1473/483
f 1232/1474/532 1233/1475/534 1234/1476/483 1215/1457/483
f 1218/1460/483 1135/1377/483 1200/1442/517 1219/1461/528
f 1235/1477/535 1232/1474/532 1215/1457/483 1214/1456/525
f 1233/1475/534 1228/1470/532 1231/1473/483 1234/1476/483
f 1165/1407/487 1164/1406/504 1236/1478/503 1237/1479/487
f 1171/1413/493 1238/1480/495 1239/1481/536 1240/1482/523
f 1168/1410/493 1241/1483/537 1238/1480/495 1171/1413/493
f 1146/1388/493 1149/1391/495 1241/1483/537 1168/1410/493
f 1190/1432/487 1187/1429/487 1242/1484/487 1192/1434/487
f 1187/1429/487 1162/1404/487 1165/1407/487 1242/1484/487
f 1192/1434/487 1242/1484/487 1243/1485/487 1137/1379/487
f 1242/1484/487 1165/1407/487 1237/1479/487 1243/1485/487
f 1184/1426/500 1183/1425/482 1244/1486/538 1245/1487/539
f 1170/1412/493 1169/1411/493 1246/1488/540 1208/1450/523
f 1169/1411/493 1171/1413/493 1240/1482/523 1246/1488/540
f 1247/1489/541 1150/1392/492 1151/1393/493 1205/1447/521
f 1183/1425/482 1222/1464/482 1248/1490/542 1244/1486/538
f 1222/1464/482 1223/1465/482 1249/1491/543 1248/1490/542
f 1223/1465/482 1250/1492/481 1251/1493/544 1249/1491/543
f 1217/1459/527 1216/1458/483 1211/1453/483 1210/1452/525
f 1231/1473/483 1230/1472/485 1133/1375/484 1132/1374/483
f 1252/1494/509 1198/1440/496 1253/1495/545 1254/1496/546
f 1198/1440/496 1197/1439/496 1255/1497/547 1253/1495/545
f 1197/1439/496 1155/1397/496 1256/1498/545 1255/1497/547
f 1215/1457/483 1234/1476/483 1257/1499/483 1216/1458/483
f 1234/1476/483 1231/1473/483 1132/1374/483 1257/1499/483
f 1216/1458/483 1257/1499/483 1218/1460/483 1211/1453/483
f 1257/1499/483 1132/1374/483 1135/1377/483 1218/1460/483
f 1141/1383/479 1128/1370/479 1131/1373/482 1142/1384/482
f 1221/1463/482 1258/1500/481 1250/1492/481 1223/1465/482
f 1131/1373/482 1130/1372/481 1258/1500/481 1221/1463/482
f 1259/1501/548 1260/1502/549 1227/1469/529 1123/1365/478
f 1261/1503/548 1259/1501/548 1123/1365/478 1120/1362/478
f 1262/1504/550 1261/1503/548 1120/1362/478 1119/1361/478
f 1263/1505/551 1262/1504/550 1119/1361/478 1201/1443/518
f 1180/1422/509 1161/1403/496 1196/1438/496 1264/1506/509
f 1264/1506/509 1196/1438/496 1198/1440/496 1252/1494/509
f 1237/1479/487 1236/1478/503 1265/1507/552 1266/1508/553
f 1137/1379/487 1243/1485/487 1267/1509/554 1138/1380/488
f 1243/1485/487 1237/1479/487 1266/1508/553 1267/1509/554
f 1268/1510/555 1269/1511/556 1270/1512/557 1271/1513/558
f 1269/1511/556 1272/1514/559 1273/1515/560 1270/1512/557
f 1209/1451/524 1274/1516/561 1273/1515/560 1272/1514/559
f 1274/1516/561 1275/1517/562 1276/1518/563 1273/1515/560
f 1193/1519/515 1277/1520/564 1276/1518/563 1275/1517/562
f 1277/1520/564 1271/1513/558 1270/1512/557 1276/1518/563
f 1270/1512/557 1273/1515/560 1276/1518/563
f 1245/1521/539 1278/1522/565 1279/1523/566 1280/1524/567
f 1278/1522/565 1281/1525/568 1282/1526/569 1279/1523/566
f 1188/1527/513 1283/1528/570 1282/1526/569 1281/1525/568
f 1283/1528/570 1284/1529/571 1285/1530/572 1282/1526/569
f 1239/1481/536 1286/1531/573 1285/1530/572 1284/1529/571
f 1286/1531/573 1280/1524/567 1279/1523/566 1285/1530/572
f 1279/1523/566 1282/1526/569 1285/1530/572
f 1204/1532/520 1287/1533/574 1288/1534/575 1289/1535/576
f 1287/1533/574 1290/1536/577 1291/1537/578 1288/1534/575
f 1247/1489/541 1292/1538/579 1291/1537/578 1290/1536/577
f 1292/1538/579 1293/1539/580 1294/1540/581 1291/1537/578
f 1173/1541/505 1295/1542/582 1294/1540/581 1293/1539/580
f 1295/1542/582 1289/1535/576 1288/1534/575 1294/1540/581
f 1288/1534/575 1291/1537/578 1294/1540/581
f 1156/1543/499 1296/1544/583 1297/1545/584 1298/1546/585
f 1296/1544/583 1299/1547/586 1300/1548/587 1297/1545/584
f 1148/1390/494 1301/1549/588 1300/1548/587 1299/1547/586
f 1301/1549/588 1302/1550/589 1303/1551/590 1300/1548/587
f 1225/1552/530 1304/1553/591 1303/1551/590 1302/1550/589
f 1304/1553/591 1298/1546/585 1297/1545/584 1303/1551/590
f 1297/1545/584 1300/1548/587 1303/1551/590
f 1263/1554/551 1305/1555/592 1306/1556/593 1307/1557/594
f 1305/1555/592 1308/1558/595 1309/1559/596 1306/1556/593
f 1179/1560/508 1310/1561/597 1309/1559/596 1308/1558/595
f 1310/1561/597 1311/1562/598 1312/1563/599 1309/1559/596
f 1199/1441/516 1313/1564/600 1312/1563/599 1311/1562/598
f 1313/1564/600 1307/1557/594 1306/1556/593 1312/1563/599
f 1306/1556/593 1309/1559/596 1312/1563/599
f 1260/1565/549 1314/1566/601 1315/1567/602 1316/1568/603
f 1314/1566/601 1317/1569/604 1318/1570/605 1315/1567/602
f 1229/1471/533 1319/1571/606 1318/1570/605 1317/1569/604
f 1319/1571/606 1320/1572/607 1321/1573/608 1318/1570/605
f 1129/1574/480 1322/1575/609 1321/1573/608 1320/1572/607
f 1322/1575/609 1316/1568/603 1315/1567/602 1321/1573/608
f 1315/1567/602 1318/1570/605 1321/1573/608
f 1139/1576/489 1323/1577/610 1324/1578/611 1325/1579/612
f 1323/1577/610 1326/1580/613 1327/1581/614 1324/1578/611
f 1213/1455/526 1328/1582/615 1327/1581/614 1326/1580/613
f 1328/1582/615 1329/1583/616 1330/1584/617 1327/1581/614
f 1254/1585/546 1331/1586/618 1330/1584/617 1329/1583/616
f 1331/1586/618 1325/1579/612 1324/1578/611 1330/1584/617
f 1324/1578/611 1327/1581/614 1330/1584/617
f 1265/1587/552 1332/1588/619 1333/1589/620 1334/1590/621
f 1332/1588/619 1335/1591/622 1336/1592/623 1333/1589/620
f 1251/1593/544 1337/1594/624 1336/1592/623 1335/1591/622
f 1337/1594/624 1338/1595/625 1339/1596/626 1336/1592/623
f 1235/1477/535 1340/1597/627 1339/1596/626 1338/1595/625
f 1340/1597/627 1334/1590/621 1333/1589/620 1339/1596/626
f 1333/1589/620 1336/1592/623 1339/1596/626
f 1129/1371/480 1128/1370/479 1341/1598/628 1322/1599/609
f 1322/1599/609 1341/1598/629 1342/1600/630 1316/1601/603
f 1316/1601/603 1342/1600/630 1227/1602/529 1260/1603/549
f 1128/1370/479 1141/1383/479 1343/1604/631 1341/1598/628
f 1341/1598/629 1343/1604/632 1344/1605/633 1342/1600/630
f 1342/1600/630 1344/1605/633 1226/1606/531 1227/1602/529
f 1141/1383/479 1140/1382/490 1345/1607/631 1343/1604/631
f 1343/1604/632 1345/1607/634 1346/1608/635 1344/1605/633
f 1344/1605/633 1346/1608/635 1224/1609/529 1226/1606/531
f 1140/1382/490 1156/1398/499 1298/1610/585 1345/1607/631
f 1345/1607/634 1298/1610/585 1304/1611/591 1346/1608/635
f 1346/1608/635 1304/1611/591 1225/1612/530 1224/1609/529
f 1148/1390/494 1145/1387/492 1347/1613/636 1301/1549/588
f 1301/1549/588 1347/1613/636 1348/1614/637 1302/1550/589
f 1302/1550/589 1348/1614/637 1178/1615/507 1225/1552/530
f 1145/1387/492 1144/1386/491 1349/1616/638 1347/1613/636
f 1347/1613/636 1349/1616/638 1350/1617/639 1348/1614/637
f 1348/1614/637 1350/1617/639 1176/1618/506 1178/1615/507
f 1144/1386/491 1150/1392/492 1351/1619/636 1349/1616/638
f 1349/1616/638 1351/1619/636 1352/1620/637 1350/1617/639
f 1350/1617/639 1352/1620/637 1177/1621/507 1176/1618/506
f 1150/1392/492 1247/1489/541 1290/1536/577 1351/1619/636
f 1351/1619/636 1290/1536/577 1287/1533/574 1352/1620/637
f 1352/1620/637 1287/1533/574 1204/1532/520 1177/1621/507
f 1268/1510/555 1154/1622/498 1353/1623/640 1269/1511/556
f 1269/1511/556 1353/1623/640 1354/1624/641 1272/1514/559
f 1272/1514/559 1354/1624/641 1207/1449/521 1209/1451/524
f 1154/1622/498 1153/1625/497 1355/1626/642 1353/1623/640
f 1353/1623/640 1355/1626/642 1356/1627/641 1354/1624/641
f 1354/1624/641 1356/1627/641 1206/1448/522 1207/1449/521
f 1153/1625/497 1174/1628/498 1357/1629/640 1355/1626/642
f 1355/1626/642 1357/1629/640 1358/1630/641 1356/1627/641
f 1356/1627/641 1358/1630/641 1205/1447/521 1206/1448/522
f 1174/1628/498 1173/1541/505 1293/1539/580 1357/1629/640
f 1357/1629/640 1293/1539/580 1292/1538/579 1358/1630/641
f 1358/1630/641 1292/1538/579 1247/1489/541 1205/1447/521
f 1156/1543/499 1157/1631/500 1359/1632/643 1296/1544/583
f 1296/1544/583 1359/1632/644 1360/1633/644 1299/1547/586
f 1299/1547/586 1360/1633/645 1149/1391/495 1148/1390/494
f 1157/1631/500 1181/1634/510 1361/1635/646 1359/1632/643
f 1359/1632/644 1361/1635/647 1362/1636/647 1360/1633/644
f 1360/1633/645 1362/1636/648 1241/1483/537 1149/1391/495
f 1181/1634/510 1184/1637/500 1363/1638/643 1361/1635/646
f 1361/1635/647 1363/1638/644 1364/1639/644 1362/1636/647
f 1362/1636/648 1364/1639/645 1238/1480/495 1241/1483/537
f 1184/1637/500 1245/1521/539 1280/1524/567 1363/1638/643
f 1363/1638/644 1280/1524/567 1286/1531/573 1364/1639/644
f 1364/1639/645 1286/1531/573 1239/1481/536 1238/1480/495
f 1188/1527/513 1186/1640/512 1365/1641/649 1283/1528/570
f 1283/1528/570 1365/1641/649 1366/1642/650 1284/1529/571
f 1284/1529/571 1366/1642/650 1240/1482/523 1239/1481/536
f 1186/1640/512 1185/1643/511 1367/1644/651 1365/1641/649
f 1365/1641/649 1367/1644/651 1368/1645/650 1366/1642/650
f 1366/1642/650 1368/1645/650 1246/1488/540 1240/1482/523
f 1185/1643/511 1189/1646/512 1369/1647/649 1367/1644/651
f 1367/1644/651 1369/1647/649 1370/1648/650 1368/1645/650
f 1368/1645/650 1370/1648/650 1208/1450/523 1246/1488/540
f 1189/1646/512 1193/1519/515 1275/1517/562 1369/1647/649
f 1369/1647/649 1275/1517/562 1274/1516/561 1370/1648/650
f 1370/1648/650 1274/1516/561 1209/1451/524 1208/1450/523
f 1254/1649/546 1253/1650/545 1371/1651/652 1331/1652/618
f 1331/1652/618 1371/1651/652 1372/1653/653 1325/1654/612
f 1325/1654/612 1372/1653/654 1136/1378/486 1139/1381/489
f 1253/1650/545 1255/1655/547 1373/1656/652 1371/1651/652
f 1371/1651/652 1373/1656/652 1374/1657/655 1372/1653/653
f 1372/1653/654 1374/1657/655 1191/1433/514 1136/1378/486
f 1255/1655/547 1256/1658/545 1375/1659/652 1373/1656/652
f 1373/1656/652 1375/1659/652 1376/1660/656 1374/1657/655
f 1374/1657/655 1376/1660/656 1194/1436/486 1191/1433/514
f 1256/1658/545 1268/1661/555 1271/1662/558 1375/1659/652
f 1375/1659/652 1271/1662/558 1277/1663/564 1376/1660/656
f 1376/1660/656 1277/1663/564 1193/1435/515 1194/1436/486
f 1173/1415/505 1172/1414/501 1377/1664/657 1295/1665/582
f 1295/1665/582 1377/1664/657 1378/1666/658 1289/1667/576
f 1289/1667/576 1378/1666/659 1203/1445/518 1204/1446/520
f 1172/1414/501 1159/1401/502 1379/1668/657 1377/1664/657
f 1377/1664/657 1379/1668/657 1380/1669/660 1378/1666/658
f 1378/1666/659 1380/1669/661 1202/1444/519 1203/1445/518
f 1159/1401/502 1158/1400/501 1381/1670/662 1379/1668/657
f 1379/1668/657 1381/1670/662 1382/1671/663 1380/1669/660
f 1380/1669/661 1382/1671/664 1201/1443/518 1202/1444/519
f 1158/1400/501 1179/1421/508 1308/1672/595 1381/1670/662
f 1381/1670/662 1308/1672/595 1305/1673/592 1382/1671/663
f 1382/1671/664 1305/1673/592 1263/1505/551 1201/1443/518
f 1245/1674/539 1244/1675/538 1383/1676/665 1278/1677/565
f 1278/1677/565 1383/1676/666 1384/1678/667 1281/1679/568
f 1281/1679/568 1384/1678/667 1163/1405/503 1188/1430/513
f 1244/1675/538 1248/1680/542 1385/1681/668 1383/1676/665
f 1383/1676/666 1385/1681/669 1386/1682/670 1384/1678/667
f 1384/1678/667 1386/1682/670 1164/1406/504 1163/1405/503
f 1248/1680/542 1249/1683/543 1387/1684/671 1385/1681/668
f 1385/1681/669 1387/1684/672 1388/1685/673 1386/1682/670
f 1386/1682/670 1388/1685/673 1236/1478/503 1164/1406/504
f 1249/1683/543 1251/1686/544 1335/1687/622 1387/1684/671
f 1387/1684/672 1335/1687/622 1332/1688/619 1388/1685/673
f 1388/1685/673 1332/1688/619 1265/1507/552 1236/1478/503
f 1229/1471/533 1228/1470/532 1389/1689/674 1319/1571/606
f 1319/1571/606 1389/1689/674 1390/1690/675 1320/1572/607
f 1320/1572/607 1390/1690/675 1130/1691/481 1129/1574/480
f 1228/1470/532 1233/1475/534 1391/1692/674 1389/1689/674
f 1389/1689/674 1391/1692/674 1392/1693/675 1390/1690/675
f 1390/1690/675 1392/1693/675 1258/1694/481 1130/1691/481
f 1233/1475/534 1232/1474/532 1393/1695/674 1391/1692/674
f 1391/1692/674 1393/1695/674 1394/1696/675 1392/1693/675
f 1392/1693/675 1394/1696/675 1250/1697/481 1258/1694/481
f 1232/1474/532 1235/1477/535 1338/1595/625 1393/1695/674
f 1393/1695/674 1338/1595/625 1337/1594/624 1394/1696/675
f 1394/1696/675 1337/1594/624 1251/1593/544 1250/1697/481
f 1179/1560/508 1180/1698/509 1395/1699/676 1310/1561/597
f 1310/1561/597 1395/1699/677 1396/1700/677 1311/1562/598
f 1311/1562/598 1396/1700/678 1200/1442/517 1199/1441/516
f 1180/1698/509 1264/1701/509 1397/1702/679 1395/1699/676
f 1395/1699/677 1397/1702/677 1398/1703/677 1396/1700/677
f 1396/1700/678 1398/1703/680 1219/1461/528 1200/1442/517
f 1264/1701/509 1252/1704/509 1399/1705/676 1397/1702/679
f 1397/1702/677 1399/1705/677 1400/1706/677 1398/1703/677
f 1398/1703/680 1400/1706/678 1212/1454/517 1219/1461/528
f 1252/1704/509 1254/1585/546 1329/1583/616 1399/1705/676
f 1399/1705/677 1329/1583/616 1328/1582/615 1400/1706/677
f 1400/1706/678 1328/1582/615 1213/1455/526 1212/1454/517
f 1235/1477/535 1214/1456/525 1401/1707/681 1340/1597/627
f 1340/1597/627 1401/1707/682 1402/1708/682 1334/1590/621
f 1334/1590/621 1402/1708/683 1266/1709/553 1265/1587/552
f 1214/1456/525 1217/1459/527 1403/1710/684 1401/1707/681
f 1401/1707/682 1403/1710/685 1404/1711/685 1402/1708/682
f 1402/1708/683 1404/1711/686 1267/1712/554 1266/1709/553
f 1217/1459/527 1210/1452/525 1405/1713/681 1403/1710/684
f 1403/1710/685 1405/1713/682 1406/1714/682 1404/1711/685
f 1404/1711/686 1406/1714/683 1138/1715/488 1267/1712/554
f 1210/1452/525 1213/1455/526 1326/1580/613 1405/1713/681
f 1405/1713/682 1326/1580/613 1323/1577/610 1406/1714/682
f 1406/1714/683 1323/1577/610 1139/1576/489 1138/1715/488
f 1260/1565/549 1259/1716/548 1407/1717/687 1314/1566/601
f 1314/1566/601 1407/1717/688 1408/1718/689 1317/1569/604
f 1317/1569/604 1408/1718/689 1230/1472/485 1229/1471/533
f 1259/1716/548 1261/1719/548 1409/1720/690 1407/1717/687
f 1407/1717/688 1409/1720/691 1410/1721/692 1408/1718/689
f 1408/1718/689 1410/1721/692 1133/1375/484 1230/1472/485
f 1261/1719/548 1262/1722/550 1411/1723/693 1409/1720/690
f 1409/1720/691 1411/1723/688 1412/1724/688 1410/1721/692
f 1410/1721/692 1412/1724/694 1134/1376/485 1133/1375/484
f 1262/1722/550 1263/1554/551 1307/1557/594 1411/1723/693
f 1411/1723/688 1307/1557/594 1313/1564/600 1412/1724/688
f 1412/1724/694 1313/1564/600 1199/1441/516 1134/1376/485
f 1155/1397/496 1154/1396/498 1268/1725/555 1256/1498/545
f 1413/1726/478 1414/1727/478 1415/1728/478 1416/1729/478
f 1417/1730/478 1418/1731/478 1419/1732/478 1420/1733/478
f 1414/1727/478 1421/1734/478 1422/1735/478 1415/1728/478
f 1418/1731/478 1423/1736/478 1424/1737/478 1419/1732/478
f 1425/1738/695 1426/1739/696 1427/1740/697 1428/1741/698
f 1429/1742/493 1430/1743/493 1431/1744/492 1432/1745/491
f 1433/1746/699 1434/1747/700 1435/1748/512 1436/1749/701
f 1437/1750/702 1438/1751/696 1439/1752/696 1440/1753/695
f 1441/1754/484 1442/1755/483 1443/1756/483 1444/1757/485
f 1444/1757/485 1443/1756/483 1445/1758/703 1446/1759/704
f 1447/1760/485 1448/1761/483 1449/1762/483 1450/1763/484
f 1451/1764/705 1452/1765/705 1453/1766/706 1454/1767/707
f 1455/1768/708 1456/1769/709 1438/1751/696 1437/1750/702
f 1457/1770/710 1458/1771/705 1459/1772/705 1460/1773/711
f 1461/1774/487 1462/1775/487 1463/1776/712 1464/1777/712
f 1448/1761/483 1465/1778/483 1466/1779/483 1449/1762/483
f 1442/1755/483 1467/1780/483 1468/1781/483 1443/1756/483
f 1465/1778/483 1469/1782/483 1470/1783/483 1466/1779/483
f 1467/1780/483 1471/1784/483 1472/1785/483 1468/1781/483
f 1473/1786/710 1474/1787/705 1475/1788/706 1476/1789/713
f 1421/1734/478 1477/1790/714 1478/1791/550 1422/1735/478
f 1423/1736/478 1479/1792/550 1480/1793/714 1424/1737/478
f 1481/1794/715 1482/1795/716 1458/1771/705 1457/1770/710
f 1483/1796/717 1484/1797/709 1485/1798/696 1486/1799/696
f 1487/1800/718 1488/1801/719 1489/1802/487 1462/1775/487
f 1490/1803/554 1461/1774/487 1464/1777/712 1491/1804/720
f 1492/1805/721 1493/1806/487 1494/1807/722 1495/1808/723
f 1493/1806/487 1496/1809/724 1497/1810/725 1494/1807/722
f 1498/1811/726 1499/1812/726 1500/1813/727 1501/1814/728
f 1474/1787/705 1451/1764/705 1454/1767/707 1475/1788/706
f 1456/1769/709 1483/1796/717 1486/1799/696 1438/1751/696
f 1458/1771/705 1502/1815/705 1503/1816/705 1459/1772/705
f 1459/1772/705 1503/1816/705 1451/1764/705 1474/1787/705
f 1502/1815/705 1504/1817/705 1505/1818/705 1503/1816/705
f 1503/1816/705 1505/1818/705 1452/1765/705 1451/1764/705
f 1430/1743/493 1506/1819/729 1507/1820/730 1431/1744/492
f 1508/1821/731 1509/1822/732 1414/1727/478 1413/1726/478
f 1509/1822/732 1510/1823/732 1421/1734/478 1414/1727/478
f 1510/1823/732 1511/1824/733 1477/1790/714 1421/1734/478
f 1512/1825/734 1513/1826/735 1465/1778/483 1448/1761/483
f 1513/1826/735 1514/1827/734 1469/1782/483 1465/1778/483
f 1514/1827/734 1515/1828/736 1516/1829/525 1469/1782/483
f 1460/1773/711 1459/1772/705 1474/1787/705 1473/1786/710
f 1517/1830/554 1518/1831/721 1519/1832/737 1520/1833/553
f 1521/1834/523 1522/1835/738 1523/1836/739 1524/1837/493
f 1525/1838/540 1526/1839/540 1527/1840/493 1528/1841/493
f 1524/1837/493 1523/1836/739 1529/1842/739 1530/1843/493
f 1438/1751/696 1486/1799/696 1531/1844/696 1439/1752/696
f 1439/1752/696 1531/1844/696 1532/1845/696 1426/1739/696
f 1486/1799/696 1485/1798/696 1533/1846/696 1531/1844/696
f 1531/1844/696 1533/1846/696 1534/1847/696 1532/1845/696
f 1424/1737/478 1480/1793/714 1535/1848/740 1536/1849/741
f 1419/1732/478 1424/1737/478 1536/1849/741 1537/1850/741
f 1420/1733/478 1419/1732/478 1537/1850/741 1538/1851/741
f 1539/1852/742 1540/1853/493 1541/1854/492 1542/1855/743
f 1543/1856/742 1544/1857/493 1545/1858/493 1546/1859/744
f 1530/1843/493 1529/1842/739 1506/1819/729 1430/1743/493
f 1547/1860/745 1548/1861/523 1544/1857/493 1543/1856/742
f 1546/1859/744 1545/1858/493 1540/1853/493 1539/1852/742
f 1462/1775/487 1489/1802/487 1549/1862/712 1463/1776/712
f 1472/1785/483 1550/1863/525 1551/1864/746 1552/1865/703
f 1468/1781/483 1472/1785/483 1552/1865/703 1553/1866/747
f 1443/1756/483 1468/1781/483 1553/1866/747 1445/1758/703
f 1554/1867/748 1498/1811/726 1501/1814/728 1555/1868/554
f 1556/1869/749 1557/1870/750 1558/1871/751 1559/1872/752
f 1520/1833/553 1519/1832/737 1461/1774/487 1490/1803/554
f 1484/1797/709 1560/1873/753 1561/1874/754 1485/1798/696
f 1469/1782/483 1516/1829/525 1562/1875/527 1470/1783/483
f 1471/1784/483 1563/1876/527 1550/1863/525 1472/1785/483
f 1564/1877/755 1512/1825/734 1448/1761/483 1447/1760/485
f 1485/1798/696 1561/1874/754 1565/1878/756 1533/1846/696
f 1533/1846/696 1565/1878/756 1566/1879/757 1534/1847/696
f 1534/1847/696 1566/1879/757 1567/1880/758 1568/1881/697
f 1526/1839/540 1521/1834/523 1524/1837/493 1527/1840/493
f 1569/1882/493 1429/1742/493 1432/1745/491 1570/1883/491
f 1571/1884/716 1572/1885/759 1573/1886/760 1504/1817/705
f 1504/1817/705 1573/1886/760 1574/1887/761 1505/1818/705
f 1505/1818/705 1574/1887/761 1575/1888/760 1452/1765/705
f 1528/1841/493 1527/1840/493 1576/1889/493 1577/1890/493
f 1577/1890/493 1576/1889/493 1429/1742/493 1569/1882/493
f 1527/1840/493 1524/1837/493 1530/1843/493 1576/1889/493
f 1576/1889/493 1530/1843/493 1430/1743/493 1429/1742/493
f 1440/1753/695 1439/1752/696 1426/1739/696 1425/1738/695
f 1532/1845/696 1534/1847/696 1568/1881/697 1578/1891/697
f 1426/1739/696 1532/1845/696 1578/1891/697 1427/1740/697
f 1579/1892/506 1420/1733/478 1538/1851/741 1580/1893/762
f 1581/1894/763 1417/1730/478 1420/1733/478 1579/1892/506
f 1582/1895/763 1413/1726/478 1416/1729/478 1583/1896/507
f 1584/1897/764 1508/1821/731 1413/1726/478 1582/1895/763
f 1482/1795/716 1585/1898/716 1502/1815/705 1458/1771/705
f 1585/1898/716 1571/1884/716 1504/1817/705 1502/1815/705
f 1489/1802/487 1586/1899/511 1587/1900/765 1549/1862/712
f 1557/1870/750 1588/1901/766 1589/1902/767 1558/1871/751
f 1590/1903/768 1591/1904/769 1592/1905/770 1593/1906/771
f 1593/1906/771 1592/1905/770 1594/1907/772 1595/1908/773
f 1515/1828/736 1595/1908/773 1594/1907/772 1596/1909/774
f 1596/1909/774 1594/1907/772 1597/1910/775 1598/1911/776
f 1554/1912/748 1598/1911/776 1597/1910/775 1599/1913/777
f 1599/1913/777 1597/1910/775 1592/1905/770 1591/1904/769
f 1592/1905/770 1597/1910/775 1594/1907/772
f 1560/1914/753 1600/1915/778 1601/1916/779 1602/1917/780
f 1602/1917/780 1601/1916/779 1603/1918/781 1604/1919/782
f 1491/1920/720 1604/1919/782 1603/1918/781 1605/1921/783
f 1605/1921/783 1603/1918/781 1606/1922/784 1607/1923/785
f 1551/1864/746 1607/1923/785 1606/1922/784 1608/1924/786
f 1608/1924/786 1606/1922/784 1601/1916/779 1600/1915/778
f 1601/1916/779 1606/1922/784 1603/1918/781
f 1511/1925/733 1609/1926/787 1610/1927/788 1611/1928/789
f 1611/1928/789 1610/1927/788 1612/1929/790 1613/1930/791
f 1564/1877/755 1613/1930/791 1612/1929/790 1614/1931/792
f 1614/1931/792 1612/1929/790 1615/1932/793 1616/1933/794
f 1476/1934/713 1616/1933/794 1615/1932/793 1617/1935/795
f 1617/1935/795 1615/1932/793 1610/1927/788 1609/1926/787
f 1610/1927/788 1615/1932/793 1612/1929/790
f 1455/1936/708 1618/1937/796 1619/1938/797 1620/1939/798
f 1620/1939/798 1619/1938/797 1621/1940/799 1622/1941/800
f 1446/1759/704 1622/1941/800 1621/1940/799 1623/1942/801
f 1623/1942/801 1621/1940/799 1624/1943/802 1625/1944/803
f 1535/1945/740 1625/1944/803 1624/1943/802 1626/1946/804
f 1626/1946/804 1624/1943/802 1619/1938/797 1618/1937/796
f 1619/1938/797 1624/1943/802 1621/1940/799
f 1584/1947/764 1627/1948/805 1628/1949/806 1629/1950/807
f 1629/1950/807 1628/1949/806 1630/1951/808 1631/1952/809
f 1481/1953/715 1631/1952/809 1630/1951/808 1632/1954/810
f 1632/1954/810 1630/1951/808 1633/1955/811 1634/1956/812
f 1507/1820/730 1634/1956/812 1633/1955/811 1635/1957/813
f 1635/1957/813 1633/1955/811 1628/1949/806 1627/1948/805
f 1628/1949/806 1633/1955/811 1630/1951/808
f 1580/1958/762 1636/1959/814 1637/1960/815 1638/1961/816
f 1638/1961/816 1637/1960/815 1639/1962/817 1640/1963/818
f 1542/1855/743 1640/1963/818 1639/1962/817 1641/1964/819
f 1641/1964/819 1639/1962/817 1642/1965/820 1643/1966/821
f 1428/1967/698 1643/1966/821 1642/1965/820 1644/1968/822
f 1644/1968/822 1642/1965/820 1637/1960/815 1636/1959/814
f 1637/1960/815 1642/1965/820 1639/1962/817
f 1645/1969/823 1646/1970/824 1647/1971/825 1648/1972/826
f 1648/1972/826 1647/1971/825 1649/1973/827 1650/1974/828
f 1522/1835/738 1650/1974/828 1649/1973/827 1651/1975/829
f 1651/1975/829 1649/1973/827 1652/1976/830 1653/1977/831
f 1572/1978/759 1653/1977/831 1652/1976/830 1654/1979/832
f 1654/1979/832 1652/1976/830 1647/1971/825 1646/1970/824
f 1647/1971/825 1652/1976/830 1649/1973/827
f 1587/1980/765 1655/1981/833 1656/1982/834 1657/1983/835
f 1657/1983/835 1656/1982/834 1658/1984/836 1659/1985/837
f 1567/1986/758 1659/1985/837 1658/1984/836 1660/1987/838
f 1660/1987/838 1658/1984/836 1661/1988/839 1662/1989/840
f 1547/1860/745 1662/1989/840 1661/1988/839 1663/1990/841
f 1663/1990/841 1661/1988/839 1656/1982/834 1655/1981/833
f 1656/1982/834 1661/1988/839 1658/1984/836
f 1428/1741/698 1644/1991/822 1664/1992/842 1425/1738/695
f 1644/1991/822 1636/1993/814 1665/1994/843 1664/1992/842
f 1636/1993/814 1580/1995/762 1538/1996/741 1665/1994/844
f 1425/1738/695 1664/1992/842 1666/1997/845 1440/1753/695
f 1664/1992/842 1665/1994/843 1667/1998/846 1666/1997/845
f 1665/1994/844 1538/1996/741 1537/1999/741 1667/1998/846
f 1440/1753/695 1666/1997/845 1668/2000/847 1437/1750/702
f 1666/1997/845 1667/1998/846 1669/2001/846 1668/2000/848
f 1667/1998/846 1537/1999/741 1536/2002/741 1669/2001/846
f 1437/1750/702 1668/2000/847 1618/2003/796 1455/1768/708
f 1668/2000/848 1669/2001/846 1626/2004/804 1618/2003/796
f 1669/2001/846 1536/2002/741 1535/2005/740 1626/2004/804
f 1446/1759/704 1623/1942/801 1670/2006/849 1444/1757/485
f 1623/1942/801 1625/1944/803 1671/2007/850 1670/2006/849
f 1625/1944/803 1535/1945/740 1480/2008/714 1671/2007/851
f 1441/1754/484 1672/2009/852 1673/2010/852 1450/1763/484
f 1672/2009/852 1674/2011/853 1675/2012/854 1673/2010/852
f 1674/2011/853 1479/2013/550 1478/2014/550 1675/2012/854
f 1450/1763/484 1673/2010/852 1676/2015/855 1447/1760/485
f 1673/2010/852 1675/2012/854 1677/2016/688 1676/2015/855
f 1675/2012/854 1478/2014/550 1477/2017/714 1677/2016/851
f 1447/1760/485 1676/2015/855 1613/1930/791 1564/1877/755
f 1676/2015/855 1677/2016/688 1611/1928/789 1613/1930/791
f 1677/2016/851 1477/2017/714 1511/1925/733 1611/1928/789
f 1590/1903/768 1593/1906/771 1678/2018/856 1453/2019/706
f 1593/1906/771 1595/1908/773 1679/2020/857 1678/2018/856
f 1595/1908/773 1515/1828/736 1514/1827/734 1679/2020/857
f 1453/2019/706 1678/2018/856 1680/2021/858 1454/2022/707
f 1678/2018/856 1679/2020/857 1681/2023/857 1680/2021/858
f 1679/2020/857 1514/1827/734 1513/1826/735 1681/2023/857
f 1454/2022/707 1680/2021/858 1682/2024/856 1475/2025/706
f 1680/2021/858 1681/2023/857 1683/2026/857 1682/2024/856
f 1681/2023/857 1513/1826/735 1512/1825/734 1683/2026/857
f 1475/2025/706 1682/2024/856 1616/1933/794 1476/1934/713
f 1682/2024/856 1683/2026/857 1614/1931/792 1616/1933/794
f 1683/2026/857 1512/1825/734 1564/1877/755 1614/1931/792
f 1455/1936/708 1620/1939/798 1684/2027/859 1456/2028/709
f 1620/1939/798 1622/1941/800 1685/2029/860 1684/2027/860
f 1622/1941/800 1446/1759/704 1445/1758/703 1685/2029/861
f 1456/2028/709 1684/2027/859 1686/2030/862 1483/2031/717
f 1684/2027/860 1685/2029/860 1687/2032/863 1686/2030/863
f 1685/2029/861 1445/1758/703 1553/1866/747 1687/2032/864
f 1483/2031/717 1686/2030/862 1688/2033/859 1484/2034/709
f 1686/2030/863 1687/2032/863 1689/2035/860 1688/2033/860
f 1687/2032/864 1553/1866/747 1552/1865/703 1689/2035/861
f 1484/2034/709 1688/2033/859 1600/1915/778 1560/1914/753
f 1688/2033/860 1689/2035/860 1608/1924/786 1600/1915/778
f 1689/2035/861 1552/1865/703 1551/1864/746 1608/1924/786
f 1491/1920/720 1605/1921/783 1690/2036/865 1490/2037/554
f 1605/1921/783 1607/1923/785 1691/2038/866 1690/2036/867
f 1607/1923/785 1551/1864/746 1550/1863/525 1691/2038/866
f 1520/2039/553 1692/2040/865 1693/2041/865 1517/2042/554
f 1692/2040/868 1694/2043/869 1695/2044/866 1693/2041/868
f 1694/2043/869 1563/1876/527 1562/1875/527 1695/2044/866
f 1517/2042/554 1693/2041/865 1696/2045/870 1555/2046/554
f 1693/2041/868 1695/2044/866 1697/2047/869 1696/2045/867
f 1695/2044/866 1562/1875/527 1516/1829/525 1697/2047/869
f 1555/2046/554 1696/2045/870 1598/1911/776 1554/1912/748
f 1696/2045/867 1697/2047/869 1596/1909/774 1598/1911/776
f 1697/2047/869 1516/1829/525 1515/1828/736 1596/1909/774
f 1572/2048/759 1654/2049/832 1698/2050/871 1573/2051/760
f 1654/2049/832 1646/2052/824 1699/2053/872 1698/2050/871
f 1646/2052/824 1645/2054/823 1700/2055/873 1699/2053/874
f 1573/2051/760 1698/2050/871 1701/2056/871 1574/2057/761
f 1698/2050/871 1699/2053/872 1702/2058/875 1701/2056/871
f 1699/2053/874 1700/2055/873 1499/1812/726 1702/2058/876
f 1574/2057/761 1701/2056/871 1703/2059/871 1575/2060/760
f 1701/2056/871 1702/2058/875 1704/2061/872 1703/2059/871
f 1702/2058/876 1499/1812/726 1498/1811/726 1704/2061/876
f 1575/2060/760 1703/2059/871 1591/2062/769 1590/2063/768
f 1703/2059/871 1704/2061/872 1599/2064/777 1591/2062/769
f 1704/2061/876 1498/1811/726 1554/1867/748 1599/2064/777
f 1476/1789/713 1617/2065/795 1705/2066/877 1473/1786/710
f 1617/2065/795 1609/2067/787 1706/2068/878 1705/2066/877
f 1609/2067/787 1511/1824/733 1510/1823/732 1706/2068/879
f 1473/1786/710 1705/2066/877 1707/2069/877 1460/1773/711
f 1705/2066/877 1706/2068/878 1708/2070/878 1707/2069/877
f 1706/2068/879 1510/1823/732 1509/1822/732 1708/2070/880
f 1460/1773/711 1707/2069/877 1709/2071/877 1457/1770/710
f 1707/2069/877 1708/2070/878 1710/2072/881 1709/2071/877
f 1708/2070/880 1509/1822/732 1508/1821/731 1710/2072/882
f 1457/1770/710 1709/2071/877 1631/2073/809 1481/1794/715
f 1709/2071/877 1710/2072/881 1629/2074/807 1631/2073/809
f 1710/2072/882 1508/1821/731 1584/1897/764 1629/2074/807
f 1560/2075/753 1602/2076/780 1711/2077/883 1561/2078/754
f 1602/2076/780 1604/2079/782 1712/2080/884 1711/2077/885
f 1604/2079/782 1491/1804/720 1464/1777/712 1712/2080/884
f 1561/2078/754 1711/2077/883 1713/2081/886 1565/2082/756
f 1711/2077/885 1712/2080/884 1714/2083/887 1713/2081/886
f 1712/2080/884 1464/1777/712 1463/1776/712 1714/2083/887
f 1565/2082/756 1713/2081/886 1715/2084/888 1566/2085/757
f 1713/2081/886 1714/2083/887 1716/2086/889 1715/2084/888
f 1714/2083/887 1463/1776/712 1549/1862/712 1716/2086/890
f 1566/2085/757 1715/2084/888 1659/2087/837 1567/2088/758
f 1715/2084/888 1716/2086/889 1657/2089/835 1659/2087/837
f 1716/2086/890 1549/1862/712 1587/1900/765 1657/2089/835
f 1542/1855/743 1641/1964/819 1717/2090/891 1539/1852/742
f 1641/1964/819 1643/1966/821 1718/2091/892 1717/2090/891
f 1643/1966/821 1428/1967/698 1427/2092/697 1718/2091/892
f 1539/1852/742 1717/2090/891 1719/2093/891 1546/1859/744
f 1717/2090/891 1718/2091/892 1720/2094/892 1719/2093/891
f 1718/2091/892 1427/2092/697 1578/2095/697 1720/2094/892
f 1546/1859/744 1719/2093/891 1721/2096/891 1543/1856/742
f 1719/2093/891 1720/2094/892 1722/2097/892 1721/2096/891
f 1720/2094/892 1578/2095/697 1568/2098/697 1722/2097/892
f 1543/1856/742 1721/2096/891 1662/1989/840 1547/1860/745
f 1721/2096/891 1722/2097/892 1660/1987/838 1662/1989/840
f 1722/2097/892 1568/2098/697 1567/1986/758 1660/1987/838
f 1481/1953/715 1632/1954/810 1723/2099/893 1482/2100/716
f 1632/1954/810 1634/1956/812 1724/2101/894 1723/2099/894
f 1634/1956/812 1507/1820/730 1506/1819/729 1724/2101/895
f 1482/2100/716 1723/2099/893 1725/2102/896 1585/2103/716
f 1723/2099/894 1724/2101/894 1726/2104/897 1725/2102/897
f 1724/2101/895 1506/1819/729 1529/1842/739 1726/2104/898
f 1585/2103/716 1725/2102/896 1727/2105/899 1571/2106/716
f 1725/2102/897 1726/2104/897 1728/2107/900 1727/2105/900
f 1726/2104/898 1529/1842/739 1523/1836/739 1728/2107/901
f 1571/2106/716 1727/2105/899 1653/1977/831 1572/1978/759
f 1727/2105/900 1728/2107/900 1651/1975/829 1653/1977/831
f 1728/2107/901 1523/1836/739 1522/1835/738 1651/1975/829
f 1547/1860/745 1663/1990/841 1729/2108/902 1548/1861/523
f 1663/1990/841 1655/1981/833 1730/2109/903 1729/2108/904
f 1655/1981/833 1587/1980/765 1586/2110/511 1730/2109/903
f 1525/1838/540 1731/2111/905 1732/2112/905 1526/1839/540
f 1731/2111/906 1733/2113/649 1734/2114/907 1732/2112/908
f 1733/2113/649 1735/2115/700 1435/2116/512 1734/2114/907
f 1526/1839/540 1732/2112/905 1736/2117/902 1521/1834/523
f 1732/2112/908 1734/2114/907 1737/2118/903 1736/2117/904
f 1734/2114/907 1435/2116/512 1434/2119/700 1737/2118/903
f 1521/1834/523 1736/2117/902 1650/1974/828 1522/1835/738
f 1736/2117/904 1737/2118/903 1648/1972/826 1650/1974/828
f 1737/2118/903 1434/2119/700 1645/1969/823 1648/1972/826
f 1580/1958/762 1638/1961/816 1738/2120/909 1579/2121/506
f 1638/1961/816 1640/1963/818 1739/2122/910 1738/2120/909
f 1640/1963/818 1542/1855/743 1541/1854/492 1739/2122/911
f 1581/2123/763 1740/2124/912 1741/2125/912 1583/2126/507
f 1740/2124/912 1742/2127/913 1743/2128/913 1741/2125/912
f 1742/2127/914 1570/1883/491 1432/1745/491 1743/2128/914
f 1583/2126/507 1741/2125/912 1744/2129/909 1582/2130/763
f 1741/2125/912 1743/2128/913 1745/2131/910 1744/2129/909
f 1743/2128/914 1432/1745/491 1431/1744/492 1745/2131/911
f 1582/2130/763 1744/2129/909 1627/1948/805 1584/1947/764
f 1744/2129/909 1745/2131/910 1635/1957/813 1627/1948/805
f 1745/2131/911 1431/1744/492 1507/1820/730 1635/1957/813
f 1452/1765/705 1575/1888/760 1590/2132/768 1453/1766/706
f 1739/2122/911 1541/1854/492 1570/1883/491 1742/2127/914
f 1738/2120/909 1739/2122/910 1742/2127/913 1740/2124/912
f 1579/2121/506 1738/2120/909 1740/2124/912 1581/2123/763
f 1730/2109/903 1586/2110/511 1735/2115/700 1733/2113/649
f 1729/2108/904 1730/2109/903 1733/2113/649 1731/2111/906
f 1548/1861/523 1729/2108/902 1731/2111/905 1525/1838/540
f 1691/2038/866 1550/1863/525 1563/1876/527 1694/2043/869
f 1690/2036/867 1691/2038/866 1694/2043/869 1692/2040/868
f 1490/2037/554 1690/2036/865 1692/2040/865 1520/2039/553
f 1671/2007/851 1480/2008/714 1479/2013/550 1674/2011/853
f 1670/2006/849 1671/2007/850 1674/2011/853 1672/2009/852
f 1444/1757/485 1670/2006/849 1672/2009/852 1441/1754/484
f 1519/1832/737 1487/1800/718 1462/1775/487 1461/1774/487
f 1583/1896/507 1416/1729/478 1417/1730/478 1581/1894/763
f 1545/1858/493 1577/1890/493 1569/1882/493 1540/1853/493
f 1544/1857/493 1528/1841/493 1577/1890/493 1545/1858/493
f 1540/1853/493 1569/1882/493 1570/1883/491 1541/1854/492
f 1470/1783/483 1562/1875/527 1563/1876/527 1471/1784/483
f 1700/2055/873 1645/2054/823 1434/1747/700 1433/1746/699
f 1488/1801/719 1735/2133/700 1586/1899/511 1489/1802/487
f 1548/1861/523 1525/1838/540 1528/1841/493 1544/1857/493
f 1746/2134/727 1747/2135/915 1496/1809/724 1493/1806/487
f 1422/1735/478 1478/1791/550 1479/1792/550 1423/1736/478
f 1466/1779/483 1470/1783/483 1471/1784/483 1467/1780/483
f 1449/1762/483 1466/1779/483 1467/1780/483 1442/1755/483
f 1450/1763/484 1449/1762/483 1442/1755/483 1441/1754/484
f 1415/1728/478 1422/1735/478 1423/1736/478 1418/1731/478
f 1416/1729/478 1415/1728/478 1418/1731/478 1417/1730/478
f 1748/2136/916 1749/2137/917 1750/2138/918 1751/2139/919
f 1749/2137/917 1752/2140/920 1753/2141/921 1750/2138/918
f 1754/2142/922 1556/2143/923 1559/2144/924 1755/2145/925
f 1588/2146/926 1756/2147/927 1757/2148/927 1589/2149/928
f 1555/1868/554 1501/1814/728 1518/1831/721 1517/1830/554
f 1436/1749/701 1435/1748/512 1735/2133/700 1488/1801/719
f 1752/2150/929 1754/2142/922 1755/2145/925 1753/2151/924
f 1499/1812/726 1700/2055/873 1433/1746/699 1500/1813/727
f 1748/2152/926 1756/2153/927 1758/2154/930 1759/2155/931
f 1759/2155/931 1758/2154/930 1760/2156/932 1761/2157/933
f 1761/2157/933 1760/2156/932 1518/2158/721 1501/2159/728
f 1501/2160/728 1500/2161/727 1762/2162/934 1761/2163/933
f 1761/2163/933 1762/2162/934 1763/2164/935 1759/2165/936
f 1759/2165/937 1763/2164/938 1749/2166/917 1748/2167/916
f 1500/2161/727 1433/2168/699 1764/2169/939 1762/2162/934
f 1762/2162/934 1764/2169/939 1765/2170/940 1763/2164/935
f 1763/2164/938 1765/2170/941 1752/2171/920 1749/2166/917
f 1433/2172/699 1436/2173/701 1766/2174/942 1764/2175/939
f 1764/2175/939 1766/2174/942 1767/2176/943 1765/2177/944
f 1765/2177/944 1767/2176/943 1754/2178/922 1752/2179/929
f 1756/2153/927 1588/2180/926 1768/2181/945 1758/2154/930
f 1758/2154/930 1768/2181/945 1769/2182/946 1760/2156/932
f 1760/2156/932 1769/2182/946 1519/2183/737 1518/2158/721
f 1436/2173/701 1488/2184/719 1770/2185/947 1766/2174/942
f 1766/2174/942 1770/2185/947 1771/2186/944 1767/2176/943
f 1767/2176/943 1771/2186/944 1556/2187/923 1754/2178/922
f 1488/2188/719 1487/2189/718 1772/2190/948 1770/2191/947
f 1770/2191/947 1772/2190/948 1773/2192/949 1771/2193/950
f 1771/2193/951 1773/2192/952 1557/2194/750 1556/2195/749
f 1487/2189/718 1519/2196/737 1769/2197/946 1772/2190/948
f 1772/2190/948 1769/2197/946 1768/2198/953 1773/2192/949
f 1773/2192/952 1768/2198/954 1588/2199/766 1557/2194/750
f 1774/2200/955 1746/2134/727 1493/1806/487 1492/1805/721
f 1774/2201/955 1492/2202/721 1775/2203/932 1776/2204/956
f 1776/2204/956 1775/2203/932 1777/2205/957 1778/2206/958
f 1778/2206/958 1777/2205/957 1757/2207/927 1751/2208/928
f 1751/2208/919 1750/2209/918 1779/2210/959 1778/2206/960
f 1778/2206/961 1779/2210/961 1780/2211/962 1776/2204/956
f 1776/2204/956 1780/2211/962 1746/2212/727 1774/2201/955
f 1750/2209/918 1753/2213/921 1781/2214/963 1779/2210/959
f 1779/2210/961 1781/2214/961 1782/2215/964 1780/2211/962
f 1780/2211/962 1782/2215/964 1747/2216/915 1746/2212/727
f 1753/2213/924 1755/2217/925 1783/2218/943 1781/2214/965
f 1781/2214/965 1783/2218/943 1784/2219/966 1782/2215/964
f 1782/2215/964 1784/2219/966 1496/2220/724 1747/2216/915
f 1492/2202/721 1495/2221/723 1785/2222/967 1775/2203/932
f 1775/2203/932 1785/2222/967 1786/2223/968 1777/2205/957
f 1777/2205/957 1786/2223/968 1589/2224/928 1757/2207/927
f 1755/2217/925 1559/2225/924 1787/2226/969 1783/2218/943
f 1783/2218/943 1787/2226/969 1788/2227/970 1784/2219/966
f 1784/2219/966 1788/2227/970 1497/2228/725 1496/2220/724
f 1559/2225/752 1558/2229/751 1789/2230/971 1787/2226/972
f 1787/2226/973 1789/2230/974 1790/2231/975 1788/2227/970
f 1788/2227/970 1790/2231/975 1494/2232/722 1497/2228/725
f 1558/2229/751 1589/2224/767 1786/2223/976 1789/2230/971
f 1789/2230/974 1786/2223/977 1785/2222/967 1790/2231/975
f 1790/2231/975 1785/2222/967 1495/2221/723 1494/2232/722
f 1756/2147/927 1748/2233/926 1751/2234/928 1757/2148/927
o Cube.002_Cube.012
v 0.113259 0.201477 0.811868
v 0.113259 0.344685 0.811868
v 0.226518 0.344685 0.811868
v 0.226518 0.201477 0.811868
v 0.113259 0.487893 0.811868
v 0.226518 0.487893 0.811868
v 0.339777 0.344685 0.811868
v 0.339777 0.201477 0.811868
v 0.339777 0.487893 0.811868
v 0.000000 0.061720 0.811868
v -0.113259 0.061720 0.811868
v -0.113259 0.201477 0.811868
v 0.000000 0.201477 0.811868
v 0.000000 0.344685 0.811868
v 0.000000 0.487893 0.811868
v 0.113259 0.061720 0.851506
v 0.113259 0.201477 0.851506
v 0.000000 0.201477 0.851506
v 0.000000 0.061720 0.851506
v 0.339777 0.631101 0.815319
v 0.226518 0.631101 0.815319
v 0.226518 0.631101 0.821777
v 0.339777 0.631101 0.821777
v 0.453036 0.344685 0.815319
v 0.453036 0.487893 0.815319
v 0.453036 0.487893 0.821777
v 0.453036 0.344685 0.821777
v 0.453036 0.627649 0.815319
v 0.453036 0.627649 0.821777
v 0.453036 0.201477 0.815319
v 0.453036 0.201477 0.821777
v 0.339777 0.058269 0.831687
v 0.449584 0.058269 0.831687
v 0.449584 0.058269 0.841597
v 0.339777 0.058269 0.841597
v 0.449584 0.631101 0.815319
v 0.449584 0.631101 0.821777
v 0.113259 0.058269 0.815319
v 0.226518 0.058269 0.815319
v 0.226518 0.058269 0.821777
v 0.113259 0.058269 0.821777
v 0.339777 0.487893 0.851506
v 0.339777 0.627649 0.851506
v 0.226518 0.627649 0.851506
v 0.226518 0.487893 0.851506
v 0.453036 0.344685 0.831687
v 0.453036 0.201477 0.831687
v 0.453036 0.487893 0.831687
v 0.453036 0.344685 0.841596
v 0.453036 0.201477 0.841596
v 0.453036 0.487893 0.841597
v 0.339777 0.058269 0.815319
v 0.449584 0.058269 0.815319
v 0.449584 0.058269 0.821777
v 0.339777 0.058269 0.821777
v 0.449584 0.344685 0.811868
v 0.449584 0.201477 0.811868
v 0.449584 0.487893 0.811868
v -0.339777 0.058269 0.841597
v -0.339777 0.058269 0.848055
v -0.449584 0.058269 0.848055
v -0.449584 0.058269 0.841597
v 0.449584 0.631101 0.831687
v 0.339777 0.631101 0.831687
v 0.339777 0.631101 0.841596
v 0.449584 0.631101 0.841597
v 0.449584 0.344685 0.851506
v 0.449584 0.487893 0.851506
v 0.339777 0.344685 0.851506
v 0.449584 0.627649 0.851506
v 0.449584 0.201477 0.851506
v 0.339777 0.201477 0.851506
v 0.226518 0.061720 0.851506
v 0.226518 0.201477 0.851506
v 0.449584 0.061720 0.851506
v 0.339777 0.061720 0.851506
v 0.226518 0.058269 0.831687
v 0.113259 0.058269 0.831687
v 0.226518 0.058269 0.841596
v 0.113259 0.058269 0.841597
v 0.000000 0.058269 0.815319
v 0.000000 0.058269 0.821777
v -0.113259 0.058269 0.821777
v -0.113259 0.058269 0.815319
v 0.113259 0.061720 0.811868
v 0.226518 0.061720 0.811868
v 0.339777 0.061720 0.811868
v 0.449584 0.061720 0.811868
v 0.453036 0.061720 0.821777
v 0.453036 0.061720 0.831687
v 0.453036 0.061720 0.841597
v 0.453036 0.201477 0.848055
v 0.453036 0.061720 0.848055
v -0.113259 0.061720 0.851506
v -0.113259 0.201477 0.851506
v 0.000000 0.058269 0.831687
v 0.000000 0.058269 0.841597
v 0.226518 0.631101 0.831687
v 0.113259 0.631101 0.821777
v 0.113259 0.631101 0.831687
v 0.226518 0.631101 0.841597
v 0.113259 0.631101 0.841596
v 0.339777 0.627649 0.811868
v 0.449584 0.627649 0.811868
v 0.226518 0.627649 0.811868
v 0.113259 0.627649 0.811868
v -0.113259 0.487893 0.811868
v -0.113259 0.627649 0.811868
v 0.000000 0.627649 0.811868
v 0.000000 0.631101 0.821777
v 0.000000 0.631101 0.831687
v 0.000000 0.631101 0.841597
v -0.113259 0.631101 0.841596
v -0.113259 0.631101 0.848055
v 0.000000 0.631101 0.848055
v -0.226518 0.631101 0.815319
v -0.226518 0.631101 0.821777
v -0.113259 0.631101 0.821777
v -0.113259 0.631101 0.815319
v 0.113259 0.627649 0.851506
v 0.113259 0.487893 0.851506
v 0.453036 0.627649 0.841597
v 0.453036 0.627649 0.848055
v 0.453036 0.487893 0.848055
v 0.453036 0.627649 0.831687
v 0.226518 0.344685 0.851506
v 0.113259 0.344685 0.851506
v 0.339777 0.631101 0.848055
v 0.449584 0.631101 0.848055
v 0.453036 0.344685 0.848055
v 0.453036 0.061720 0.815319
v 0.226518 0.631101 0.848055
v 0.113259 0.631101 0.848055
v -0.113259 0.487893 0.851506
v 0.000000 0.487893 0.851506
v 0.000000 0.627649 0.851506
v -0.113259 0.627649 0.851506
v 0.000000 0.344685 0.851506
v 0.113259 0.058269 0.848055
v 0.000000 0.058269 0.848055
v 0.226518 0.058269 0.848055
v 0.339777 0.058269 0.848055
v -0.226518 0.201477 0.811868
v -0.226518 0.344685 0.811868
v -0.113259 0.344685 0.811868
v -0.339777 0.201477 0.811868
v -0.339777 0.344685 0.811868
v -0.226518 0.487893 0.811868
v -0.339777 0.487893 0.811868
v 0.113259 0.631101 0.815319
v 0.000000 0.631101 0.815319
v -0.339777 0.487893 0.851506
v -0.226518 0.487893 0.851506
v -0.226518 0.627649 0.851506
v -0.339777 0.627649 0.851506
v -0.226518 0.058269 0.821777
v -0.226518 0.058269 0.815319
v -0.449584 0.631101 0.815319
v -0.449584 0.631101 0.821777
v -0.339777 0.631101 0.821777
v -0.339777 0.631101 0.815319
v -0.339777 0.058269 0.831687
v -0.449584 0.058269 0.831687
v -0.453036 0.201477 0.815319
v -0.453036 0.201477 0.821777
v -0.453036 0.344685 0.821777
v -0.453036 0.344685 0.815319
v -0.453036 0.487893 0.815319
v -0.453036 0.487893 0.821777
v -0.453036 0.627649 0.821777
v -0.453036 0.627649 0.815319
v -0.453036 0.201477 0.831687
v -0.453036 0.344685 0.831687
v -0.453036 0.201477 0.841596
v -0.453036 0.344685 0.841596
v -0.453036 0.487893 0.831687
v -0.453036 0.487893 0.841597
v -0.339777 0.058269 0.815319
v -0.339777 0.058269 0.821777
v -0.449584 0.058269 0.821777
v -0.449584 0.058269 0.815319
v -0.449584 0.631101 0.831687
v -0.339777 0.631101 0.831687
v -0.449584 0.061720 0.851506
v -0.339777 0.061720 0.851506
v -0.339777 0.201477 0.851506
v -0.449584 0.201477 0.851506
v -0.226518 0.061720 0.851506
v -0.226518 0.201477 0.851506
v -0.339777 0.344685 0.851506
v -0.449584 0.344685 0.851506
v -0.449584 0.487893 0.851506
v -0.449584 0.627649 0.851506
v -0.449584 0.631101 0.841597
v -0.339777 0.631101 0.841596
v -0.449584 0.344685 0.811868
v -0.449584 0.487893 0.811868
v -0.449584 0.201477 0.811868
v -0.113259 0.058269 0.831687
v -0.226518 0.058269 0.831687
v -0.113259 0.058269 0.841596
v -0.226518 0.058269 0.841596
v -0.453036 0.061720 0.841597
v -0.453036 0.061720 0.848055
v -0.453036 0.201477 0.848055
v -0.453036 0.061720 0.831687
v -0.453036 0.061720 0.821777
v -0.339777 0.061720 0.811868
v -0.449584 0.061720 0.811868
v -0.226518 0.061720 0.811868
v -0.226518 0.631101 0.831687
v -0.226518 0.631101 0.841597
v -0.113259 0.631101 0.831687
v -0.449584 0.627649 0.811868
v -0.339777 0.627649 0.811868
v -0.453036 0.627649 0.831687
v -0.453036 0.627649 0.841597
v -0.453036 0.487893 0.848055
v -0.453036 0.627649 0.848055
v -0.226518 0.627649 0.811868
v -0.226518 0.344685 0.851506
v -0.113259 0.344685 0.851506
v -0.449584 0.631101 0.848055
v -0.339777 0.631101 0.848055
v -0.226518 0.058269 0.848055
v -0.113259 0.058269 0.848055
v -0.226518 0.631101 0.848055
v -0.453036 0.061720 0.815319
v -0.453036 0.344685 0.848055
v 0.449584 0.058269 0.848055
v 0.451307 0.058730 0.848055
v 0.451235 0.059178 0.849705
v 0.449584 0.058730 0.849778
v 0.452574 0.059997 0.848055
v 0.452127 0.060070 0.849705
v 0.452574 0.061720 0.849778
v 0.451307 0.061720 0.851045
v 0.451235 0.060070 0.850597
v 0.449584 0.059997 0.851045
v 0.449584 0.630640 0.849778
v 0.451235 0.630192 0.849705
v 0.451307 0.630640 0.848055
v 0.449584 0.629373 0.851045
v 0.451235 0.629300 0.850597
v 0.451307 0.627649 0.851045
v 0.452574 0.627649 0.849778
v 0.452127 0.629300 0.849705
v 0.452574 0.629373 0.848055
v 0.451307 0.061720 0.812329
v 0.451235 0.060070 0.812777
v 0.449584 0.059997 0.812329
v 0.452574 0.061720 0.813596
v 0.452127 0.060070 0.813669
v 0.452574 0.059997 0.815319
v 0.451307 0.058730 0.815319
v 0.451235 0.059178 0.813669
v 0.449584 0.058730 0.813596
v 0.451307 0.630640 0.815319
v 0.451235 0.630192 0.813669
v 0.449584 0.630640 0.813596
v 0.452574 0.629373 0.815319
v 0.452127 0.629300 0.813669
v 0.452574 0.627649 0.813596
v 0.451307 0.627649 0.812329
v 0.451235 0.629300 0.812777
v 0.449584 0.629373 0.812329
v -0.449584 0.058730 0.849778
v -0.451235 0.059178 0.849705
v -0.451307 0.058730 0.848055
v -0.449584 0.059997 0.851045
v -0.451235 0.060070 0.850597
v -0.451307 0.061720 0.851045
v -0.452574 0.061720 0.849778
v -0.452127 0.060070 0.849705
v -0.452574 0.059997 0.848055
v -0.451307 0.630640 0.848055
v -0.451235 0.630192 0.849705
v -0.449584 0.630640 0.849778
v -0.452574 0.629373 0.848055
v -0.452127 0.629300 0.849705
v -0.452574 0.627649 0.849778
v -0.451307 0.627649 0.851045
v -0.451235 0.629300 0.850597
v -0.449584 0.629373 0.851045
v -0.449584 0.059997 0.812329
v -0.451235 0.060070 0.812777
v -0.451307 0.061720 0.812329
v -0.449584 0.058730 0.813596
v -0.451235 0.059178 0.813669
v -0.451307 0.058730 0.815319
v -0.452574 0.059997 0.815319
v -0.452127 0.060070 0.813669
v -0.452574 0.061720 0.813596
v -0.449584 0.630640 0.813596
v -0.451235 0.630192 0.813669
v -0.451307 0.630640 0.815319
v -0.449584 0.629373 0.812329
v -0.451235 0.629300 0.812777
v -0.451307 0.627649 0.812329
v -0.452574 0.627649 0.813596
v -0.452127 0.629300 0.813669
v -0.452574 0.629373 0.815319
v 0.113259 0.630638 0.813594
v 0.000000 0.630638 0.813594
v 0.113259 0.629375 0.812330
v 0.000000 0.629375 0.812330
v 0.226518 0.630638 0.813594
v 0.226518 0.629375 0.812330
v 0.339777 0.630638 0.813594
v 0.339777 0.629375 0.812330
v 0.452573 0.487893 0.813594
v 0.451310 0.487893 0.812330
v 0.452573 0.344685 0.813594
v 0.451310 0.344685 0.812330
v 0.452573 0.201477 0.813594
v 0.451310 0.201477 0.812330
v 0.451310 0.058731 0.841597
v 0.452573 0.059994 0.841597
v 0.451310 0.058731 0.831687
v 0.452573 0.059994 0.831687
v 0.451310 0.058731 0.821777
v 0.452573 0.059994 0.821777
v 0.451310 0.630638 0.821777
v 0.452573 0.629375 0.821777
v 0.451310 0.630638 0.831687
v 0.452573 0.629375 0.831687
v 0.451310 0.630638 0.841597
v 0.452573 0.629375 0.841597
v 0.451310 0.487893 0.851044
v 0.452573 0.487893 0.849781
v 0.451310 0.344685 0.851044
v 0.452573 0.344685 0.849781
v 0.451310 0.201477 0.851044
v 0.452573 0.201477 0.849781
v 0.113259 0.058731 0.849780
v 0.000000 0.058731 0.849780
v 0.113259 0.059994 0.851044
v 0.000000 0.059994 0.851044
v 0.226518 0.058731 0.849781
v 0.226518 0.059994 0.851044
v 0.339777 0.058731 0.849781
v 0.339777 0.059994 0.851044
v 0.339777 0.058731 0.813594
v 0.339777 0.059994 0.812330
v 0.226518 0.058731 0.813594
v 0.226518 0.059994 0.812330
v 0.113259 0.058731 0.813594
v 0.113259 0.059994 0.812330
v 0.000000 0.058731 0.813594
v 0.000000 0.059994 0.812330
v 0.339777 0.630638 0.849781
v 0.339777 0.629375 0.851044
v 0.226518 0.630638 0.849781
v 0.226518 0.629375 0.851044
v 0.113259 0.630638 0.849780
v 0.113259 0.629375 0.851044
v 0.000000 0.630638 0.849780
v 0.000000 0.629375 0.851044
v -0.113259 0.629375 0.812330
v -0.113259 0.630638 0.813594
v -0.226518 0.629375 0.812330
v -0.226518 0.630638 0.813594
v -0.339777 0.629375 0.812330
v -0.339777 0.630638 0.813594
v -0.451310 0.487893 0.812330
v -0.452573 0.487893 0.813594
v -0.451310 0.344685 0.812330
v -0.452573 0.344685 0.813594
v -0.451310 0.201477 0.812330
v -0.452573 0.201477 0.813594
v -0.452573 0.059994 0.841597
v -0.451310 0.058731 0.841597
v -0.452573 0.059994 0.831687
v -0.451310 0.058731 0.831687
v -0.452573 0.059994 0.821777
v -0.451310 0.058731 0.821777
v -0.452573 0.629375 0.821777
v -0.451310 0.630638 0.821777
v -0.452573 0.629375 0.831687
v -0.451310 0.630638 0.831687
v -0.452573 0.629375 0.841597
v -0.451310 0.630638 0.841597
v -0.452573 0.487893 0.849781
v -0.451310 0.487893 0.851044
v -0.452573 0.344685 0.849781
v -0.451310 0.344685 0.851044
v -0.452573 0.201477 0.849781
v -0.451310 0.201477 0.851044
v -0.113259 0.059994 0.851044
v -0.113259 0.058731 0.849780
v -0.226518 0.059994 0.851044
v -0.226518 0.058731 0.849781
v -0.339777 0.059994 0.851044
v -0.339777 0.058731 0.849781
v -0.339777 0.059994 0.812330
v -0.339777 0.058731 0.813594
v -0.226518 0.059994 0.812330
v -0.226518 0.058731 0.813594
v -0.113259 0.059994 0.812330
v -0.113259 0.058731 0.813594
v -0.339777 0.629375 0.851044
v -0.339777 0.630638 0.849781
v -0.226518 0.629375 0.851044
v -0.226518 0.630638 0.849781
v -0.113259 0.629375 0.851044
v -0.113259 0.630638 0.849780
vt 0.344766 0.279970
vt 0.234666 0.279980
vt 0.234671 0.192879
vt 0.344728 0.192838
vt 0.124561 0.279972
vt 0.124616 0.192857
vt 0.234670 0.105798
vt 0.344580 0.105679
vt 0.124780 0.105718
vt 0.452273 0.367089
vt 0.452288 0.454182
vt 0.344760 0.454206
vt 0.344770 0.367088
vt 0.234661 0.367083
vt 0.124545 0.367078
vt 0.888576 0.454248
vt 0.781043 0.454243
vt 0.781056 0.367137
vt 0.888566 0.367139
vt 0.918791 0.103831
vt 0.918680 0.189864
vt 0.913774 0.189862
vt 0.913850 0.103826
vt 0.983245 0.670096
vt 0.983245 0.780530
vt 0.978266 0.780530
vt 0.978266 0.670096
vt 0.983245 0.888302
vt 0.978265 0.888302
vt 0.983245 0.559662
vt 0.978266 0.559662
vt 0.940651 0.103841
vt 0.940579 0.019522
vt 0.948408 0.019868
vt 0.948255 0.103842
vt 0.918914 0.020488
vt 0.913979 0.019860
vt 0.928211 0.275930
vt 0.928216 0.189881
vt 0.933122 0.189882
vt 0.933116 0.275930
vt 0.561027 0.628541
vt 0.453144 0.628557
vt 0.453257 0.541342
vt 0.560877 0.541381
vt 0.970624 0.670096
vt 0.970624 0.559662
vt 0.970624 0.780530
vt 0.962982 0.670096
vt 0.962982 0.559662
vt 0.962982 0.780530
vt 0.928086 0.103851
vt 0.927894 0.020488
vt 0.932784 0.019863
vt 0.933049 0.103844
vt 0.234691 0.021436
vt 0.344127 0.021198
vt 0.125256 0.021189
vt 0.948247 0.620097
vt 0.953187 0.620087
vt 0.953399 0.703442
vt 0.948499 0.704068
vt 0.906172 0.019515
vt 0.906247 0.103824
vt 0.898645 0.103826
vt 0.898382 0.019856
vt 0.670917 0.712781
vt 0.561482 0.713022
vt 0.670936 0.628419
vt 0.452973 0.713395
vt 0.780352 0.713026
vt 0.780826 0.628497
vt 0.888611 0.541382
vt 0.780989 0.541358
vt 0.888840 0.713302
vt 0.888686 0.628588
vt 0.940652 0.189884
vt 0.940645 0.275931
vt 0.948183 0.189885
vt 0.948173 0.275932
vt 0.928203 0.361973
vt 0.933108 0.361974
vt 0.933099 0.448017
vt 0.928194 0.448017
vt 0.452289 0.279999
vt 0.452347 0.192880
vt 0.452463 0.105664
vt 0.452635 0.020827
vt 0.978265 0.451890
vt 0.970624 0.451890
vt 0.962982 0.451890
vt 0.958002 0.559662
vt 0.958002 0.451890
vt 0.888578 0.280031
vt 0.781047 0.280032
vt 0.940636 0.361974
vt 0.948165 0.361975
vt 0.906245 0.189860
vt 0.913760 0.275904
vt 0.906232 0.275903
vt 0.898715 0.189858
vt 0.898705 0.275902
vt 0.016920 0.105625
vt 0.016768 0.020912
vt 0.016994 0.192831
vt 0.017027 0.279965
vt 0.124553 0.454183
vt 0.017022 0.454182
vt 0.017035 0.367074
vt 0.913747 0.361943
vt 0.906219 0.361942
vt 0.898691 0.361941
vt 0.898679 0.447979
vt 0.893774 0.447978
vt 0.893787 0.361940
vt 0.918630 0.534026
vt 0.913725 0.534025
vt 0.913734 0.447982
vt 0.918640 0.447982
vt 0.453314 0.454223
vt 0.560837 0.454249
vt 0.962982 0.888302
vt 0.958002 0.888302
vt 0.958002 0.780530
vt 0.970624 0.888302
vt 0.670934 0.541338
vt 0.670937 0.454238
vt 0.893681 0.103831
vt 0.893487 0.020482
vt 0.958002 0.670096
vt 0.983245 0.451890
vt 0.893808 0.189857
vt 0.893799 0.275901
vt 0.560839 0.280013
vt 0.560831 0.367132
vt 0.453328 0.367132
vt 0.453312 0.280040
vt 0.670940 0.367134
vt 0.953079 0.275932
vt 0.953071 0.361976
vt 0.953089 0.189886
vt 0.953196 0.103847
vt 0.344714 0.541343
vt 0.234651 0.541289
vt 0.234657 0.454187
vt 0.344556 0.628514
vt 0.234634 0.628372
vt 0.124599 0.541296
vt 0.124751 0.628428
vt 0.918665 0.275905
vt 0.918653 0.361943
vt 0.561041 0.105706
vt 0.560884 0.192876
vt 0.453252 0.192915
vt 0.453135 0.105688
vt 0.933090 0.534064
vt 0.928183 0.534064
vt 0.918995 0.703392
vt 0.914082 0.704024
vt 0.913817 0.620051
vt 0.918757 0.620040
vt 0.940643 0.620108
vt 0.940705 0.704423
vt 0.958002 0.122927
vt 0.962982 0.122927
vt 0.962982 0.233360
vt 0.958002 0.233360
vt 0.958003 0.343794
vt 0.962982 0.343794
vt 0.962983 0.451565
vt 0.958003 0.451565
vt 0.970624 0.122927
vt 0.970624 0.233360
vt 0.978266 0.122927
vt 0.978266 0.233360
vt 0.970624 0.343794
vt 0.978266 0.343794
vt 0.928077 0.620115
vt 0.933041 0.620115
vt 0.932913 0.704095
vt 0.927993 0.703472
vt 0.906268 0.704386
vt 0.906213 0.620062
vt 0.888840 0.020997
vt 0.888691 0.105700
vt 0.780845 0.105787
vt 0.780384 0.021274
vt 0.888614 0.192901
vt 0.780999 0.192919
vt 0.670962 0.105846
vt 0.670967 0.021483
vt 0.561507 0.021205
vt 0.452960 0.020830
vt 0.898444 0.704059
vt 0.898611 0.620069
vt 0.234628 0.712735
vt 0.125210 0.712941
vt 0.344087 0.713015
vt 0.940628 0.448018
vt 0.940620 0.534066
vt 0.948156 0.448019
vt 0.948151 0.534068
vt 0.978266 0.015152
vt 0.983246 0.015152
vt 0.983246 0.122927
vt 0.970624 0.015152
vt 0.962982 0.015152
vt 0.452461 0.628534
vt 0.452635 0.713391
vt 0.452346 0.541307
vt 0.906195 0.534023
vt 0.898665 0.534021
vt 0.906207 0.447980
vt 0.016754 0.713216
vt 0.016906 0.628513
vt 0.970624 0.451565
vt 0.978266 0.451565
vt 0.983246 0.343794
vt 0.983246 0.451565
vt 0.016984 0.541313
vt 0.670947 0.192929
vt 0.670942 0.280030
vt 0.893493 0.703431
vt 0.893646 0.620069
vt 0.953056 0.534068
vt 0.953061 0.448020
vt 0.893759 0.534020
vt 0.958002 0.015152
vt 0.983246 0.233360
vt 0.953372 0.020501
vt 0.953531 0.019165
vt 0.954782 0.019260
vt 0.954752 0.020526
vt 0.953861 0.017795
vt 0.955061 0.018378
vt 0.954361 0.016361
vt 0.955904 0.017129
vt 0.957060 0.018460
vt 0.955722 0.019099
vt 0.957640 0.020055
vt 0.956161 0.020372
vt 0.892124 0.020522
vt 0.892063 0.019270
vt 0.893313 0.019158
vt 0.890711 0.020370
vt 0.891149 0.019106
vt 0.889216 0.020043
vt 0.889813 0.018416
vt 0.891003 0.017134
vt 0.891774 0.018374
vt 0.892499 0.016402
vt 0.892977 0.017809
vt 0.923618 0.020050
vt 0.924222 0.018422
vt 0.925557 0.019118
vt 0.925115 0.020381
vt 0.925419 0.017143
vt 0.926192 0.018386
vt 0.926912 0.016411
vt 0.927389 0.017815
vt 0.927716 0.019158
vt 0.926464 0.019289
vt 0.926530 0.020535
vt 0.919081 0.019157
vt 0.920338 0.019261
vt 0.920284 0.020520
vt 0.919412 0.017789
vt 0.920627 0.018358
vt 0.919892 0.016373
vt 0.921401 0.017110
vt 0.922598 0.018399
vt 0.921257 0.019094
vt 0.923195 0.020032
vt 0.921699 0.020361
vt 0.954764 0.703396
vt 0.954829 0.704642
vt 0.953577 0.704774
vt 0.956180 0.703550
vt 0.955737 0.704814
vt 0.957677 0.703880
vt 0.957074 0.705510
vt 0.955876 0.706791
vt 0.955102 0.705547
vt 0.954382 0.707523
vt 0.953904 0.706118
vt 0.893334 0.704766
vt 0.892084 0.704671
vt 0.892114 0.703406
vt 0.893005 0.706134
vt 0.891806 0.705553
vt 0.892507 0.707566
vt 0.890965 0.706801
vt 0.889808 0.705473
vt 0.891145 0.704833
vt 0.889228 0.703879
vt 0.890706 0.703561
vt 0.923715 0.703930
vt 0.925210 0.703600
vt 0.925653 0.704866
vt 0.924314 0.705561
vt 0.926625 0.703440
vt 0.926571 0.704698
vt 0.927826 0.704801
vt 0.927497 0.706167
vt 0.926283 0.705600
vt 0.927019 0.707581
vt 0.925511 0.706848
vt 0.920361 0.703352
vt 0.920422 0.704606
vt 0.919170 0.704719
vt 0.921774 0.703503
vt 0.921338 0.704769
vt 0.923271 0.703828
vt 0.922677 0.705457
vt 0.921487 0.706744
vt 0.920713 0.705502
vt 0.919989 0.707480
vt 0.919508 0.706070
vt 0.920167 0.275904
vt 0.920155 0.361942
vt 0.921668 0.275903
vt 0.921656 0.361941
vt 0.923169 0.275902
vt 0.923157 0.361940
vt 0.920181 0.189863
vt 0.921682 0.189863
vt 0.923184 0.189862
vt 0.920279 0.103832
vt 0.921775 0.103832
vt 0.923271 0.103831
vt 0.016768 0.015237
vt 0.125256 0.015487
vt 0.125257 0.017389
vt 0.016768 0.017130
vt 0.125257 0.019289
vt 0.016768 0.019021
vt 0.234677 0.015713
vt 0.234682 0.017621
vt 0.234686 0.019528
vt 0.344097 0.015496
vt 0.344106 0.017397
vt 0.344116 0.019297
vt 0.452603 0.015152
vt 0.452614 0.017043
vt 0.452624 0.018934
vt 0.948545 0.018436
vt 0.948695 0.016973
vt 0.948852 0.015460
vt 0.940579 0.018089
vt 0.940578 0.016633
vt 0.940575 0.015152
vt 0.932649 0.018451
vt 0.932501 0.016999
vt 0.932342 0.015509
vt 0.914116 0.018434
vt 0.914266 0.016977
vt 0.914424 0.015472
vt 0.906173 0.018084
vt 0.906172 0.016630
vt 0.906171 0.015152
vt 0.898246 0.018443
vt 0.898098 0.016991
vt 0.897940 0.015499
vt 0.561492 0.714922
vt 0.452984 0.715287
vt 0.561502 0.716823
vt 0.452995 0.717178
vt 0.561512 0.718723
vt 0.453005 0.719069
vt 0.670922 0.714689
vt 0.670927 0.716596
vt 0.670931 0.718505
vt 0.780352 0.714926
vt 0.780352 0.716826
vt 0.780352 0.718728
vt 0.888840 0.715192
vt 0.888840 0.717083
vt 0.888840 0.718977
vt 0.954580 0.275931
vt 0.954572 0.361975
vt 0.956081 0.275930
vt 0.956073 0.361973
vt 0.957582 0.275929
vt 0.957575 0.361972
vt 0.954590 0.189885
vt 0.956091 0.189885
vt 0.957593 0.189885
vt 0.954684 0.103847
vt 0.956180 0.103848
vt 0.957677 0.103847
vt 0.926590 0.103854
vt 0.925094 0.103857
vt 0.923613 0.103859
vt 0.926715 0.189883
vt 0.925213 0.189885
vt 0.923712 0.189887
vt 0.926710 0.275931
vt 0.925209 0.275932
vt 0.923707 0.275933
vt 0.926702 0.361974
vt 0.925200 0.361975
vt 0.923699 0.361977
vt 0.892186 0.103835
vt 0.890691 0.103838
vt 0.889210 0.103840
vt 0.892307 0.189859
vt 0.890806 0.189861
vt 0.889305 0.189863
vt 0.892298 0.275902
vt 0.890797 0.275903
vt 0.889296 0.275904
vt 0.892286 0.361941
vt 0.890785 0.361942
vt 0.889283 0.361943
vt 0.923143 0.447979
vt 0.921642 0.447980
vt 0.920141 0.447981
vt 0.923133 0.534020
vt 0.921632 0.534022
vt 0.920131 0.534024
vt 0.923229 0.620031
vt 0.921748 0.620033
vt 0.920253 0.620037
vt 0.125219 0.714842
vt 0.016763 0.715108
vt 0.125228 0.716741
vt 0.016772 0.716998
vt 0.125237 0.718641
vt 0.016781 0.718888
vt 0.234632 0.714643
vt 0.234636 0.716550
vt 0.234640 0.718459
vt 0.344086 0.714916
vt 0.344085 0.716816
vt 0.344084 0.718719
vt 0.452633 0.715283
vt 0.452631 0.717175
vt 0.452630 0.719069
vt 0.948944 0.708426
vt 0.948784 0.706935
vt 0.948636 0.705482
vt 0.940714 0.708781
vt 0.940710 0.707305
vt 0.940708 0.705852
vt 0.932476 0.708473
vt 0.932631 0.706971
vt 0.932779 0.705517
vt 0.914534 0.708394
vt 0.914372 0.706898
vt 0.914222 0.705442
vt 0.906280 0.708760
vt 0.906275 0.707278
vt 0.906271 0.705820
vt 0.898007 0.708462
vt 0.898163 0.706950
vt 0.898310 0.705489
vt 0.452965 0.015152
vt 0.561511 0.015501
vt 0.561510 0.017403
vt 0.452963 0.017047
vt 0.561509 0.019304
vt 0.452962 0.018939
vt 0.670955 0.015759
vt 0.670959 0.017667
vt 0.670963 0.019575
vt 0.780358 0.015574
vt 0.780366 0.017474
vt 0.780375 0.019374
vt 0.888814 0.015325
vt 0.888823 0.017215
vt 0.888831 0.019105
vt 0.957565 0.448016
vt 0.956064 0.448017
vt 0.954563 0.448018
vt 0.957560 0.534061
vt 0.956059 0.534064
vt 0.954558 0.534066
vt 0.957659 0.620077
vt 0.956178 0.620080
vt 0.954682 0.620083
vt 0.923596 0.620116
vt 0.925092 0.620115
vt 0.926589 0.620115
vt 0.923679 0.534065
vt 0.925181 0.534065
vt 0.926682 0.534064
vt 0.923690 0.448020
vt 0.925192 0.448019
vt 0.926693 0.448018
vt 0.889166 0.620069
vt 0.890662 0.620068
vt 0.892158 0.620068
vt 0.889255 0.534022
vt 0.890756 0.534021
vt 0.892257 0.534021
vt 0.889270 0.447981
vt 0.890771 0.447980
vt 0.892272 0.447979
vn 0.0000 0.0000 -1.0000
vn 0.0000 -0.1304 -0.9915
vn 0.0000 -0.1304 0.9915
vn 0.0000 -0.0000 1.0000
vn 0.0000 0.9915 -0.1303
vn 0.0000 0.9914 -0.1307
vn 0.0000 1.0000 0.0000
vn 0.9914 0.0000 -0.1307
vn 1.0000 -0.0000 0.0000
vn 0.9830 0.1297 -0.1298
vn 0.9915 0.1303 -0.0000
vn 0.0000 -1.0000 -0.0000
vn 0.1304 -0.9915 -0.0000
vn 0.1297 0.9830 -0.1297
vn 0.1306 0.9914 0.0000
vn 0.0000 -0.9915 -0.1305
vn -0.0000 0.1304 0.9915
vn -0.0000 -0.9915 -0.1304
vn 0.1296 -0.9831 -0.1296
vn 0.1307 0.0000 -0.9914
vn 0.1304 0.0000 -0.9915
vn -0.0000 -0.9914 0.1307
vn -0.1296 -0.9831 0.1296
vn -0.1304 -0.9915 -0.0000
vn 0.1307 0.9914 0.0000
vn 0.1307 -0.0000 0.9914
vn 0.1304 -0.0000 0.9915
vn 0.1296 0.1296 0.9831
vn 0.1296 -0.1296 0.9831
vn 0.1296 -0.1296 -0.9831
vn 0.9914 -0.1307 0.0000
vn 0.9914 0.0000 0.1307
vn 0.9830 -0.1298 0.1298
vn -0.0000 0.1304 -0.9915
vn 0.1296 0.1296 -0.9831
vn -0.0000 0.9915 0.1304
vn 0.0000 0.9914 0.1307
vn 0.9830 0.1297 0.1298
vn 0.9914 0.1307 0.0000
vn -0.0000 0.9914 0.1306
vn 0.1297 0.9830 0.1297
vn 0.9830 -0.1298 -0.1298
vn 0.0000 0.9915 0.1303
vn -0.0000 -0.9915 0.1305
vn -0.0000 -0.9915 0.1304
vn -0.1297 0.9830 -0.1297
vn -0.1306 0.9914 0.0000
vn -0.9915 0.0000 -0.1304
vn -1.0000 0.0000 0.0000
vn -0.9914 0.0000 -0.1307
vn -0.9915 0.1303 -0.0000
vn -0.9831 0.1295 -0.1295
vn -0.1296 -0.9831 -0.1296
vn -0.1307 0.9914 0.0000
vn -0.1296 -0.1296 0.9831
vn -0.1304 -0.0000 0.9915
vn -0.1307 0.0000 0.9914
vn -0.1296 0.1296 0.9831
vn -0.1307 -0.0000 -0.9914
vn -0.1304 0.0000 -0.9915
vn -0.9914 -0.1307 -0.0000
vn -0.9830 -0.1298 0.1298
vn -0.9914 0.0000 0.1307
vn -0.9915 -0.1303 -0.0000
vn -0.1296 -0.1296 -0.9831
vn -0.1296 0.1296 -0.9831
vn -0.0000 0.1307 -0.9914
vn -0.9914 0.1307 0.0000
vn -0.9830 0.1297 0.1298
vn -0.1297 0.9830 0.1297
vn -0.9831 -0.1295 -0.1295
vn 0.1296 -0.9831 0.1296
vn 0.4915 -0.8624 0.1216
vn 0.4474 -0.7744 0.4473
vn 0.1216 -0.8623 0.4916
vn 0.8622 -0.4917 0.1216
vn 0.7745 -0.4473 0.4473
vn 0.8622 -0.1215 0.4917
vn 0.4915 -0.1215 0.8623
vn 0.4474 -0.4473 0.7744
vn 0.1216 -0.4916 0.8623
vn 0.1216 0.8623 0.4916
vn 0.4474 0.7745 0.4473
vn 0.4915 0.8623 0.1215
vn 0.1216 0.4915 0.8623
vn 0.4474 0.4472 0.7745
vn 0.4916 0.1217 0.8622
vn 0.8622 0.1215 0.4917
vn 0.7745 0.4472 0.4473
vn 0.8623 0.4917 0.1216
vn 0.4916 -0.1215 -0.8623
vn 0.4474 -0.4473 -0.7744
vn 0.1216 -0.4916 -0.8623
vn 0.8622 -0.1215 -0.4917
vn 0.7745 -0.4473 -0.4473
vn 0.8622 -0.4917 -0.1216
vn 0.4915 -0.8624 -0.1216
vn 0.4474 -0.7745 -0.4473
vn 0.1216 -0.8623 -0.4915
vn 0.4915 0.8623 -0.1215
vn 0.4474 0.7745 -0.4473
vn 0.1216 0.8623 -0.4916
vn 0.8623 0.4917 -0.1216
vn 0.7745 0.4472 -0.4473
vn 0.8624 0.1218 -0.4914
vn 0.4916 0.1218 -0.8623
vn 0.4474 0.4472 -0.7745
vn 0.1216 0.4916 -0.8623
vn -0.1216 -0.8623 0.4916
vn -0.4474 -0.7744 0.4473
vn -0.4915 -0.8624 0.1216
vn -0.1216 -0.4916 0.8623
vn -0.4474 -0.4473 0.7744
vn -0.4915 -0.1215 0.8623
vn -0.8622 -0.1215 0.4917
vn -0.7745 -0.4473 0.4473
vn -0.8622 -0.4917 0.1216
vn -0.4916 0.8623 0.1215
vn -0.4474 0.7745 0.4473
vn -0.1216 0.8623 0.4916
vn -0.8623 0.4917 0.1216
vn -0.7745 0.4472 0.4473
vn -0.8622 0.1215 0.4917
vn -0.4915 0.1214 0.8623
vn -0.4474 0.4472 0.7745
vn -0.1216 0.4915 0.8623
vn -0.1216 -0.4916 -0.8623
vn -0.4474 -0.4473 -0.7745
vn -0.4916 -0.1215 -0.8623
vn -0.1216 -0.8623 -0.4915
vn -0.4474 -0.7745 -0.4473
vn -0.4915 -0.8624 -0.1216
vn -0.8622 -0.4917 -0.1216
vn -0.7745 -0.4473 -0.4473
vn -0.8622 -0.1215 -0.4917
vn -0.1216 0.8623 -0.4916
vn -0.4474 0.7745 -0.4473
vn -0.4916 0.8623 -0.1215
vn -0.1216 0.4916 -0.8623
vn -0.4474 0.4472 -0.7745
vn -0.4916 0.1215 -0.8623
vn -0.8623 0.1215 -0.4917
vn -0.7745 0.4472 -0.4473
vn -0.8623 0.4916 -0.1216
vn 0.0000 0.9659 -0.2589
vn -0.0000 0.7071 -0.7071
vn 0.0000 0.5001 -0.8660
vn -0.0000 0.2590 -0.9659
vn -0.0000 0.9660 -0.2587
vn 0.0000 0.7073 -0.7069
vn -0.0000 0.2585 -0.9660
vn 0.8660 0.0000 -0.5000
vn 0.7073 0.0000 -0.7069
vn 0.2585 -0.0000 -0.9660
vn 0.7071 -0.0000 -0.7071
vn 0.2586 0.0000 -0.9660
vn 0.4999 -0.8661 0.0001
vn 0.7071 -0.7071 0.0001
vn 0.9659 -0.2591 -0.0000
vn 0.4999 -0.8661 -0.0000
vn 0.8660 -0.5001 -0.0000
vn 0.2585 -0.9660 0.0000
vn 0.7071 -0.7071 -0.0001
vn 0.8661 -0.4998 0.0001
vn 0.2589 0.9659 0.0000
vn 0.7071 0.7071 -0.0001
vn 0.8660 0.5001 -0.0000
vn 0.2591 0.9659 0.0000
vn 0.7071 0.7071 0.0000
vn 0.8661 0.4998 0.0000
vn 0.7071 0.7071 0.0001
vn 0.2585 -0.0000 0.9660
vn 0.7071 0.0000 0.7071
vn 0.8660 0.0000 0.5001
vn 0.2586 0.0000 0.9660
vn 0.8661 0.0000 0.4998
vn -0.0000 -0.9660 0.2587
vn -0.0000 -0.7071 0.7071
vn -0.0000 -0.5000 0.8660
vn 0.0000 -0.5001 0.8660
vn -0.0000 -0.9660 0.2586
vn -0.0000 -0.7072 0.7070
vn 0.0000 -0.2586 0.9660
vn -0.0000 -0.9660 0.2585
vn -0.0000 -0.2585 0.9660
vn 0.0000 -0.8661 -0.4998
vn 0.0000 -0.7073 -0.7069
vn 0.0000 -0.2585 -0.9660
vn 0.0000 -0.8662 -0.4998
vn 0.0000 -0.7074 -0.7068
vn 0.0000 -0.2586 -0.9660
vn -0.0000 -0.8660 -0.5001
vn 0.0000 -0.5001 -0.8660
vn -0.0000 0.9659 0.2590
vn 0.0000 0.7071 0.7071
vn -0.0000 0.2585 0.9660
vn -0.0000 0.9658 0.2591
vn -0.0000 0.7072 0.7070
vn 0.0000 0.2590 0.9659
vn -0.0000 0.9658 0.2592
vn -0.0000 0.7073 0.7069
vn -0.0000 0.5000 0.8660
vn -0.0000 0.9659 0.2589
vn 0.0000 0.5001 0.8660
vn 0.0000 0.9659 -0.2591
vn -0.2585 -0.0000 -0.9660
vn -0.7073 0.0000 -0.7069
vn -0.8660 0.0000 -0.5000
vn -0.2586 0.0000 -0.9660
vn -0.7071 0.0000 -0.7071
vn -0.9659 -0.2591 -0.0000
vn -0.7071 -0.7071 0.0001
vn -0.4999 -0.8661 0.0001
vn -0.8660 -0.5001 -0.0000
vn -0.4999 -0.8661 -0.0000
vn -0.8659 -0.5001 -0.0001
vn -0.7071 -0.7071 -0.0001
vn -0.2585 -0.9660 0.0000
vn -0.8660 0.5001 -0.0000
vn -0.7071 0.7071 -0.0001
vn -0.2589 0.9659 0.0000
vn -0.8661 0.4998 0.0000
vn -0.7071 0.7071 0.0000
vn -0.2591 0.9659 0.0000
vn -0.7071 0.7071 0.0001
vn -0.8660 0.0000 0.5001
vn -0.7071 0.0000 0.7071
vn -0.2585 -0.0000 0.9660
vn -0.2586 0.0000 0.9660
vn -0.8661 0.0000 0.4998
usemtl Low_Door_Fridge
s 1
f 1791/2235/978 1792/2236/978 1793/2237/978 1794/2238/978
f 1792/2236/978 1795/2239/978 1796/2240/978 1793/2237/978
f 1794/2238/978 1793/2237/978 1797/2241/978 1798/2242/978
f 1793/2237/978 1796/2240/978 1799/2243/978 1797/2241/978
f 1800/2244/979 1801/2245/979 1802/2246/978 1803/2247/978
f 1803/2247/978 1804/2248/978 1792/2236/978 1791/2235/978
f 1804/2248/978 1805/2249/978 1795/2239/978 1792/2236/978
f 1806/2250/980 1807/2251/981 1808/2252/981 1809/2253/980
f 1810/2254/982 1811/2255/983 1812/2256/984 1813/2257/984
f 1814/2258/985 1815/2259/985 1816/2260/986 1817/2261/986
f 1815/2259/985 1818/2262/987 1819/2263/988 1816/2260/986
f 1820/2264/985 1814/2258/985 1817/2261/986 1821/2265/986
f 1822/2266/989 1823/2267/990 1824/2268/990 1825/2269/989
f 1826/2270/991 1810/2254/982 1813/2257/984 1827/2271/992
f 1828/2272/993 1829/2273/993 1830/2274/989 1831/2275/989
f 1832/2276/981 1833/2277/994 1834/2278/994 1835/2279/981
f 1821/2265/986 1817/2261/986 1836/2280/986 1837/2281/986
f 1817/2261/986 1816/2260/986 1838/2282/986 1836/2280/986
f 1837/2281/986 1836/2280/986 1839/2283/986 1840/2284/986
f 1836/2280/986 1838/2282/986 1841/2285/986 1839/2283/986
f 1842/2286/995 1843/2287/996 1844/2288/990 1845/2289/989
f 1798/2242/978 1797/2241/978 1846/2290/997 1847/2291/997
f 1797/2241/978 1799/2243/978 1848/2292/998 1846/2290/997
f 1849/2293/989 1850/2294/999 1851/2295/1000 1852/2296/1001
f 1853/2297/1002 1854/2298/984 1855/2299/984 1856/2300/992
f 1857/2301/1003 1858/2302/1004 1832/2276/981 1859/2303/981
f 1858/2302/1004 1860/2304/1005 1833/2277/994 1832/2276/981
f 1861/2305/1004 1857/2301/1003 1859/2303/981 1862/2306/981
f 1863/2307/980 1864/2308/981 1807/2251/981 1806/2250/980
f 1865/2309/1006 1861/2305/1004 1862/2306/981 1866/2310/980
f 1845/2289/989 1844/2288/990 1823/2267/990 1822/2266/989
f 1827/2271/992 1813/2257/984 1854/2298/984 1853/2297/1002
f 1831/2275/989 1830/2274/989 1867/2311/989 1868/2312/989
f 1830/2274/989 1845/2289/989 1822/2266/989 1867/2311/989
f 1868/2312/989 1867/2311/989 1869/2313/989 1870/2314/989
f 1867/2311/989 1822/2266/989 1825/2269/989 1869/2313/989
f 1871/2315/993 1872/2316/989 1873/2317/989 1874/2318/993
f 1875/2319/979 1791/2235/978 1794/2238/978 1876/2320/979
f 1876/2320/979 1794/2238/978 1798/2242/978 1877/2321/979
f 1877/2321/979 1798/2242/978 1847/2291/997 1878/2322/1007
f 1879/2323/1008 1821/2265/986 1837/2281/986 1880/2324/1008
f 1880/2324/1008 1837/2281/986 1840/2284/986 1881/2325/1008
f 1881/2325/1008 1840/2284/986 1882/2326/1009 1883/2327/1010
f 1829/2273/993 1842/2286/995 1845/2289/989 1830/2274/989
f 1866/2310/980 1862/2306/981 1864/2308/981 1863/2307/980
f 1884/2328/980 1809/2253/980 1808/2252/981 1885/2329/981
f 1886/2330/989 1868/2312/989 1870/2314/989 1887/2331/989
f 1872/2316/989 1831/2275/989 1868/2312/989 1886/2330/989
f 1813/2257/984 1812/2256/984 1888/2332/984 1854/2298/984
f 1812/2256/984 1889/2333/984 1890/2334/984 1888/2332/984
f 1854/2298/984 1888/2332/984 1891/2335/984 1855/2299/984
f 1888/2332/984 1890/2334/984 1892/2336/984 1891/2335/984
f 1799/2243/978 1893/2337/1011 1894/2338/1012 1848/2292/998
f 1796/2240/978 1895/2339/1011 1893/2337/1011 1799/2243/978
f 1795/2239/978 1896/2340/1011 1895/2339/1011 1796/2240/978
f 1805/2249/978 1897/2341/978 1898/2342/1011 1899/2343/1011
f 1889/2333/984 1900/2344/984 1901/2345/984 1890/2334/984
f 1890/2334/984 1901/2345/984 1902/2346/984 1892/2336/984
f 1903/2347/984 1904/2348/1013 1905/2349/1014 1902/2346/984
f 1906/2350/983 1907/2351/984 1908/2352/984 1909/2353/983
f 1835/2279/981 1834/2278/994 1910/2354/994 1911/2355/981
f 1841/2285/986 1912/2356/988 1913/2357/1015 1914/2358/1009
f 1838/2282/986 1915/2359/1016 1912/2356/988 1841/2285/986
f 1816/2260/986 1819/2263/988 1915/2359/1016 1838/2282/986
f 1862/2306/981 1859/2303/981 1916/2360/981 1864/2308/981
f 1859/2303/981 1832/2276/981 1835/2279/981 1916/2360/981
f 1864/2308/981 1916/2360/981 1917/2361/981 1807/2251/981
f 1916/2360/981 1835/2279/981 1911/2355/981 1917/2361/981
f 1856/2300/992 1855/2299/984 1918/2362/1017 1919/2363/1018
f 1840/2284/986 1839/2283/986 1920/2364/1009 1882/2326/1009
f 1839/2283/986 1841/2285/986 1914/2358/1009 1920/2364/1009
f 1921/2365/1019 1820/2264/985 1821/2265/986 1879/2323/1008
f 1855/2299/984 1891/2335/984 1922/2366/1020 1918/2362/1017
f 1891/2335/984 1892/2336/984 1923/2367/1014 1922/2366/1020
f 1924/2368/981 1925/2369/981 1926/2370/994 1927/2371/994
f 1917/2361/981 1911/2355/981 1925/2369/981 1928/2372/981
f 1807/2251/981 1917/2361/981 1928/2372/981 1808/2252/981
f 1887/2331/989 1870/2314/989 1929/2373/1021 1930/2374/1021
f 1870/2314/989 1869/2313/989 1931/2375/1022 1929/2373/1021
f 1869/2313/989 1825/2269/989 1932/2376/999 1931/2375/1022
f 1802/2246/978 1933/2377/978 1934/2378/978 1935/2379/978
f 1933/2377/978 1936/2380/978 1937/2381/978 1934/2378/978
f 1935/2379/978 1934/2378/978 1938/2382/978 1897/2341/978
f 1934/2378/978 1937/2381/978 1939/2383/978 1938/2382/978
f 1940/2384/983 1941/2385/983 1900/2344/984 1889/2333/984
f 1942/2386/981 1943/2387/981 1944/2388/994 1945/2389/994
f 1874/2318/993 1873/2317/989 1946/2390/989 1947/2391/993
f 1948/2392/1023 1949/2393/1024 1950/2394/984 1951/2395/982
f 1952/2396/989 1849/2293/989 1852/2296/1001 1953/2397/1001
f 1954/2398/1025 1955/2399/1026 1956/2400/1026 1957/2401/1027
f 1958/2402/1025 1959/2403/1026 1960/2404/1028 1961/2405/1029
f 1957/2401/1027 1956/2400/1026 1959/2403/1026 1958/2402/1025
f 1951/2395/982 1950/2394/984 1907/2351/984 1906/2350/983
f 1909/2353/983 1908/2352/984 1900/2344/984 1941/2385/983
f 1804/2248/978 1935/2379/978 1897/2341/978 1805/2249/978
f 1803/2247/978 1802/2246/978 1935/2379/978 1804/2248/978
f 1955/2399/1026 1962/2406/1026 1963/2407/1026 1956/2400/1026
f 1962/2406/1026 1964/2408/1026 1965/2409/1026 1963/2407/1026
f 1956/2400/1026 1963/2407/1026 1966/2410/1026 1959/2403/1026
f 1963/2407/1026 1965/2409/1026 1967/2411/1026 1966/2410/1026
f 1968/2412/995 1969/2413/989 1970/2414/1001 1971/2415/1030
f 1949/2393/1024 1972/2416/1031 1973/2417/984 1950/2394/984
f 1969/2413/989 1952/2396/989 1953/2397/1001 1970/2414/1001
f 1974/2418/1032 1975/2419/980 1976/2420/981 1977/2421/1033
f 1978/2422/980 1884/2328/980 1885/2329/981 1979/2423/981
f 1977/2421/1033 1976/2420/981 1980/2424/981 1981/2425/1034
f 1982/2426/1033 1942/2386/981 1945/2389/994 1983/2427/1035
f 1981/2425/1034 1980/2424/981 1942/2386/981 1982/2426/1033
f 1972/2416/1031 1984/2428/1024 1985/2429/984 1973/2417/984
f 1871/2315/993 1828/2272/993 1831/2275/989 1872/2316/989
f 1937/2381/978 1986/2430/1036 1987/2431/1037 1939/2383/978
f 1936/2380/978 1988/2432/1036 1986/2430/1036 1937/2381/978
f 1873/2317/989 1989/2433/989 1990/2434/989 1946/2390/989
f 1989/2433/989 1991/2435/989 1992/2436/989 1990/2434/989
f 1946/2390/989 1990/2434/989 1952/2396/989 1969/2413/989
f 1990/2434/989 1992/2436/989 1849/2293/989 1952/2396/989
f 1800/2244/979 1803/2247/978 1791/2235/978 1875/2319/979
f 1872/2316/989 1886/2330/989 1989/2433/989 1873/2317/989
f 1886/2330/989 1887/2331/989 1991/2435/989 1989/2433/989
f 1911/2355/981 1910/2354/994 1926/2370/994 1925/2369/981
f 1975/2419/980 1978/2422/980 1979/2423/981 1976/2420/981
f 1947/2391/993 1946/2390/989 1969/2413/989 1968/2412/995
f 1993/2437/1038 1994/2438/1039 1995/2439/1040 1964/2408/1026
f 1996/2440/1038 1993/2437/1038 1964/2408/1026 1962/2406/1026
f 1997/2441/1041 1996/2440/1038 1962/2406/1026 1955/2399/1026
f 1998/2442/979 1999/2443/1042 1988/2432/1036 1936/2380/978
f 2000/2444/979 1998/2442/979 1936/2380/978 1933/2377/978
f 1801/2245/979 2000/2444/979 1933/2377/978 1802/2246/978
f 1950/2394/984 1973/2417/984 2001/2445/984 1907/2351/984
f 1973/2417/984 1985/2429/984 2002/2446/984 2001/2445/984
f 1907/2351/984 2001/2445/984 2003/2447/984 1908/2352/984
f 2001/2445/984 2002/2446/984 1903/2347/984 2003/2447/984
f 1939/2383/978 1987/2431/1037 2004/2448/1043 2005/2449/1044
f 1959/2403/1026 1966/2410/1026 2006/2450/1045 1960/2404/1028
f 1966/2410/1026 1967/2411/1026 2007/2451/1028 2006/2450/1045
f 1967/2411/1026 2008/2452/1040 2009/2453/1046 2007/2451/1028
f 1943/2387/981 1924/2368/981 1927/2371/994 1944/2388/994
f 1811/2255/983 1940/2384/983 1889/2333/984 1812/2256/984
f 2003/2447/984 1903/2347/984 1902/2346/984 1901/2345/984
f 1908/2352/984 2003/2447/984 1901/2345/984 1900/2344/984
f 1805/2249/978 1899/2343/1011 1896/2340/1011 1795/2239/978
f 1897/2341/978 1938/2382/978 2010/2454/1011 1898/2342/1011
f 1938/2382/978 1939/2383/978 2005/2449/1044 2010/2454/1011
f 1976/2420/981 1979/2423/981 2011/2455/981 1980/2424/981
f 1979/2423/981 1885/2329/981 2012/2456/981 2011/2455/981
f 1980/2424/981 2011/2455/981 1943/2387/981 1942/2386/981
f 2011/2455/981 2012/2456/981 1924/2368/981 1943/2387/981
f 1984/2428/1024 2013/2457/1047 2014/2458/1017 1985/2429/984
f 1992/2436/989 2015/2459/1022 1850/2294/999 1849/2293/989
f 1991/2435/989 2016/2460/1021 2015/2459/1022 1992/2436/989
f 1887/2331/989 1930/2374/1021 2016/2460/1021 1991/2435/989
f 1885/2329/981 1808/2252/981 1928/2372/981 2012/2456/981
f 2012/2456/981 1928/2372/981 1925/2369/981 1924/2368/981
f 1892/2336/984 1902/2346/984 1905/2349/1014 1923/2367/1014
f 2002/2446/984 2017/2461/1020 1904/2348/1013 1903/2347/984
f 1985/2429/984 2014/2458/1017 2017/2461/1020 2002/2446/984
f 2018/2462/1048 1997/2441/1041 1955/2399/1026 1954/2398/1025
f 1965/2409/1026 2019/2463/1040 2008/2452/1040 1967/2411/1026
f 1964/2408/1026 1995/2439/1040 2019/2463/1040 1965/2409/1026
f 2020/2464/1049 2021/2465/1050 2022/2466/1051 2023/2467/1052
f 2021/2465/1050 2024/2468/1053 2025/2469/1054 2022/2466/1051
f 1883/2470/1010 2026/2471/1055 2025/2469/1054 2024/2468/1053
f 2026/2471/1055 2027/2472/1056 2028/2473/1057 2025/2469/1054
f 1865/2474/1006 2029/2475/1058 2028/2473/1057 2027/2472/1056
f 2029/2475/1058 2023/2467/1052 2022/2466/1051 2028/2473/1057
f 2022/2466/1051 2025/2469/1054 2028/2473/1057
f 1919/2363/1018 2030/2476/1059 2031/2477/1060 2032/2478/1061
f 2030/2476/1059 2033/2479/1062 2034/2480/1063 2031/2477/1060
f 1860/2481/1005 2035/2482/1064 2034/2480/1063 2033/2479/1062
f 2035/2482/1064 2036/2483/1065 2037/2484/1066 2034/2480/1063
f 1913/2485/1015 2038/2486/1067 2037/2484/1066 2036/2483/1065
f 2038/2486/1067 2032/2478/1061 2031/2477/1060 2037/2484/1066
f 2031/2477/1060 2034/2480/1063 2037/2484/1066
f 1878/2487/1007 2039/2488/1068 2040/2489/1069 2041/2490/1070
f 2039/2488/1068 2042/2491/1071 2043/2492/1072 2040/2489/1069
f 1921/2493/1019 2044/2494/1073 2043/2492/1072 2042/2491/1071
f 2044/2494/1073 2045/2495/1074 2046/2496/1075 2043/2492/1072
f 1843/2287/996 2047/2497/1076 2046/2496/1075 2045/2495/1074
f 2047/2497/1076 2041/2490/1070 2040/2489/1069 2046/2496/1075
f 2040/2489/1069 2043/2492/1072 2046/2496/1075
f 1826/2270/991 2048/2498/1077 2049/2499/1078 2050/2500/1079
f 2048/2498/1077 2051/2501/1080 2052/2502/1081 2049/2499/1078
f 1818/2503/987 2053/2504/1082 2052/2502/1081 2051/2501/1080
f 2053/2504/1082 2054/2505/1083 2055/2506/1084 2052/2502/1081
f 1894/2507/1012 2056/2508/1085 2055/2506/1084 2054/2505/1083
f 2056/2508/1085 2050/2500/1079 2049/2499/1078 2055/2506/1084
f 2049/2499/1078 2052/2502/1081 2055/2506/1084
f 1851/2295/1000 2057/2509/1086 2058/2510/1087 2059/2511/1088
f 2057/2509/1086 2060/2512/1089 2061/2513/1090 2058/2510/1087
f 1974/2514/1032 2062/2515/1091 2061/2513/1090 2060/2512/1089
f 2062/2515/1091 2063/2516/1092 2064/2517/1093 2061/2513/1090
f 1994/2518/1039 2065/2519/1094 2064/2517/1093 2063/2516/1092
f 2065/2519/1094 2059/2511/1088 2058/2510/1087 2064/2517/1093
f 2058/2510/1087 2061/2513/1090 2064/2517/1093
f 2013/2457/1047 2066/2520/1095 2067/2521/1096 2068/2522/1097
f 2066/2520/1095 2069/2523/1098 2070/2524/1099 2067/2521/1096
f 2009/2525/1046 2071/2526/1100 2070/2524/1099 2069/2523/1098
f 2071/2526/1100 2072/2527/1101 2073/2528/1102 2070/2524/1099
f 1983/2529/1035 2074/2530/1103 2073/2528/1102 2072/2527/1101
f 2074/2530/1103 2068/2522/1097 2067/2521/1096 2073/2528/1102
f 2067/2521/1096 2070/2524/1099 2073/2528/1102
f 1999/2531/1042 2075/2532/1104 2076/2533/1105 2077/2534/1106
f 2075/2532/1104 2078/2535/1107 2079/2536/1108 2076/2533/1105
f 1971/2415/1030 2080/2537/1109 2079/2536/1108 2078/2535/1107
f 2080/2537/1109 2081/2538/1110 2082/2539/1111 2079/2536/1108
f 2018/2540/1048 2083/2541/1112 2082/2539/1111 2081/2538/1110
f 2083/2541/1112 2077/2534/1106 2076/2533/1105 2082/2539/1111
f 2076/2533/1105 2079/2536/1108 2082/2539/1111
f 1948/2392/1023 2084/2542/1113 2085/2543/1114 2086/2544/1115
f 2084/2542/1113 2087/2545/1116 2088/2546/1117 2085/2543/1114
f 2004/2547/1043 2089/2548/1118 2088/2546/1117 2087/2545/1116
f 2089/2548/1118 2090/2549/1119 2091/2550/1120 2088/2546/1117
f 1961/2551/1029 2092/2552/1121 2091/2550/1120 2090/2549/1119
f 2092/2552/1121 2086/2544/1115 2085/2543/1114 2091/2550/1120
f 2085/2543/1114 2088/2546/1117 2091/2550/1120
f 1941/2385/983 1940/2384/983 2093/2553/1122 2094/2554/1122
f 2094/2554/1123 2093/2553/1123 2095/2555/1124 2096/2556/1124
f 2096/2556/1124 2095/2555/1124 1896/2557/1011 1899/2558/1011
f 1940/2384/983 1811/2255/983 2097/2559/1122 2093/2553/1122
f 2093/2553/1123 2097/2559/1123 2098/2560/1123 2095/2555/1124
f 2095/2555/1124 2098/2560/1125 1895/2561/1011 1896/2557/1011
f 1811/2255/983 1810/2254/982 2099/2562/1126 2097/2559/1122
f 2097/2559/1123 2099/2562/1127 2100/2563/1127 2098/2560/1123
f 2098/2560/1125 2100/2563/1128 1893/2564/1011 1895/2561/1011
f 1810/2254/982 1826/2270/991 2050/2500/1079 2099/2562/1126
f 2099/2562/1127 2050/2500/1079 2056/2508/1085 2100/2563/1127
f 2100/2563/1128 2056/2508/1085 1894/2507/1012 1893/2564/1011
f 1818/2565/987 1815/2566/985 2101/2567/1129 2053/2568/1082
f 2053/2568/1082 2101/2567/1129 2102/2569/1130 2054/2570/1083
f 2054/2570/1083 2102/2569/1131 1848/2292/998 1894/2338/1012
f 1815/2566/985 1814/2571/985 2103/2572/1129 2101/2567/1129
f 2101/2567/1129 2103/2572/1129 2104/2573/1132 2102/2569/1130
f 2102/2569/1131 2104/2573/1133 1846/2290/997 1848/2292/998
f 1814/2571/985 1820/2574/985 2105/2575/1129 2103/2572/1129
f 2103/2572/1129 2105/2575/1129 2106/2576/1130 2104/2573/1132
f 2104/2573/1133 2106/2576/1131 1847/2291/997 1846/2290/997
f 1820/2574/985 1921/2577/1019 2042/2578/1071 2105/2575/1129
f 2105/2575/1129 2042/2578/1071 2039/2579/1068 2106/2576/1130
f 2106/2576/1131 2039/2579/1068 1878/2322/1007 1847/2291/997
f 2020/2464/1049 1824/2268/990 2107/2580/1134 2021/2465/1050
f 2021/2465/1050 2107/2580/1134 2108/2581/1135 2024/2468/1053
f 2024/2468/1053 2108/2581/1136 1881/2582/1008 1883/2470/1010
f 1824/2268/990 1823/2267/990 2109/2583/1137 2107/2580/1134
f 2107/2580/1134 2109/2583/1137 2110/2584/1138 2108/2581/1135
f 2108/2581/1136 2110/2584/1138 1880/2585/1008 1881/2582/1008
f 1823/2267/990 1844/2288/990 2111/2586/1139 2109/2583/1137
f 2109/2583/1137 2111/2586/1140 2112/2587/1141 2110/2584/1138
f 2110/2584/1138 2112/2587/1141 1879/2588/1008 1880/2585/1008
f 1844/2288/990 1843/2287/996 2045/2495/1074 2111/2586/1139
f 2111/2586/1140 2045/2495/1074 2044/2494/1073 2112/2587/1141
f 2112/2587/1141 2044/2494/1073 1921/2493/1019 1879/2588/1008
f 1826/2270/991 1827/2271/992 2113/2589/1142 2048/2498/1077
f 2048/2498/1077 2113/2589/1143 2114/2590/1144 2051/2501/1080
f 2051/2501/1080 2114/2590/1144 1819/2591/988 1818/2503/987
f 1827/2271/992 1853/2297/1002 2115/2592/1145 2113/2589/1142
f 2113/2589/1143 2115/2592/1146 2116/2593/1147 2114/2590/1144
f 2114/2590/1144 2116/2593/1147 1915/2594/1016 1819/2591/988
f 1853/2297/1002 1856/2300/992 2117/2595/1142 2115/2592/1145
f 2115/2592/1146 2117/2595/1148 2118/2596/1144 2116/2593/1147
f 2116/2593/1147 2118/2596/1144 1912/2597/988 1915/2594/1016
f 1856/2300/992 1919/2363/1018 2032/2478/1061 2117/2595/1142
f 2117/2595/1148 2032/2478/1061 2038/2486/1067 2118/2596/1144
f 2118/2596/1144 2038/2486/1067 1913/2485/1015 1912/2597/988
f 1860/2304/1005 1858/2302/1004 2119/2598/1149 2035/2599/1064
f 2035/2599/1064 2119/2598/1150 2120/2600/1151 2036/2601/1065
f 2036/2601/1065 2120/2600/1151 1914/2602/1009 1913/2603/1015
f 1858/2302/1004 1857/2301/1003 2121/2604/1152 2119/2598/1149
f 2119/2598/1150 2121/2604/1150 2122/2605/1151 2120/2600/1151
f 2120/2600/1151 2122/2605/1151 1920/2606/1009 1914/2602/1009
f 1857/2301/1003 1861/2305/1004 2123/2607/1149 2121/2604/1152
f 2121/2604/1150 2123/2607/1150 2124/2608/1153 2122/2605/1151
f 2122/2605/1151 2124/2608/1153 1882/2609/1009 1920/2606/1009
f 1861/2305/1004 1865/2309/1006 2027/2610/1056 2123/2607/1149
f 2123/2607/1150 2027/2610/1056 2026/2611/1055 2124/2608/1153
f 2124/2608/1153 2026/2611/1055 1883/2612/1010 1882/2609/1009
f 1930/2374/1021 1929/2373/1021 2125/2613/1154 2126/2614/1154
f 2126/2614/1155 2125/2613/1155 2127/2615/1156 2128/2616/1157
f 2128/2616/1157 2127/2615/1156 1806/2617/980 1809/2618/980
f 1929/2373/1021 1931/2375/1022 2129/2619/1158 2125/2613/1154
f 2125/2613/1155 2129/2619/1159 2130/2620/1159 2127/2615/1156
f 2127/2615/1156 2130/2620/1160 1863/2621/980 1806/2617/980
f 1931/2375/1022 1932/2376/999 2131/2622/1161 2129/2619/1158
f 2129/2619/1159 2131/2622/1155 2132/2623/1155 2130/2620/1159
f 2130/2620/1160 2132/2623/1162 1866/2624/980 1863/2621/980
f 1932/2376/999 2020/2464/1049 2023/2467/1052 2131/2622/1161
f 2131/2622/1155 2023/2467/1052 2029/2475/1058 2132/2623/1155
f 2132/2623/1162 2029/2475/1058 1865/2474/1006 1866/2624/980
f 1843/2287/996 1842/2286/995 2133/2625/1163 2047/2497/1076
f 2047/2497/1076 2133/2625/1163 2134/2626/1164 2041/2490/1070
f 2041/2490/1070 2134/2626/1165 1877/2627/979 1878/2487/1007
f 1842/2286/995 1829/2273/993 2135/2628/1166 2133/2625/1163
f 2133/2625/1163 2135/2628/1166 2136/2629/1167 2134/2626/1164
f 2134/2626/1165 2136/2629/1168 1876/2630/979 1877/2627/979
f 1829/2273/993 1828/2272/993 2137/2631/1169 2135/2628/1166
f 2135/2628/1166 2137/2631/1169 2138/2632/1170 2136/2629/1167
f 2136/2629/1168 2138/2632/1170 1875/2633/979 1876/2630/979
f 1828/2272/993 1871/2315/993 2139/2634/1169 2137/2631/1169
f 2137/2631/1169 2139/2634/1169 2140/2635/1170 2138/2632/1170
f 2138/2632/1170 2140/2635/1170 1800/2636/979 1875/2633/979
f 1919/2363/1018 1918/2362/1017 2141/2637/1171 2030/2476/1059
f 2030/2476/1059 2141/2637/1172 2142/2638/1172 2033/2479/1062
f 2033/2479/1062 2142/2638/1173 1833/2639/994 1860/2481/1005
f 1918/2362/1017 1922/2366/1020 2143/2640/1174 2141/2637/1171
f 2141/2637/1172 2143/2640/1175 2144/2641/1175 2142/2638/1172
f 2142/2638/1173 2144/2641/1176 1834/2642/994 1833/2639/994
f 1922/2366/1020 1923/2367/1014 2145/2643/1177 2143/2640/1174
f 2143/2640/1175 2145/2643/1178 2146/2644/1179 2144/2641/1175
f 2144/2641/1176 2146/2644/1179 1910/2645/994 1834/2642/994
f 1923/2367/1014 1905/2349/1014 2147/2646/1180 2145/2643/1177
f 2145/2643/1178 2147/2646/1172 2148/2647/1181 2146/2644/1179
f 2146/2644/1179 2148/2647/1181 1926/2648/994 1910/2645/994
f 1899/2558/1011 1898/2649/1011 2149/2650/1124 2096/2556/1124
f 2096/2556/1124 2149/2650/1124 2150/2651/1123 2094/2554/1123
f 2094/2554/1122 2150/2651/1122 1909/2353/983 1941/2385/983
f 1898/2649/1011 2010/2652/1011 2151/2653/1125 2149/2650/1124
f 2149/2650/1124 2151/2653/1123 2152/2654/1123 2150/2651/1123
f 2150/2651/1122 2152/2654/1122 1906/2350/983 1909/2353/983
f 2010/2652/1011 2005/2655/1044 2153/2656/1128 2151/2653/1125
f 2151/2653/1123 2153/2656/1127 2154/2657/1127 2152/2654/1123
f 2152/2654/1122 2154/2657/1182 1951/2395/982 1906/2350/983
f 2005/2655/1044 2004/2547/1043 2087/2545/1116 2153/2656/1128
f 2153/2656/1127 2087/2545/1116 2084/2542/1113 2154/2657/1127
f 2154/2657/1182 2084/2542/1113 1948/2392/1023 1951/2395/982
f 2004/2448/1043 1987/2431/1037 2155/2658/1183 2089/2659/1118
f 2089/2659/1118 2155/2658/1184 2156/2660/1185 2090/2661/1119
f 2090/2661/1119 2156/2660/1185 1958/2662/1025 1961/2663/1029
f 1987/2431/1037 1986/2430/1036 2157/2664/1186 2155/2658/1183
f 2155/2658/1184 2157/2664/1187 2158/2665/1185 2156/2660/1185
f 2156/2660/1185 2158/2665/1185 1957/2666/1027 1958/2662/1025
f 1986/2430/1036 1988/2432/1036 2159/2667/1183 2157/2664/1186
f 2157/2664/1187 2159/2667/1184 2160/2668/1185 2158/2665/1185
f 2158/2665/1185 2160/2668/1185 1954/2669/1025 1957/2666/1027
f 1988/2432/1036 1999/2443/1042 2077/2670/1106 2159/2667/1183
f 2159/2667/1184 2077/2670/1106 2083/2671/1112 2160/2668/1185
f 2160/2668/1185 2083/2671/1112 2018/2672/1048 1954/2669/1025
f 1994/2518/1039 1993/2673/1038 2161/2674/1188 2065/2519/1094
f 2065/2519/1094 2161/2674/1189 2162/2675/1190 2059/2511/1088
f 2059/2511/1088 2162/2675/1190 1852/2296/1001 1851/2295/1000
f 1993/2673/1038 1996/2676/1038 2163/2677/1191 2161/2674/1188
f 2161/2674/1189 2163/2677/1191 2164/2678/1192 2162/2675/1190
f 2162/2675/1190 2164/2678/1192 1953/2397/1001 1852/2296/1001
f 1996/2676/1038 1997/2679/1041 2165/2680/1193 2163/2677/1191
f 2163/2677/1191 2165/2680/1193 2166/2681/1194 2164/2678/1192
f 2164/2678/1192 2166/2681/1195 1970/2414/1001 1953/2397/1001
f 1997/2679/1041 2018/2540/1048 2081/2538/1110 2165/2680/1193
f 2165/2680/1193 2081/2538/1110 2080/2537/1109 2166/2681/1194
f 2166/2681/1195 2080/2537/1109 1971/2415/1030 1970/2414/1001
f 1961/2551/1029 1960/2682/1028 2167/2683/1196 2092/2552/1121
f 2092/2552/1121 2167/2683/1196 2168/2684/1197 2086/2544/1115
f 2086/2544/1115 2168/2684/1198 1949/2393/1024 1948/2392/1023
f 1960/2682/1028 2006/2685/1045 2169/2686/1199 2167/2683/1196
f 2167/2683/1196 2169/2686/1199 2170/2687/1200 2168/2684/1197
f 2168/2684/1198 2170/2687/1201 1972/2416/1031 1949/2393/1024
f 2006/2685/1045 2007/2688/1028 2171/2689/1196 2169/2686/1199
f 2169/2686/1199 2171/2689/1196 2172/2690/1202 2170/2687/1200
f 2170/2687/1201 2172/2690/1198 1984/2428/1024 1972/2416/1031
f 2007/2688/1028 2009/2525/1046 2069/2523/1098 2171/2689/1196
f 2171/2689/1196 2069/2523/1098 2066/2520/1095 2172/2690/1202
f 2172/2690/1198 2066/2520/1095 2013/2457/1047 1984/2428/1024
f 2009/2691/1046 2008/2692/1040 2173/2693/1203 2071/2694/1100
f 2071/2694/1100 2173/2693/1203 2174/2695/1204 2072/2696/1101
f 2072/2696/1101 2174/2695/1205 1982/2426/1033 1983/2427/1035
f 2008/2692/1040 2019/2697/1040 2175/2698/1203 2173/2693/1203
f 2173/2693/1203 2175/2698/1203 2176/2699/1204 2174/2695/1204
f 2174/2695/1205 2176/2699/1206 1981/2425/1034 1982/2426/1033
f 2019/2697/1040 1995/2700/1040 2177/2701/1207 2175/2698/1203
f 2175/2698/1203 2177/2701/1207 2178/2702/1204 2176/2699/1204
f 2176/2699/1206 2178/2702/1205 1977/2421/1033 1981/2425/1034
f 1995/2700/1040 1994/2703/1039 2063/2704/1092 2177/2701/1207
f 2177/2701/1207 2063/2704/1092 2062/2705/1091 2178/2702/1204
f 2178/2702/1205 2062/2705/1091 1974/2418/1032 1977/2421/1033
f 1809/2618/980 1884/2706/980 2179/2707/1156 2128/2616/1157
f 2128/2616/1157 2179/2707/1156 2180/2708/1155 2126/2614/1155
f 2126/2614/1154 2180/2708/1154 2016/2460/1021 1930/2374/1021
f 1884/2706/980 1978/2709/980 2181/2710/1160 2179/2707/1156
f 2179/2707/1156 2181/2710/1159 2182/2711/1159 2180/2708/1155
f 2180/2708/1154 2182/2711/1158 2015/2459/1022 2016/2460/1021
f 1978/2709/980 1975/2712/980 2183/2713/1162 2181/2710/1160
f 2181/2710/1159 2183/2713/1155 2184/2714/1155 2182/2711/1159
f 2182/2711/1158 2184/2714/1161 1850/2294/999 2015/2459/1022
f 1975/2712/980 1974/2514/1032 2060/2512/1089 2183/2713/1162
f 2183/2713/1155 2060/2512/1089 2057/2509/1086 2184/2714/1155
f 2184/2714/1161 2057/2509/1086 1851/2295/1000 1850/2294/999
f 1999/2531/1042 1998/2715/979 2185/2716/1165 2075/2532/1104
f 2075/2532/1104 2185/2716/1164 2186/2717/1163 2078/2535/1107
f 2078/2535/1107 2186/2717/1163 1968/2412/995 1971/2415/1030
f 1998/2715/979 2000/2718/979 2187/2719/1168 2185/2716/1165
f 2185/2716/1164 2187/2719/1167 2188/2720/1169 2186/2717/1163
f 2186/2717/1163 2188/2720/1169 1947/2391/993 1968/2412/995
f 2000/2718/979 1801/2721/979 2189/2722/1170 2187/2719/1168
f 2187/2719/1167 2189/2722/1170 2190/2723/1169 2188/2720/1169
f 2188/2720/1169 2190/2723/1169 1874/2318/993 1947/2391/993
f 1801/2721/979 1800/2636/979 2140/2635/1170 2189/2722/1170
f 2189/2722/1170 2140/2635/1170 2139/2634/1169 2190/2723/1169
f 2190/2723/1169 2139/2634/1169 1871/2315/993 1874/2318/993
f 1983/2529/1035 1945/2724/994 2191/2725/1173 2074/2530/1103
f 2074/2530/1103 2191/2725/1172 2192/2726/1172 2068/2522/1097
f 2068/2522/1097 2192/2726/1171 2014/2458/1017 2013/2457/1047
f 1945/2724/994 1944/2727/994 2193/2728/1176 2191/2725/1173
f 2191/2725/1172 2193/2728/1175 2194/2729/1175 2192/2726/1172
f 2192/2726/1171 2194/2729/1174 2017/2461/1020 2014/2458/1017
f 1944/2727/994 1927/2730/994 2195/2731/1179 2193/2728/1176
f 2193/2728/1175 2195/2731/1179 2196/2732/1178 2194/2729/1175
f 2194/2729/1174 2196/2732/1177 1904/2348/1013 2017/2461/1020
f 1927/2730/994 1926/2648/994 2148/2647/1181 2195/2731/1179
f 2195/2731/1179 2148/2647/1181 2147/2646/1172 2196/2732/1178
f 2196/2732/1177 2147/2646/1180 1905/2349/1014 1904/2348/1013
f 1825/2269/989 1824/2268/990 2020/2464/1049 1932/2376/999
o Object_Cube.013
v 0.017053 1.325778 0.914544
v 0.017053 1.393737 0.911138
v 0.015721 1.393737 0.903367
v 0.015721 1.325778 0.906772
v 0.017053 1.454522 0.906358
v 0.015721 1.454522 0.898587
v 0.017053 1.393737 0.895596
v 0.017053 1.325778 0.899001
v 0.017053 1.454522 0.890816
v 0.021049 1.249506 0.923288
v 0.021049 1.325778 0.920982
v 0.017053 1.249506 0.916849
v 0.021049 1.393737 0.917577
v 0.021049 1.454522 0.912797
v 0.021049 1.509273 0.906367
v 0.017053 1.509273 0.899928
v 0.015721 1.509273 0.892157
v 0.017053 1.509273 0.884386
v 0.021049 1.509273 0.877947
v 0.021049 1.454522 0.884377
v 0.021049 1.393737 0.889157
v 0.021049 1.325778 0.892562
v 0.017053 1.249506 0.901306
v 0.021049 1.249506 0.894867
v 0.015721 1.249506 0.909077
v 0.027488 1.325778 0.888566
v 0.027488 1.393737 0.885160
v 0.035260 1.393737 0.883828
v 0.035260 1.325778 0.887233
v 0.027488 1.454522 0.880380
v 0.035260 1.454522 0.879048
v 0.043031 1.393737 0.885160
v 0.043031 1.325778 0.888566
v 0.043031 1.454522 0.880380
v 0.027488 1.249506 0.890871
v 0.027488 1.509273 0.873950
v 0.035260 1.509273 0.872618
v 0.043031 1.509273 0.873950
v 0.049470 1.509273 0.877947
v 0.049470 1.454522 0.884377
v 0.049470 1.393737 0.889157
v 0.049470 1.325778 0.892562
v 0.043031 1.249506 0.890871
v 0.049470 1.249506 0.894867
v 0.035260 1.249506 0.889539
v 0.053466 1.325778 0.899001
v 0.053466 1.393737 0.895596
v 0.054799 1.393737 0.903367
v 0.054799 1.325778 0.906772
v 0.053466 1.454522 0.890816
v 0.054799 1.454522 0.898587
v 0.053466 1.393737 0.911138
v 0.053466 1.325778 0.914544
v 0.053466 1.454522 0.906358
v 0.053466 1.249506 0.901306
v 0.053466 1.509273 0.884386
v 0.054799 1.509273 0.892157
v 0.053466 1.509273 0.899928
v 0.049470 1.509273 0.906367
v 0.049470 1.454522 0.912797
v 0.049470 1.393737 0.917577
v 0.049470 1.325778 0.920982
v 0.053466 1.249506 0.916849
v 0.049470 1.249506 0.923288
v 0.054799 1.249506 0.909077
v 0.043031 1.325778 0.924979
v 0.043031 1.393737 0.921574
v 0.035260 1.393737 0.922906
v 0.035260 1.325778 0.926311
v 0.043031 1.454522 0.916793
v 0.035260 1.454522 0.918126
v 0.027488 1.393737 0.921574
v 0.027488 1.325778 0.924979
v 0.027488 1.454522 0.916793
v 0.043031 1.249506 0.927284
v 0.043031 1.509273 0.910364
v 0.035260 1.509273 0.911696
v 0.027488 1.509273 0.910364
v 0.027488 1.249506 0.927284
v 0.035260 1.249506 0.928616
v 0.017053 1.165002 0.918163
v 0.015721 1.165002 0.910392
v 0.015721 1.077231 0.910163
v 0.017053 1.077231 0.917934
v 0.017053 1.165002 0.902620
v 0.017053 1.077231 0.902392
v 0.015721 0.992378 0.907676
v 0.017053 0.992378 0.915447
v 0.017053 0.992378 0.899905
v 0.021049 1.165002 0.924602
v 0.021049 1.165002 0.896181
v 0.021049 1.077231 0.895953
v 0.021049 0.992378 0.893466
v 0.021049 0.916629 0.888003
v 0.017053 0.916629 0.894442
v 0.015721 0.916629 0.902213
v 0.017053 0.916629 0.909984
v 0.021049 0.992378 0.921886
v 0.021049 0.916629 0.916423
v 0.021049 1.077231 0.924373
v 0.017053 1.559144 0.876158
v 0.015721 1.559144 0.883930
v 0.015721 1.605345 0.874259
v 0.017053 1.605344 0.866488
v 0.017053 1.559144 0.891701
v 0.017053 1.605345 0.882030
v 0.015721 1.649097 0.863627
v 0.017053 1.649097 0.855856
v 0.017053 1.649097 0.871398
v 0.021049 1.559144 0.869720
v 0.021049 1.559144 0.898140
v 0.021049 1.605344 0.888469
v 0.021049 1.649097 0.877837
v 0.027109 1.691627 0.836745
v 0.022416 1.691627 0.839670
v 0.019492 1.691627 0.844362
v 0.026082 1.691627 0.843336
v 0.018086 1.691627 0.852513
v 0.025490 1.691627 0.852513
v 0.035260 1.649097 0.844088
v 0.027488 1.649097 0.845420
v 0.027488 1.689534 0.834854
v 0.035260 1.689535 0.833521
v 0.049470 1.649097 0.877837
v 0.053466 1.649097 0.871398
v 0.053466 1.689528 0.860833
v 0.049470 1.689531 0.867271
v 0.021049 1.605344 0.860049
v 0.021049 1.649097 0.849417
v 0.044437 1.691627 0.843336
v 0.035260 1.691627 0.842744
v 0.035260 1.691627 0.852513
v 0.045029 1.691627 0.852513
v 0.035260 1.691627 0.862283
v 0.044437 1.691627 0.861691
v 0.026082 1.691627 0.861691
v 0.053466 1.649097 0.855856
v 0.049470 1.649097 0.849417
v 0.049470 1.689531 0.838851
v 0.053466 1.689528 0.845291
v 0.054799 1.649097 0.863627
v 0.054799 1.689527 0.853062
v 0.043031 1.649097 0.845420
v 0.043031 1.689534 0.834854
v 0.021049 1.689531 0.838851
v 0.015721 1.689527 0.853062
v 0.017053 1.689528 0.845291
v 0.017053 1.689528 0.860833
v 0.027488 1.649097 0.881834
v 0.027488 1.689534 0.871267
v 0.021049 1.689531 0.867271
v 0.015721 0.760823 0.868181
v 0.017053 0.760823 0.860410
v 0.017053 0.723697 0.846749
v 0.015721 0.723699 0.854521
v 0.035260 1.649097 0.883166
v 0.035260 1.689535 0.872599
v 0.043031 1.649097 0.881834
v 0.043031 1.689534 0.871267
v 0.027488 1.559144 0.902136
v 0.035260 1.559144 0.903469
v 0.035260 1.605345 0.893798
v 0.027488 1.605345 0.892466
v 0.043031 1.559144 0.902136
v 0.043031 1.605345 0.892466
v 0.049470 1.559144 0.898140
v 0.049470 1.605344 0.888469
v 0.035260 1.691627 0.869687
v 0.043411 1.691627 0.868282
v 0.027109 1.691627 0.868282
v 0.043031 1.559144 0.865723
v 0.035260 1.559144 0.864391
v 0.035260 1.605345 0.854720
v 0.043031 1.605344 0.856052
v 0.027488 1.559144 0.865723
v 0.027488 1.605345 0.856052
v 0.049470 1.559144 0.869720
v 0.035260 1.691627 0.835340
v 0.043411 1.691627 0.836745
v 0.048103 1.691627 0.839670
v 0.051028 1.691627 0.844362
v 0.049470 1.605344 0.860049
v 0.053466 1.559144 0.891701
v 0.054799 1.559144 0.883930
v 0.054799 1.605345 0.874259
v 0.053466 1.605344 0.882030
v 0.053466 1.559144 0.876158
v 0.053466 1.605345 0.866488
v 0.021049 0.760823 0.882391
v 0.017053 0.760823 0.875952
v 0.017053 0.723697 0.862292
v 0.021049 0.723691 0.868729
v 0.052433 1.691627 0.852513
v 0.051028 1.691627 0.860664
v 0.048103 1.691627 0.865357
v 0.053466 0.854501 0.885559
v 0.054799 0.854501 0.893330
v 0.054799 0.803840 0.881679
v 0.053466 0.803840 0.873907
v 0.053466 0.854501 0.901101
v 0.053466 0.803840 0.889450
v 0.054799 0.760823 0.868181
v 0.053466 0.760823 0.860410
v 0.053466 0.760823 0.875952
v 0.049470 0.916629 0.888003
v 0.053466 0.916629 0.894442
v 0.049470 0.854501 0.879120
v 0.054799 0.916629 0.902213
v 0.053466 0.916629 0.909984
v 0.049470 0.916629 0.916423
v 0.049470 0.854501 0.907540
v 0.049470 0.803840 0.895889
v 0.049470 0.760823 0.882391
v 0.043031 0.760823 0.849974
v 0.049470 0.760823 0.853971
v 0.049470 0.723691 0.840308
v 0.043031 0.723686 0.836310
v 0.044437 0.721629 0.844582
v 0.051028 0.721629 0.845609
v 0.052433 0.721629 0.853760
v 0.045029 0.721629 0.853760
v 0.035260 0.760823 0.887720
v 0.027488 0.760823 0.886387
v 0.027488 0.723686 0.872723
v 0.035260 0.723684 0.874055
v 0.019492 1.691627 0.860664
v 0.049470 0.803840 0.867468
v 0.053466 1.165002 0.902620
v 0.054799 1.165002 0.910392
v 0.054799 1.077231 0.910163
v 0.053466 1.077231 0.902392
v 0.053466 1.165002 0.918163
v 0.053466 1.077231 0.917934
v 0.054799 0.992378 0.907676
v 0.053466 0.992378 0.899905
v 0.053466 0.992378 0.915447
v 0.049470 1.165002 0.896181
v 0.049470 1.165002 0.924602
v 0.049470 1.077231 0.924373
v 0.049470 0.992378 0.921886
v 0.049470 0.992378 0.893466
v 0.049470 1.077231 0.895953
v 0.043031 1.165002 0.928598
v 0.035260 1.165002 0.929931
v 0.035260 1.077231 0.929702
v 0.043031 1.077231 0.928370
v 0.027488 1.165002 0.928598
v 0.027488 1.077231 0.928370
v 0.035260 0.992378 0.927215
v 0.043031 0.992378 0.925883
v 0.027488 0.992378 0.925883
v 0.027488 0.916629 0.920419
v 0.035260 0.916629 0.921752
v 0.043031 0.916629 0.920419
v 0.027488 1.165002 0.892185
v 0.035260 1.165002 0.890853
v 0.035260 1.077231 0.890624
v 0.027488 1.077231 0.891957
v 0.043031 1.165002 0.892185
v 0.043031 1.077231 0.891957
v 0.035260 0.992378 0.888137
v 0.027488 0.992378 0.889469
v 0.043031 0.992378 0.889469
v 0.043031 0.916629 0.884006
v 0.035260 0.916629 0.882674
v 0.027488 0.916629 0.884006
v 0.026082 0.721629 0.844582
v 0.035260 0.721629 0.843990
v 0.035260 0.721629 0.853760
v 0.025490 0.721629 0.853760
v 0.035260 0.721629 0.863529
v 0.026082 0.721629 0.862937
v 0.044437 0.721629 0.862937
v 0.021049 0.760823 0.853971
v 0.027488 0.760823 0.849974
v 0.027488 0.723686 0.836310
v 0.021049 0.723691 0.840308
v 0.051028 0.721629 0.861911
v 0.035260 0.760823 0.848642
v 0.035260 0.723684 0.834977
v 0.053466 0.723697 0.846749
v 0.054799 0.723699 0.854521
v 0.053466 0.723697 0.862292
v 0.043031 0.760823 0.886387
v 0.043031 0.723686 0.872723
v 0.049470 0.723691 0.868729
v 0.017053 0.854501 0.901101
v 0.015721 0.854501 0.893330
v 0.015721 0.803840 0.881679
v 0.017053 0.803840 0.889450
v 0.017053 0.854501 0.885559
v 0.017053 0.803840 0.873907
v 0.021049 0.854501 0.907540
v 0.021049 0.854501 0.879120
v 0.021049 0.803840 0.867469
v 0.022416 0.721629 0.840916
v 0.027109 0.721629 0.837992
v 0.019492 0.721629 0.845609
v 0.018086 0.721629 0.853760
v 0.019492 0.721629 0.861911
v 0.027109 0.721629 0.869528
v 0.022416 0.721629 0.866603
v 0.021049 0.803840 0.895889
v 0.043031 0.854501 0.911537
v 0.035260 0.854501 0.912869
v 0.035260 0.803840 0.901218
v 0.043031 0.803840 0.899885
v 0.027488 0.854501 0.911537
v 0.027488 0.803840 0.899885
v 0.035260 0.721629 0.870933
v 0.043411 0.721629 0.869528
v 0.027488 0.854501 0.875124
v 0.035260 0.854501 0.873791
v 0.035260 0.803840 0.862140
v 0.027488 0.803840 0.863472
v 0.043031 0.854501 0.875124
v 0.043031 0.803840 0.863472
v 0.043411 0.721629 0.837992
v 0.048103 0.721629 0.840916
v 0.035260 0.721629 0.836586
v 0.048103 0.721629 0.866603
v 0.022416 1.691627 0.865357
v 0.018272 1.691346 0.860548
v 0.021733 1.691346 0.866114
v 0.017380 1.690578 0.860610
v 0.021233 1.690579 0.866814
v 0.016903 1.691346 0.852587
v 0.016038 1.690577 0.852788
v 0.018272 1.691346 0.844626
v 0.017380 1.690578 0.844966
v 0.021733 1.691346 0.839060
v 0.021233 1.690579 0.838760
v 0.027299 1.691347 0.835599
v 0.027438 1.690580 0.834907
v 0.035260 1.691347 0.834230
v 0.035260 1.690581 0.833565
v 0.043221 1.691347 0.835599
v 0.043082 1.690580 0.834907
v 0.048786 1.691346 0.839060
v 0.049287 1.690579 0.838760
v 0.052247 1.691346 0.844626
v 0.053140 1.690578 0.844966
v 0.053616 1.691346 0.852587
v 0.054482 1.690577 0.852788
v 0.052247 1.691346 0.860548
v 0.053140 1.690578 0.860610
v 0.048786 1.691346 0.866114
v 0.049287 1.690579 0.866814
v 0.043221 1.691347 0.869574
v 0.043082 1.690580 0.870667
v 0.035260 1.691347 0.870943
v 0.035260 1.690581 0.872009
v 0.027299 1.691347 0.869574
v 0.027438 1.690580 0.870667
v 0.018272 0.721906 0.845901
v 0.021733 0.721905 0.840334
v 0.017380 0.722663 0.846318
v 0.021233 0.722660 0.840112
v 0.016903 0.721906 0.853862
v 0.016038 0.722664 0.854141
v 0.018272 0.721906 0.861823
v 0.017380 0.722663 0.861962
v 0.021733 0.721905 0.867388
v 0.021233 0.722660 0.868166
v 0.043221 0.721904 0.836874
v 0.048786 0.721905 0.840334
v 0.043082 0.722657 0.836258
v 0.049287 0.722660 0.840112
v 0.035260 0.721904 0.835505
v 0.035260 0.722656 0.834916
v 0.027299 0.721904 0.836874
v 0.027438 0.722657 0.836258
v 0.052247 0.721906 0.861823
v 0.048786 0.721905 0.867388
v 0.053140 0.722663 0.861962
v 0.049287 0.722660 0.868166
v 0.053616 0.721906 0.853862
v 0.054482 0.722664 0.854141
v 0.052247 0.721906 0.845901
v 0.053140 0.722663 0.846318
v 0.027299 0.721904 0.870848
v 0.027438 0.722657 0.872018
v 0.035260 0.721904 0.872217
v 0.035260 0.722656 0.873360
v 0.043221 0.721904 0.870848
v 0.043082 0.722657 0.872018
v -0.017053 1.325778 0.914544
v -0.015721 1.325778 0.906772
v -0.015721 1.393737 0.903367
v -0.017053 1.393737 0.911138
v -0.015721 1.454522 0.898587
v -0.017053 1.454522 0.906358
v -0.017053 1.325778 0.899001
v -0.017053 1.393737 0.895596
v -0.017053 1.454522 0.890816
v -0.021049 1.249506 0.923288
v -0.017053 1.249506 0.916849
v -0.021049 1.325778 0.920982
v -0.021049 1.393737 0.917577
v -0.021049 1.454522 0.912797
v -0.017053 1.509273 0.899928
v -0.021049 1.509273 0.906367
v -0.015721 1.509273 0.892157
v -0.017053 1.509273 0.884386
v -0.021049 1.454522 0.884377
v -0.021049 1.509273 0.877947
v -0.021049 1.393737 0.889157
v -0.021049 1.325778 0.892562
v -0.017053 1.249506 0.901306
v -0.021049 1.249506 0.894867
v -0.015721 1.249506 0.909077
v -0.027488 1.325778 0.888566
v -0.035260 1.325778 0.887233
v -0.035260 1.393737 0.883828
v -0.027488 1.393737 0.885160
v -0.035260 1.454522 0.879048
v -0.027488 1.454522 0.880380
v -0.043031 1.325778 0.888566
v -0.043031 1.393737 0.885160
v -0.043031 1.454522 0.880380
v -0.027488 1.249506 0.890871
v -0.027488 1.509273 0.873950
v -0.035260 1.509273 0.872618
v -0.043031 1.509273 0.873950
v -0.049470 1.454522 0.884377
v -0.049470 1.509273 0.877947
v -0.049470 1.393737 0.889157
v -0.049470 1.325778 0.892562
v -0.043031 1.249506 0.890871
v -0.049470 1.249506 0.894867
v -0.035260 1.249506 0.889539
v -0.053466 1.325778 0.899001
v -0.054799 1.325778 0.906772
v -0.054799 1.393737 0.903367
v -0.053466 1.393737 0.895596
v -0.054799 1.454522 0.898587
v -0.053466 1.454522 0.890816
v -0.053466 1.325778 0.914544
v -0.053466 1.393737 0.911138
v -0.053466 1.454522 0.906358
v -0.053466 1.249506 0.901306
v -0.053466 1.509273 0.884386
v -0.054799 1.509273 0.892157
v -0.053466 1.509273 0.899928
v -0.049470 1.454522 0.912797
v -0.049470 1.509273 0.906367
v -0.049470 1.393737 0.917577
v -0.049470 1.325778 0.920982
v -0.053466 1.249506 0.916849
v -0.049470 1.249506 0.923288
v -0.054799 1.249506 0.909077
v -0.043031 1.325778 0.924979
v -0.035260 1.325778 0.926311
v -0.035260 1.393737 0.922906
v -0.043031 1.393737 0.921574
v -0.035260 1.454522 0.918126
v -0.043031 1.454522 0.916793
v -0.027488 1.325778 0.924979
v -0.027488 1.393737 0.921574
v -0.027488 1.454522 0.916793
v -0.043031 1.249506 0.927284
v -0.043031 1.509273 0.910364
v -0.035260 1.509273 0.911696
v -0.027488 1.509273 0.910364
v -0.027488 1.249506 0.927284
v -0.035260 1.249506 0.928616
v -0.017053 1.165002 0.918163
v -0.017053 1.077231 0.917934
v -0.015721 1.077231 0.910163
v -0.015721 1.165002 0.910392
v -0.017053 1.077231 0.902392
v -0.017053 1.165002 0.902620
v -0.017053 0.992378 0.915447
v -0.015721 0.992378 0.907676
v -0.017053 0.992378 0.899905
v -0.021049 1.165002 0.924602
v -0.021049 1.165002 0.896181
v -0.021049 1.077231 0.895953
v -0.021049 0.992378 0.893466
v -0.017053 0.916629 0.894442
v -0.021049 0.916629 0.888003
v -0.015721 0.916629 0.902213
v -0.017053 0.916629 0.909984
v -0.021049 0.992378 0.921886
v -0.021049 0.916629 0.916423
v -0.021049 1.077231 0.924373
v -0.017053 1.559144 0.876158
v -0.017053 1.605344 0.866488
v -0.015721 1.605344 0.874259
v -0.015721 1.559144 0.883930
v -0.017053 1.605344 0.882030
v -0.017053 1.559144 0.891701
v -0.017053 1.649097 0.855856
v -0.015721 1.649097 0.863627
v -0.017053 1.649097 0.871398
v -0.021049 1.559144 0.869720
v -0.021049 1.559144 0.898140
v -0.021049 1.605344 0.888469
v -0.021049 1.649097 0.877837
v -0.027109 1.691627 0.836745
v -0.026082 1.691627 0.843336
v -0.019492 1.691627 0.844362
v -0.022416 1.691627 0.839670
v -0.025490 1.691627 0.852513
v -0.018086 1.691627 0.852513
v -0.035260 1.649097 0.844088
v -0.035260 1.689535 0.833521
v -0.027488 1.689534 0.834854
v -0.027488 1.649097 0.845420
v -0.049470 1.649097 0.877837
v -0.049470 1.689531 0.867271
v -0.053466 1.689528 0.860833
v -0.053466 1.649097 0.871398
v -0.021049 1.605344 0.860049
v -0.021049 1.649097 0.849417
v -0.044437 1.691627 0.843336
v -0.045029 1.691627 0.852513
v -0.035260 1.691627 0.852513
v -0.035260 1.691627 0.842744
v -0.044437 1.691627 0.861691
v -0.035260 1.691627 0.862283
v -0.026082 1.691627 0.861691
v -0.053466 1.649097 0.855856
v -0.053466 1.689528 0.845291
v -0.049470 1.689531 0.838851
v -0.049470 1.649097 0.849417
v -0.054799 1.649097 0.863627
v -0.054799 1.689527 0.853062
v -0.043031 1.649097 0.845420
v -0.043031 1.689534 0.834854
v -0.021049 1.689531 0.838851
v -0.017053 1.689528 0.845291
v -0.015721 1.689527 0.853062
v -0.017053 1.689528 0.860833
v -0.021049 1.689531 0.867271
v -0.027488 1.689534 0.871267
v -0.027488 1.649097 0.881834
v -0.015721 0.760823 0.868181
v -0.015721 0.723699 0.854521
v -0.017053 0.723697 0.846749
v -0.017053 0.760823 0.860410
v -0.035260 1.689535 0.872599
v -0.035260 1.649097 0.883166
v -0.043031 1.649097 0.881834
v -0.043031 1.689534 0.871267
v -0.027488 1.559144 0.902136
v -0.027488 1.605344 0.892466
v -0.035260 1.605344 0.893798
v -0.035260 1.559144 0.903469
v -0.043031 1.605344 0.892466
v -0.043031 1.559144 0.902136
v -0.049470 1.559144 0.898140
v -0.049470 1.605344 0.888469
v -0.043411 1.691627 0.868282
v -0.035260 1.691627 0.869687
v -0.027109 1.691627 0.868282
v -0.043031 1.559144 0.865723
v -0.043031 1.605344 0.856052
v -0.035260 1.605344 0.854720
v -0.035260 1.559144 0.864391
v -0.027488 1.605344 0.856052
v -0.027488 1.559144 0.865723
v -0.049470 1.559144 0.869720
v -0.035260 1.691627 0.835340
v -0.043411 1.691627 0.836745
v -0.048103 1.691627 0.839670
v -0.051028 1.691627 0.844362
v -0.049470 1.605344 0.860049
v -0.053466 1.559144 0.891701
v -0.053466 1.605344 0.882030
v -0.054799 1.605344 0.874259
v -0.054799 1.559144 0.883930
v -0.053466 1.605344 0.866488
v -0.053466 1.559144 0.876158
v -0.021049 0.760823 0.882391
v -0.021049 0.723691 0.868729
v -0.017053 0.723697 0.862292
v -0.017053 0.760823 0.875952
v -0.052433 1.691627 0.852513
v -0.051028 1.691627 0.860664
v -0.048103 1.691627 0.865357
v -0.053466 0.854501 0.885559
v -0.053466 0.803840 0.873907
v -0.054799 0.803840 0.881679
v -0.054799 0.854501 0.893330
v -0.053466 0.803840 0.889450
v -0.053466 0.854501 0.901101
v -0.053466 0.760823 0.860410
v -0.054799 0.760823 0.868181
v -0.053466 0.760823 0.875952
v -0.049470 0.916629 0.888003
v -0.049470 0.854501 0.879120
v -0.053466 0.916629 0.894442
v -0.054799 0.916629 0.902213
v -0.053466 0.916629 0.909984
v -0.049470 0.854501 0.907540
v -0.049470 0.916629 0.916423
v -0.049470 0.803840 0.895889
v -0.049470 0.760823 0.882391
v -0.043031 0.760823 0.849974
v -0.043031 0.723686 0.836310
v -0.049470 0.723691 0.840308
v -0.049470 0.760823 0.853971
v -0.044437 0.721629 0.844582
v -0.045029 0.721629 0.853760
v -0.052433 0.721629 0.853760
v -0.051028 0.721629 0.845609
v -0.035260 0.760823 0.887720
v -0.035260 0.723684 0.874055
v -0.027488 0.723686 0.872723
v -0.027488 0.760823 0.886387
v -0.019492 1.691627 0.860664
v -0.049470 0.803840 0.867469
v -0.053466 1.165002 0.902620
v -0.053466 1.077231 0.902392
v -0.054799 1.077231 0.910163
v -0.054799 1.165002 0.910392
v -0.053466 1.077231 0.917934
v -0.053466 1.165002 0.918163
v -0.053466 0.992378 0.899905
v -0.054799 0.992378 0.907676
v -0.053466 0.992378 0.915447
v -0.049470 1.165002 0.896181
v -0.049470 1.165002 0.924602
v -0.049470 1.077231 0.924373
v -0.049470 0.992378 0.921886
v -0.049470 0.992378 0.893466
v -0.049470 1.077231 0.895953
v -0.043031 1.165002 0.928598
v -0.043031 1.077231 0.928370
v -0.035260 1.077231 0.929702
v -0.035260 1.165002 0.929931
v -0.027488 1.077231 0.928370
v -0.027488 1.165002 0.928598
v -0.043031 0.992378 0.925883
v -0.035260 0.992378 0.927215
v -0.027488 0.992378 0.925883
v -0.027488 0.916629 0.920419
v -0.035260 0.916629 0.921752
v -0.043031 0.916629 0.920419
v -0.027488 1.165002 0.892185
v -0.027488 1.077231 0.891957
v -0.035260 1.077231 0.890624
v -0.035260 1.165002 0.890853
v -0.043031 1.077231 0.891957
v -0.043031 1.165002 0.892185
v -0.027488 0.992378 0.889469
v -0.035260 0.992378 0.888137
v -0.043031 0.992378 0.889469
v -0.043031 0.916629 0.884006
v -0.035260 0.916629 0.882674
v -0.027488 0.916629 0.884006
v -0.026082 0.721629 0.844582
v -0.025490 0.721629 0.853760
v -0.035260 0.721629 0.853760
v -0.035260 0.721629 0.843990
v -0.026082 0.721629 0.862937
v -0.035260 0.721629 0.863529
v -0.044437 0.721629 0.862937
v -0.021049 0.760823 0.853971
v -0.021049 0.723691 0.840308
v -0.027488 0.723686 0.836310
v -0.027488 0.760823 0.849974
v -0.051028 0.721629 0.861911
v -0.035260 0.723684 0.834977
v -0.035260 0.760823 0.848642
v -0.053466 0.723697 0.846749
v -0.054799 0.723699 0.854521
v -0.053466 0.723697 0.862292
v -0.049470 0.723691 0.868729
v -0.043031 0.723686 0.872723
v -0.043031 0.760823 0.886387
v -0.017053 0.854501 0.901101
v -0.017053 0.803840 0.889450
v -0.015721 0.803840 0.881679
v -0.015721 0.854501 0.893330
v -0.017053 0.803840 0.873907
v -0.017053 0.854501 0.885559
v -0.021049 0.854501 0.907540
v -0.021049 0.854501 0.879120
v -0.021049 0.803840 0.867469
v -0.022416 0.721629 0.840916
v -0.019492 0.721629 0.845609
v -0.027109 0.721629 0.837992
v -0.018086 0.721629 0.853760
v -0.019492 0.721629 0.861911
v -0.022416 0.721629 0.866603
v -0.027109 0.721629 0.869528
v -0.021049 0.803840 0.895889
v -0.043031 0.854501 0.911537
v -0.043031 0.803840 0.899885
v -0.035260 0.803840 0.901218
v -0.035260 0.854501 0.912869
v -0.027488 0.803840 0.899885
v -0.027488 0.854501 0.911537
v -0.035260 0.721629 0.870933
v -0.043411 0.721629 0.869528
v -0.027488 0.854501 0.875124
v -0.027488 0.803840 0.863472
v -0.035260 0.803840 0.862140
v -0.035260 0.854501 0.873791
v -0.043031 0.803840 0.863472
v -0.043031 0.854501 0.875124
v -0.043411 0.721629 0.837992
v -0.048103 0.721629 0.840916
v -0.035260 0.721629 0.836586
v -0.048103 0.721629 0.866603
v -0.022416 1.691627 0.865357
v -0.021733 1.691346 0.866114
v -0.018272 1.691346 0.860548
v -0.021233 1.690579 0.866814
v -0.017380 1.690578 0.860610
v -0.016903 1.691346 0.852587
v -0.016038 1.690577 0.852788
v -0.018272 1.691346 0.844626
v -0.017380 1.690578 0.844966
v -0.021733 1.691346 0.839060
v -0.021233 1.690579 0.838760
v -0.027299 1.691346 0.835599
v -0.027438 1.690580 0.834907
v -0.035260 1.691347 0.834230
v -0.035260 1.690581 0.833565
v -0.043221 1.691346 0.835599
v -0.043082 1.690580 0.834907
v -0.048786 1.691346 0.839060
v -0.049287 1.690579 0.838760
v -0.052247 1.691346 0.844626
v -0.053140 1.690578 0.844966
v -0.053616 1.691346 0.852587
v -0.054482 1.690577 0.852788
v -0.052247 1.691346 0.860548
v -0.053140 1.690578 0.860610
v -0.048786 1.691346 0.866114
v -0.049287 1.690579 0.866814
v -0.043221 1.691346 0.869574
v -0.043082 1.690580 0.870667
v -0.035260 1.691347 0.870943
v -0.035260 1.690581 0.872009
v -0.027299 1.691346 0.869574
v -0.027438 1.690580 0.870667
v -0.021733 0.721905 0.840334
v -0.018272 0.721906 0.845901
v -0.021233 0.722660 0.840112
v -0.017380 0.722663 0.846318
v -0.016903 0.721906 0.853862
v -0.016038 0.722664 0.854141
v -0.018272 0.721906 0.861823
v -0.017380 0.722663 0.861962
v -0.021733 0.721905 0.867388
v -0.021233 0.722660 0.868166
v -0.048786 0.721905 0.840334
v -0.043221 0.721904 0.836874
v -0.049287 0.722660 0.840112
v -0.043082 0.722657 0.836258
v -0.035260 0.721904 0.835505
v -0.035260 0.722656 0.834916
v -0.027299 0.721904 0.836874
v -0.027438 0.722657 0.836258
v -0.048786 0.721905 0.867388
v -0.052247 0.721906 0.861823
v -0.049287 0.722660 0.868166
v -0.053140 0.722663 0.861962
v -0.053616 0.721906 0.853862
v -0.054482 0.722664 0.854141
v -0.052247 0.721906 0.845901
v -0.053140 0.722663 0.846318
v -0.027299 0.721904 0.870848
v -0.027438 0.722657 0.872018
v -0.035260 0.721904 0.872217
v -0.035260 0.722656 0.873360
v -0.043221 0.721904 0.870848
v -0.043082 0.722657 0.872018
vt 0.621103 0.085431
vt 0.689298 0.085315
vt 0.689818 0.093202
vt 0.621429 0.093352
vt 0.750161 0.085169
vt 0.750941 0.093008
vt 0.690343 0.101112
vt 0.621757 0.101287
vt 0.751731 0.100880
vt 0.544250 0.077875
vt 0.620835 0.077828
vt 0.544401 0.085499
vt 0.688871 0.077749
vt 0.749520 0.077653
vt 0.804080 0.077571
vt 0.804985 0.085033
vt 0.806087 0.092815
vt 0.807204 0.100640
vt 0.808142 0.108220
vt 0.752396 0.108485
vt 0.690785 0.108738
vt 0.622032 0.108928
vt 0.544767 0.101386
vt 0.544920 0.109034
vt 0.544584 0.093438
vt 0.622210 0.116581
vt 0.691069 0.116387
vt 0.691183 0.124363
vt 0.622280 0.124555
vt 0.752823 0.116130
vt 0.752988 0.124114
vt 0.622280 0.000108
vt 0.691183 0.000299
vt 0.691069 0.008276
vt 0.622210 0.008081
vt 0.752988 0.000549
vt 0.752823 0.008533
vt 0.545017 0.116689
vt 0.808740 0.115864
vt 0.808962 0.123863
vt 0.808962 0.000800
vt 0.808740 0.008799
vt 0.808142 0.016443
vt 0.752396 0.016177
vt 0.690785 0.015924
vt 0.622032 0.015734
vt 0.545017 0.007973
vt 0.544920 0.015628
vt 0.545052 0.000000
vt 0.545052 0.124663
vt 0.621757 0.023375
vt 0.690343 0.023551
vt 0.689818 0.031461
vt 0.621429 0.031311
vt 0.751731 0.023783
vt 0.750941 0.031655
vt 0.689298 0.039347
vt 0.621103 0.039231
vt 0.750161 0.039493
vt 0.544767 0.023277
vt 0.807204 0.024022
vt 0.806087 0.031848
vt 0.804984 0.039629
vt 0.804080 0.047091
vt 0.749520 0.047009
vt 0.688871 0.046913
vt 0.620835 0.046835
vt 0.544401 0.039164
vt 0.544250 0.046788
vt 0.544584 0.031225
vt 0.620669 0.054432
vt 0.688606 0.054472
vt 0.688517 0.062331
vt 0.620613 0.062331
vt 0.749123 0.054520
vt 0.748989 0.062331
vt 0.688606 0.070190
vt 0.620669 0.070231
vt 0.749123 0.070142
vt 0.544157 0.054408
vt 0.803521 0.054559
vt 0.803333 0.062331
vt 0.803521 0.070103
vt 0.544157 0.070255
vt 0.544125 0.062331
vt 0.459380 0.085487
vt 0.459426 0.093427
vt 0.371098 0.093323
vt 0.371236 0.085407
vt 0.459472 0.101378
vt 0.370958 0.101255
vt 0.285952 0.093106
vt 0.286372 0.085238
vt 0.285526 0.101001
vt 0.459341 0.077863
vt 0.459508 0.109029
vt 0.370838 0.108892
vt 0.285163 0.108615
vt 0.208534 0.108115
vt 0.209280 0.100537
vt 0.210161 0.092712
vt 0.211026 0.084937
vt 0.286716 0.077693
vt 0.211732 0.077492
vt 0.371348 0.077809
vt 0.858087 0.100469
vt 0.856622 0.092696
vt 0.903770 0.092502
vt 0.905574 0.100187
vt 0.855177 0.084970
vt 0.902004 0.084860
vt 0.948268 0.091797
vt 0.950413 0.099241
vt 0.946216 0.084373
vt 0.859321 0.108013
vt 0.853993 0.077549
vt 0.900564 0.077502
vt 0.944563 0.077198
vt 0.039949 0.280317
vt 0.035833 0.276648
vt 0.033754 0.271540
vt 0.040057 0.273666
vt 0.033754 0.263292
vt 0.041030 0.264547
vt 0.954696 0.121979
vt 0.953786 0.113978
vt 0.994015 0.109643
vt 0.997119 0.116808
vt 0.944562 0.047464
vt 0.946215 0.040289
vt 0.985205 0.041668
vt 0.983557 0.048411
vt 0.907113 0.107663
vt 0.952336 0.106501
vt 0.058095 0.276776
vt 0.048976 0.275803
vt 0.050631 0.266202
vt 0.060232 0.267857
vt 0.052287 0.256601
vt 0.061205 0.258738
vt 0.043167 0.255628
vt 0.950413 0.025422
vt 0.952336 0.018161
vt 0.991587 0.021793
vt 0.989260 0.028377
vt 0.948268 0.032866
vt 0.987217 0.035023
vt 0.953786 0.010685
vt 0.954696 0.002683
vt 0.997119 0.007854
vt 0.994015 0.015020
vt 0.991587 0.102869
vt 0.987217 0.089639
vt 0.989260 0.096285
vt 0.985204 0.082994
vt 0.943548 0.069936
vt 0.982570 0.069378
vt 0.983557 0.076251
vt 0.051521 0.091482
vt 0.048830 0.098805
vt 0.011673 0.096436
vt 0.014200 0.089917
vt 0.943211 0.062331
vt 0.982319 0.062331
vt 0.943548 0.054727
vt 0.982570 0.055284
vt 0.853263 0.070098
vt 0.853019 0.062331
vt 0.899382 0.062331
vt 0.899677 0.070083
vt 0.853263 0.054564
vt 0.899677 0.054579
vt 0.853993 0.047114
vt 0.900564 0.047161
vt 0.053541 0.249325
vt 0.061313 0.252087
vt 0.045293 0.249325
vt 0.860109 0.009011
vt 0.860404 0.000994
vt 0.908577 0.001361
vt 0.908134 0.009389
vt 0.860404 0.123668
vt 0.860109 0.115652
vt 0.908134 0.115273
vt 0.908577 0.123301
vt 0.859321 0.016649
vt 0.047721 0.283079
vt 0.055970 0.283079
vt 0.061077 0.281000
vt 0.064746 0.276884
vt 0.907113 0.017000
vt 0.855177 0.039693
vt 0.856622 0.031966
vt 0.903770 0.032160
vt 0.902004 0.039802
vt 0.858087 0.024194
vt 0.905574 0.024476
vt 0.056196 0.077121
vt 0.054110 0.084190
vt 0.016715 0.083365
vt 0.018808 0.076592
vt 0.067508 0.269112
vt 0.067508 0.260864
vt 0.065429 0.255756
vt 0.146298 0.024609
vt 0.147782 0.032339
vt 0.096138 0.032667
vt 0.094011 0.025071
vt 0.149234 0.039996
vt 0.098209 0.040183
vt 0.051521 0.033180
vt 0.048831 0.025858
vt 0.054110 0.040473
vt 0.208534 0.016548
vt 0.209280 0.024125
vt 0.145040 0.017082
vt 0.210161 0.031951
vt 0.211026 0.039726
vt 0.211732 0.047171
vt 0.150415 0.047332
vt 0.099887 0.047409
vt 0.056196 0.047541
vt 0.044713 0.011150
vt 0.046448 0.018661
vt 0.008886 0.021773
vt 0.006121 0.015018
vt 0.027451 0.258738
vt 0.033754 0.260864
vt 0.033754 0.269112
vt 0.026478 0.267857
vt 0.057897 0.062331
vt 0.057472 0.069910
vt 0.020067 0.069581
vt 0.020412 0.062331
vt 0.036516 0.255520
vt 0.092192 0.017630
vt 0.459472 0.023285
vt 0.459426 0.031235
vt 0.371098 0.031340
vt 0.370958 0.023408
vt 0.459380 0.039176
vt 0.371236 0.039256
vt 0.285952 0.031557
vt 0.285526 0.023662
vt 0.286372 0.039425
vt 0.459508 0.015633
vt 0.459341 0.046799
vt 0.371348 0.046854
vt 0.286716 0.046970
vt 0.285163 0.016048
vt 0.370838 0.015771
vt 0.459317 0.054415
vt 0.459309 0.062331
vt 0.371443 0.062331
vt 0.371419 0.054443
vt 0.459317 0.070248
vt 0.371419 0.070220
vt 0.287001 0.062331
vt 0.286929 0.054503
vt 0.286929 0.070160
vt 0.212168 0.070058
vt 0.212316 0.062331
vt 0.212168 0.054605
vt 0.459528 0.116685
vt 0.459530 0.124653
vt 0.370716 0.124505
vt 0.370757 0.116538
vt 0.459530 0.000009
vt 0.459528 0.007978
vt 0.370756 0.008124
vt 0.370716 0.000158
vt 0.284818 0.124215
vt 0.284924 0.116250
vt 0.284924 0.008413
vt 0.284818 0.000448
vt 0.208048 0.008915
vt 0.207848 0.000929
vt 0.207848 0.123734
vt 0.208048 0.115748
vt 0.009413 0.255628
vt 0.018532 0.256601
vt 0.016877 0.266202
vt 0.007276 0.264547
vt 0.015222 0.275803
vt 0.006303 0.273666
vt 0.024341 0.276776
vt 0.046447 0.106002
vt 0.044713 0.113512
vt 0.006121 0.109645
vt 0.008886 0.102890
vt 0.030992 0.276884
vt 0.043722 0.121624
vt 0.002809 0.116849
vt 0.011673 0.028226
vt 0.014200 0.034746
vt 0.016715 0.041298
vt 0.057472 0.054752
vt 0.020067 0.055081
vt 0.018809 0.048071
vt 0.043722 0.003039
vt 0.002809 0.007814
vt 0.149234 0.084666
vt 0.147782 0.092324
vt 0.096138 0.091996
vt 0.098209 0.084480
vt 0.146298 0.100054
vt 0.094011 0.099591
vt 0.150415 0.077331
vt 0.145040 0.107581
vt 0.092192 0.107033
vt 0.006431 0.251404
vt 0.011539 0.249325
vt 0.002762 0.255520
vt 0.000000 0.263292
vt 0.000000 0.271540
vt 0.006195 0.280317
vt 0.002079 0.276648
vt 0.099887 0.077253
vt 0.151141 0.054680
vt 0.151386 0.062331
vt 0.101258 0.062331
vt 0.100915 0.054705
vt 0.151141 0.069982
vt 0.100915 0.069958
vt 0.013967 0.283079
vt 0.022215 0.283079
vt 0.144228 0.115221
vt 0.143910 0.123257
vt 0.090499 0.122767
vt 0.090996 0.114669
vt 0.143910 0.001405
vt 0.144228 0.009441
vt 0.090996 0.009993
vt 0.090500 0.001896
vt 0.027559 0.252087
vt 0.031675 0.255756
vt 0.019787 0.249325
vt 0.027323 0.281000
vt 0.986720 0.076031
vt 0.988089 0.081482
vt 0.987192 0.082304
vt 0.985718 0.076161
vt 0.986218 0.082813
vt 0.984638 0.076223
vt 0.990472 0.089190
vt 0.989326 0.089451
vt 0.988236 0.089584
vt 0.992608 0.096946
vt 0.991419 0.096585
vt 0.990307 0.096327
vt 0.994369 0.102267
vt 0.993492 0.102521
vt 0.992591 0.102698
vt 0.996397 0.107561
vt 0.995690 0.108525
vt 0.994947 0.109213
vt 1.000000 0.115142
vt 0.999022 0.115817
vt 0.998107 0.116363
vt 1.000000 0.009520
vt 0.996397 0.017101
vt 0.995690 0.016137
vt 0.999022 0.008846
vt 0.994947 0.015450
vt 0.998107 0.008299
vt 0.994369 0.022395
vt 0.993492 0.022141
vt 0.992591 0.021964
vt 0.992608 0.027716
vt 0.991419 0.028078
vt 0.990307 0.028336
vt 0.990472 0.035472
vt 0.989326 0.035212
vt 0.988236 0.035079
vt 0.988089 0.043180
vt 0.987192 0.042358
vt 0.986218 0.041850
vt 0.986720 0.048631
vt 0.985718 0.048501
vt 0.984638 0.048440
vt 0.986043 0.054199
vt 0.984870 0.054764
vt 0.983674 0.055150
vt 0.985906 0.062331
vt 0.984655 0.062331
vt 0.983418 0.062331
vt 0.986043 0.070464
vt 0.984870 0.069899
vt 0.983674 0.069512
vt 0.006129 0.102285
vt 0.008254 0.097059
vt 0.009471 0.096747
vt 0.006988 0.102563
vt 0.010605 0.096492
vt 0.007872 0.102728
vt 0.010919 0.089438
vt 0.012062 0.089749
vt 0.013157 0.089880
vt 0.013804 0.081820
vt 0.014684 0.082680
vt 0.015672 0.083200
vt 0.015478 0.076340
vt 0.016518 0.076499
vt 0.017673 0.076575
vt 0.006129 0.022377
vt 0.003834 0.017106
vt 0.004497 0.016124
vt 0.006989 0.022100
vt 0.005191 0.015447
vt 0.007872 0.021934
vt 0.000000 0.009493
vt 0.000956 0.008801
vt 0.001825 0.008263
vt 0.000000 0.115170
vt 0.003834 0.107556
vt 0.004496 0.108539
vt 0.000956 0.115861
vt 0.005191 0.109215
vt 0.001825 0.116399
vt 0.015478 0.048322
vt 0.013804 0.042843
vt 0.014684 0.041982
vt 0.016518 0.048163
vt 0.015672 0.041463
vt 0.017674 0.048087
vt 0.010920 0.035224
vt 0.012062 0.034914
vt 0.013157 0.034782
vt 0.008254 0.027603
vt 0.009471 0.027916
vt 0.010605 0.028170
vt 0.016368 0.070671
vt 0.017610 0.070114
vt 0.018896 0.069724
vt 0.016613 0.062331
vt 0.017921 0.062331
vt 0.019245 0.062331
vt 0.016368 0.053992
vt 0.017610 0.054548
vt 0.018896 0.054939
vt 0.040186 0.251404
vt 0.621108 0.163894
vt 0.621433 0.155973
vt 0.689821 0.156123
vt 0.689302 0.164010
vt 0.750944 0.156318
vt 0.750164 0.164156
vt 0.621761 0.148038
vt 0.690346 0.148214
vt 0.751734 0.148445
vt 0.544255 0.171451
vt 0.544406 0.163827
vt 0.620840 0.171497
vt 0.688875 0.171576
vt 0.749523 0.171672
vt 0.804987 0.164292
vt 0.804082 0.171754
vt 0.806090 0.156510
vt 0.807206 0.148685
vt 0.752399 0.140840
vt 0.808145 0.141105
vt 0.690788 0.140587
vt 0.622037 0.140397
vt 0.544772 0.147939
vt 0.544925 0.140291
vt 0.544589 0.155888
vt 0.622214 0.132744
vt 0.622285 0.124771
vt 0.691186 0.124962
vt 0.691073 0.132939
vt 0.752991 0.125212
vt 0.752825 0.133195
vt 0.622285 0.249217
vt 0.622214 0.241243
vt 0.691073 0.241049
vt 0.691187 0.249025
vt 0.752826 0.240792
vt 0.752991 0.248776
vt 0.545022 0.132636
vt 0.808742 0.133462
vt 0.808964 0.125463
vt 0.808742 0.240525
vt 0.808964 0.248524
vt 0.752399 0.233147
vt 0.808145 0.232882
vt 0.690788 0.233400
vt 0.622037 0.233590
vt 0.545022 0.241352
vt 0.544925 0.233697
vt 0.545058 0.249325
vt 0.545057 0.124663
vt 0.621761 0.225949
vt 0.621433 0.218014
vt 0.689821 0.217864
vt 0.690347 0.225774
vt 0.750944 0.217670
vt 0.751734 0.225542
vt 0.621108 0.210094
vt 0.689302 0.209978
vt 0.750164 0.209831
vt 0.544772 0.226049
vt 0.807206 0.225302
vt 0.806090 0.217477
vt 0.804987 0.209695
vt 0.749523 0.202316
vt 0.804083 0.202233
vt 0.688875 0.202411
vt 0.620840 0.202490
vt 0.544406 0.210161
vt 0.544255 0.202537
vt 0.544589 0.218100
vt 0.620673 0.194893
vt 0.620617 0.186994
vt 0.688520 0.186994
vt 0.688610 0.194853
vt 0.748992 0.186994
vt 0.749126 0.194804
vt 0.620673 0.179094
vt 0.688610 0.179135
vt 0.749126 0.179183
vt 0.544162 0.194918
vt 0.803524 0.194765
vt 0.803335 0.186994
vt 0.803524 0.179222
vt 0.544162 0.179070
vt 0.544130 0.186994
vt 0.459385 0.163838
vt 0.371241 0.163919
vt 0.371103 0.156002
vt 0.459431 0.155898
vt 0.370963 0.148070
vt 0.459477 0.147947
vt 0.286376 0.164087
vt 0.285956 0.156219
vt 0.285530 0.148324
vt 0.459346 0.171462
vt 0.459513 0.140296
vt 0.370843 0.140433
vt 0.285167 0.140710
vt 0.209283 0.148788
vt 0.208537 0.141210
vt 0.210164 0.156613
vt 0.211029 0.164388
vt 0.286720 0.171632
vt 0.211735 0.171833
vt 0.371353 0.171517
vt 0.858089 0.148856
vt 0.905575 0.149138
vt 0.903771 0.156823
vt 0.856624 0.156629
vt 0.902006 0.164465
vt 0.855179 0.164355
vt 0.950414 0.150084
vt 0.948269 0.157528
vt 0.946216 0.164952
vt 0.859323 0.141312
vt 0.853995 0.171776
vt 0.900565 0.171823
vt 0.944563 0.172127
vt 0.089724 0.283079
vt 0.091849 0.276776
vt 0.098500 0.276884
vt 0.094831 0.281000
vt 0.093986 0.267857
vt 0.101262 0.269112
vt 0.954696 0.127346
vt 0.997119 0.132517
vt 0.994015 0.139682
vt 0.953786 0.135347
vt 0.944563 0.201860
vt 0.983557 0.200913
vt 0.985205 0.207656
vt 0.946216 0.209035
vt 0.907115 0.141662
vt 0.952337 0.142824
vt 0.073811 0.273666
vt 0.074784 0.264547
vt 0.084385 0.266202
vt 0.082730 0.275803
vt 0.076921 0.255628
vt 0.086041 0.256601
vt 0.094959 0.258738
vt 0.950414 0.223902
vt 0.989261 0.220947
vt 0.991587 0.227531
vt 0.952337 0.231163
vt 0.948269 0.216459
vt 0.987217 0.214301
vt 0.953787 0.238639
vt 0.994015 0.234304
vt 0.997119 0.241470
vt 0.954697 0.246641
vt 0.991587 0.146456
vt 0.989261 0.153040
vt 0.987217 0.159686
vt 0.985205 0.166330
vt 0.983557 0.173074
vt 0.982570 0.179947
vt 0.943549 0.179389
vt 0.051522 0.157842
vt 0.014200 0.159408
vt 0.011673 0.152888
vt 0.048831 0.150520
vt 0.982319 0.186993
vt 0.943212 0.186993
vt 0.943549 0.194598
vt 0.982570 0.194040
vt 0.853265 0.179227
vt 0.899678 0.179242
vt 0.899383 0.186993
vt 0.853021 0.186994
vt 0.899678 0.194745
vt 0.853265 0.194761
vt 0.853995 0.202211
vt 0.900565 0.202164
vt 0.079047 0.249325
vt 0.087295 0.249325
vt 0.095067 0.252087
vt 0.860111 0.240314
vt 0.908136 0.239935
vt 0.908579 0.247963
vt 0.860406 0.248330
vt 0.860406 0.125657
vt 0.908579 0.126024
vt 0.908136 0.134052
vt 0.860111 0.133674
vt 0.859323 0.232675
vt 0.081475 0.283079
vt 0.073703 0.280317
vt 0.069587 0.276648
vt 0.067508 0.271540
vt 0.907115 0.232324
vt 0.855179 0.209632
vt 0.902006 0.209522
vt 0.903771 0.217164
vt 0.856624 0.217358
vt 0.905575 0.224849
vt 0.858089 0.225131
vt 0.056197 0.172204
vt 0.018809 0.172733
vt 0.016716 0.165960
vt 0.054111 0.165135
vt 0.067508 0.263292
vt 0.070270 0.255520
vt 0.073940 0.251404
vt 0.146301 0.224717
vt 0.094013 0.224255
vt 0.096140 0.216659
vt 0.147784 0.216987
vt 0.098211 0.209143
vt 0.149236 0.209329
vt 0.048831 0.223468
vt 0.051522 0.216146
vt 0.054111 0.208853
vt 0.208537 0.232778
vt 0.145043 0.232244
vt 0.209283 0.225200
vt 0.210164 0.217375
vt 0.211029 0.209600
vt 0.150417 0.201994
vt 0.211735 0.202155
vt 0.099889 0.201916
vt 0.056197 0.201784
vt 0.044713 0.238176
vt 0.006121 0.234308
vt 0.008886 0.227553
vt 0.046448 0.230665
vt 0.125603 0.276776
vt 0.127740 0.267857
vt 0.135016 0.269112
vt 0.132254 0.276884
vt 0.057898 0.186994
vt 0.020413 0.186994
vt 0.020068 0.179744
vt 0.057473 0.179415
vt 0.101262 0.260864
vt 0.092193 0.231696
vt 0.459477 0.226041
vt 0.370963 0.225918
vt 0.371103 0.217986
vt 0.459431 0.218090
vt 0.371241 0.210069
vt 0.459385 0.210150
vt 0.285529 0.225664
vt 0.285956 0.217769
vt 0.286376 0.209901
vt 0.459513 0.233692
vt 0.459346 0.202526
vt 0.371353 0.202471
vt 0.286720 0.202356
vt 0.285167 0.233278
vt 0.370843 0.233555
vt 0.459322 0.194911
vt 0.371423 0.194883
vt 0.371448 0.186994
vt 0.459314 0.186994
vt 0.371423 0.179105
vt 0.459322 0.179077
vt 0.286933 0.194823
vt 0.287005 0.186994
vt 0.286933 0.179165
vt 0.212172 0.179268
vt 0.212319 0.186994
vt 0.212172 0.194720
vt 0.459533 0.132641
vt 0.370761 0.132787
vt 0.370721 0.124820
vt 0.459535 0.124672
vt 0.459535 0.249316
vt 0.370721 0.249168
vt 0.370762 0.241201
vt 0.459533 0.241347
vt 0.284928 0.133075
vt 0.284822 0.125110
vt 0.284822 0.248878
vt 0.284928 0.240913
vt 0.208051 0.240411
vt 0.207851 0.248397
vt 0.208051 0.133577
vt 0.207851 0.125591
vt 0.107565 0.273666
vt 0.108539 0.264547
vt 0.118139 0.266202
vt 0.116484 0.275803
vt 0.110675 0.255628
vt 0.119795 0.256601
vt 0.128713 0.258738
vt 0.046448 0.143323
vt 0.008886 0.146435
vt 0.006121 0.139680
vt 0.044713 0.135812
vt 0.135016 0.260864
vt 0.002809 0.132476
vt 0.043722 0.127701
vt 0.011673 0.221100
vt 0.014200 0.214580
vt 0.016716 0.208028
vt 0.018809 0.201255
vt 0.020068 0.194244
vt 0.057473 0.194573
vt 0.043722 0.246287
vt 0.002809 0.241512
vt 0.149236 0.164659
vt 0.098211 0.164845
vt 0.096140 0.157329
vt 0.147784 0.157001
vt 0.094012 0.149733
vt 0.146301 0.149271
vt 0.150417 0.171994
vt 0.145043 0.141744
vt 0.092193 0.142292
vt 0.103341 0.276648
vt 0.101262 0.271540
vt 0.107457 0.280317
vt 0.101262 0.263292
vt 0.104025 0.255520
vt 0.107694 0.251404
vt 0.112801 0.249325
vt 0.099889 0.172072
vt 0.151144 0.194645
vt 0.100917 0.194621
vt 0.101260 0.186994
vt 0.151388 0.186994
vt 0.100917 0.179367
vt 0.151144 0.179343
vt 0.121049 0.249325
vt 0.128821 0.252087
vt 0.144230 0.134103
vt 0.090997 0.134655
vt 0.090501 0.126558
vt 0.143912 0.126067
vt 0.143912 0.247921
vt 0.090501 0.247430
vt 0.090997 0.239333
vt 0.144230 0.239885
vt 0.123478 0.283079
vt 0.128585 0.281000
vt 0.115229 0.283079
vt 0.132938 0.255756
vt 0.986721 0.173293
vt 0.985719 0.173164
vt 0.987192 0.167021
vt 0.988090 0.167843
vt 0.984639 0.173102
vt 0.986219 0.166512
vt 0.989327 0.159874
vt 0.990472 0.160135
vt 0.988236 0.159741
vt 0.991419 0.152740
vt 0.992608 0.152379
vt 0.990308 0.152998
vt 0.993492 0.146804
vt 0.994370 0.147058
vt 0.992591 0.146627
vt 0.995690 0.140800
vt 0.996397 0.141764
vt 0.994947 0.140112
vt 0.999022 0.133508
vt 1.000000 0.134183
vt 0.998107 0.132962
vt 1.000000 0.239804
vt 0.999022 0.240478
vt 0.995690 0.233187
vt 0.996397 0.232223
vt 0.998107 0.241025
vt 0.994947 0.233874
vt 0.993492 0.227183
vt 0.994370 0.226929
vt 0.992591 0.227360
vt 0.991419 0.221246
vt 0.992608 0.221608
vt 0.990308 0.220989
vt 0.989327 0.214113
vt 0.990472 0.213852
vt 0.988236 0.214246
vt 0.987192 0.206966
vt 0.988090 0.206144
vt 0.986219 0.207475
vt 0.985719 0.200823
vt 0.986721 0.200694
vt 0.984639 0.200885
vt 0.984870 0.194561
vt 0.986043 0.195126
vt 0.983674 0.194174
vt 0.984656 0.186993
vt 0.985906 0.186993
vt 0.983418 0.186993
vt 0.984870 0.179426
vt 0.986043 0.178861
vt 0.983674 0.179812
vt 0.006129 0.147039
vt 0.006988 0.146762
vt 0.009471 0.152578
vt 0.008254 0.152266
vt 0.007872 0.146597
vt 0.010605 0.152832
vt 0.012062 0.159576
vt 0.010920 0.159886
vt 0.013157 0.159444
vt 0.014684 0.166645
vt 0.013804 0.167505
vt 0.015672 0.166125
vt 0.016519 0.172826
vt 0.015478 0.172985
vt 0.017674 0.172750
vt 0.006129 0.226949
vt 0.006988 0.227226
vt 0.004497 0.233202
vt 0.003834 0.232220
vt 0.007872 0.227392
vt 0.005191 0.233879
vt 0.000956 0.240525
vt 0.000000 0.239833
vt 0.001825 0.241063
vt 0.000000 0.134155
vt 0.000956 0.133463
vt 0.004496 0.140786
vt 0.003834 0.141768
vt 0.001825 0.132925
vt 0.005191 0.140109
vt 0.015478 0.201003
vt 0.016519 0.201162
vt 0.014684 0.207343
vt 0.013804 0.206483
vt 0.017674 0.201238
vt 0.015672 0.207863
vt 0.012062 0.214412
vt 0.010920 0.214102
vt 0.013157 0.214544
vt 0.009471 0.221410
vt 0.008254 0.221723
vt 0.010605 0.221156
vt 0.017610 0.179211
vt 0.016368 0.178655
vt 0.018896 0.179601
vt 0.017921 0.186994
vt 0.016613 0.186994
vt 0.019245 0.186994
vt 0.017610 0.194777
vt 0.016368 0.195334
vt 0.018896 0.194387
vt 0.099183 0.255756
vn -0.9345 0.0143 0.3557
vn -0.9342 0.0230 0.3561
vn -1.0000 0.0002 0.0015
vn -1.0000 0.0001 0.0011
vn -0.9337 0.0351 0.3564
vn -1.0000 0.0004 0.0021
vn -0.9353 -0.0226 -0.3530
vn -0.9353 -0.0142 -0.3536
vn -0.9352 -0.0344 -0.3523
vn -0.7065 0.0162 0.7075
vn -0.7061 0.0284 0.7075
vn -0.9347 0.0082 0.3555
vn -0.7054 0.0455 0.7073
vn -0.7042 0.0693 0.7066
vn -0.7023 0.0995 0.7049
vn -0.9329 0.0506 0.3565
vn -1.0000 0.0007 0.0025
vn -0.9349 -0.0493 -0.3516
vn -0.7057 -0.0990 -0.7016
vn -0.7070 -0.0690 -0.7038
vn -0.7075 -0.0454 -0.7052
vn -0.7076 -0.0284 -0.7061
vn -0.9353 -0.0081 -0.3539
vn -0.7076 -0.0162 -0.7065
vn -1.0000 0.0000 0.0008
vn -0.3549 -0.0376 -0.9342
vn -0.3547 -0.0601 -0.9330
vn 0.0000 -0.0643 -0.9979
vn 0.0000 -0.0402 -0.9992
vn -0.3541 -0.0914 -0.9307
vn 0.0000 -0.0977 -0.9952
vn 0.3547 -0.0601 -0.9330
vn 0.3549 -0.0376 -0.9341
vn 0.3541 -0.0914 -0.9307
vn -0.3549 -0.0214 -0.9347
vn -0.3528 -0.1311 -0.9265
vn 0.0000 -0.1401 -0.9901
vn 0.3528 -0.1311 -0.9265
vn 0.7057 -0.0990 -0.7016
vn 0.7070 -0.0690 -0.7038
vn 0.7075 -0.0454 -0.7052
vn 0.7076 -0.0284 -0.7061
vn 0.3549 -0.0214 -0.9346
vn 0.7076 -0.0162 -0.7065
vn 0.0000 -0.0229 -0.9997
vn 0.9353 -0.0142 -0.3536
vn 0.9353 -0.0226 -0.3531
vn 1.0000 0.0002 0.0015
vn 1.0000 0.0001 0.0011
vn 0.9352 -0.0344 -0.3524
vn 1.0000 0.0004 0.0021
vn 0.9342 0.0230 0.3561
vn 0.9345 0.0143 0.3558
vn 0.9336 0.0351 0.3565
vn 0.9352 -0.0081 -0.3540
vn 0.9348 -0.0493 -0.3516
vn 1.0000 0.0007 0.0025
vn 0.9329 0.0506 0.3565
vn 0.7023 0.0995 0.7049
vn 0.7042 0.0693 0.7066
vn 0.7054 0.0455 0.7073
vn 0.7061 0.0284 0.7075
vn 0.9346 0.0082 0.3555
vn 0.7065 0.0162 0.7075
vn 1.0000 0.0000 0.0008
vn 0.3541 0.0375 0.9345
vn 0.3536 0.0600 0.9335
vn 0.0000 0.0641 0.9979
vn 0.0000 0.0401 0.9992
vn 0.3526 0.0911 0.9313
vn 0.0000 0.0973 0.9953
vn -0.3536 0.0600 0.9335
vn -0.3541 0.0375 0.9345
vn -0.3526 0.0911 0.9313
vn 0.3544 0.0214 0.9349
vn 0.3510 0.1306 0.9272
vn 0.0000 0.1394 0.9902
vn -0.3510 0.1306 0.9272
vn -0.3543 0.0214 0.9349
vn 0.0000 0.0229 0.9997
vn -0.9346 0.0023 0.3557
vn -1.0000 0.0000 0.0010
vn -1.0000 -0.0000 0.0014
vn -0.9344 -0.0057 0.3561
vn -0.9353 -0.0023 -0.3537
vn -0.9355 0.0056 -0.3533
vn -1.0000 -0.0002 0.0023
vn -0.9340 -0.0182 0.3569
vn -0.9357 0.0178 -0.3523
vn -0.7065 0.0046 0.7077
vn -0.7078 -0.0046 -0.7064
vn -0.7080 0.0113 -0.7061
vn -0.7083 0.0357 -0.7050
vn -0.7079 0.0755 -0.7023
vn -0.9358 0.0374 -0.3506
vn -1.0000 -0.0008 0.0038
vn -0.9329 -0.0388 0.3580
vn -0.7052 -0.0359 0.7081
vn -0.7028 -0.0760 0.7073
vn -0.7061 -0.0113 0.7080
vn -0.9340 -0.0654 -0.3513
vn -1.0000 0.0009 0.0023
vn -1.0000 0.0008 0.0017
vn -0.9329 -0.0791 -0.3513
vn -0.9322 0.0669 0.3558
vn -0.9315 0.0805 0.3547
vn -1.0000 0.0005 0.0009
vn -0.9319 -0.0885 -0.3517
vn -0.9312 0.0893 0.3535
vn -0.7032 -0.1308 -0.6989
vn -0.7001 0.1313 0.7018
vn -0.6981 0.1579 0.6984
vn -0.6967 0.1754 0.6956
vn -0.0674 0.9873 -0.1438
vn -0.1190 0.9854 -0.1213
vn -0.1395 0.9880 -0.0666
vn 0.0000 1.0000 0.0000
vn -0.1286 0.9917 -0.0010
vn 0.0000 -0.2447 -0.9696
vn -0.3462 -0.2296 -0.9096
vn -0.3445 -0.1029 -0.9331
vn 0.0000 -0.1048 -0.9945
vn 0.6967 0.1754 0.6956
vn 0.9311 0.0893 0.3535
vn 0.9172 0.2134 0.3364
vn 0.6806 0.2853 0.6748
vn -0.7003 -0.1574 -0.6962
vn -0.6979 -0.1751 -0.6944
vn 0.9319 -0.0885 -0.3517
vn 0.6979 -0.1751 -0.6944
vn 0.7065 -0.0595 -0.7052
vn 0.9365 0.0474 -0.3475
vn 1.0000 0.0005 0.0009
vn 0.9896 0.1437 -0.0021
vn 0.3463 -0.2295 -0.9096
vn 0.3445 -0.1030 -0.9331
vn -0.7066 -0.0591 -0.7052
vn -0.9897 0.1434 -0.0021
vn -0.9365 0.0477 -0.3474
vn -0.9172 0.2137 0.3363
vn -0.3457 0.2292 0.9099
vn -0.3282 0.3485 0.8780
vn -0.6806 0.2850 0.6749
vn -1.0000 -0.0018 0.0026
vn -0.9299 0.1180 -0.3484
vn -0.9375 -0.0146 -0.3476
vn -0.9895 -0.1448 -0.0030
vn 0.0000 0.2443 0.9697
vn 0.0000 0.3707 0.9288
vn 0.3457 0.2292 0.9099
vn 0.3282 0.3484 0.8780
vn -0.3490 0.1720 0.9212
vn 0.0000 0.1835 0.9830
vn 0.0000 0.2202 0.9755
vn -0.3471 0.2065 0.9148
vn 0.3490 0.1720 0.9212
vn 0.3471 0.2065 0.9148
vn 0.7001 0.1313 0.7018
vn 0.6981 0.1579 0.6984
vn 0.0000 0.9927 0.1210
vn 0.0594 0.9901 0.1272
vn -0.0594 0.9901 0.1272
vn 0.3506 -0.1726 -0.9205
vn 0.0000 -0.1843 -0.9829
vn 0.0000 -0.2209 -0.9753
vn 0.3482 -0.2071 -0.9143
vn -0.3506 -0.1726 -0.9205
vn -0.3482 -0.2071 -0.9143
vn 0.7032 -0.1308 -0.6989
vn 0.0000 0.9907 -0.1362
vn 0.0675 0.9873 -0.1438
vn 0.1191 0.9854 -0.1214
vn 0.1396 0.9880 -0.0667
vn 0.7003 -0.1574 -0.6962
vn 0.9322 0.0670 0.3558
vn 1.0000 0.0009 0.0023
vn 1.0000 0.0008 0.0017
vn 0.9315 0.0806 0.3547
vn 0.9340 -0.0654 -0.3513
vn 0.9329 -0.0791 -0.3514
vn -0.6878 -0.2341 0.6871
vn -0.9276 -0.1212 0.3533
vn -0.9103 -0.2470 0.3321
vn -0.6674 -0.3487 0.6580
vn 0.1287 0.9917 -0.0010
vn 0.1314 0.9895 0.0601
vn 0.1097 0.9881 0.1077
vn 0.9348 0.0644 -0.3492
vn 1.0000 -0.0017 0.0045
vn 1.0000 -0.0023 0.0042
vn 0.9327 0.0937 -0.3483
vn 0.9313 -0.0675 0.3580
vn 0.9292 -0.0978 0.3563
vn 1.0000 -0.0018 0.0026
vn 0.9299 0.1180 -0.3485
vn 0.9276 -0.1212 0.3533
vn 0.7079 0.0755 -0.7023
vn 0.9358 0.0374 -0.3506
vn 0.7047 0.1300 -0.6975
vn 1.0000 -0.0008 0.0038
vn 0.9329 -0.0388 0.3581
vn 0.7028 -0.0760 0.7073
vn 0.6987 -0.1310 0.7033
vn 0.6930 -0.1889 0.6957
vn 0.6878 -0.2341 0.6871
vn 0.3399 0.3040 -0.8900
vn 0.6912 0.2331 -0.6840
vn 0.7032 0.1288 -0.6992
vn 0.3402 0.1943 -0.9201
vn 0.0000 -1.0000 -0.0000
vn 0.1393 -0.9880 -0.0669
vn 0.1270 -0.9919 -0.0014
vn 0.0000 -0.3216 0.9469
vn -0.3384 -0.3027 0.8910
vn -0.3183 -0.4261 0.8468
vn 0.0000 -0.4509 0.8926
vn -0.1318 0.9894 0.0602
vn 0.6985 0.1876 -0.6906
vn 0.9353 -0.0023 -0.3538
vn 1.0000 0.0000 0.0010
vn 1.0000 -0.0000 0.0014
vn 0.9355 0.0056 -0.3533
vn 0.9346 0.0023 0.3557
vn 0.9344 -0.0057 0.3562
vn 1.0000 -0.0002 0.0023
vn 0.9357 0.0178 -0.3524
vn 0.9340 -0.0182 0.3569
vn 0.7078 -0.0046 -0.7064
vn 0.7065 0.0046 0.7077
vn 0.7061 -0.0113 0.7080
vn 0.7052 -0.0359 0.7081
vn 0.7083 0.0357 -0.7050
vn 0.7080 0.0113 -0.7061
vn 0.3544 0.0060 0.9351
vn 0.0000 0.0065 1.0000
vn 0.0000 -0.0159 0.9999
vn 0.3542 -0.0149 0.9351
vn -0.3544 0.0060 0.9351
vn -0.3542 -0.0149 0.9351
vn 0.0000 -0.0505 0.9987
vn 0.3535 -0.0473 0.9342
vn -0.3535 -0.0473 0.9342
vn -0.3517 -0.0997 0.9308
vn 0.0000 -0.1064 0.9943
vn 0.3517 -0.0997 0.9308
vn -0.3551 -0.0061 -0.9348
vn 0.0000 -0.0065 -1.0000
vn 0.0000 0.0160 -0.9999
vn -0.3552 0.0149 -0.9347
vn 0.3551 -0.0061 -0.9348
vn 0.3552 0.0149 -0.9347
vn 0.0000 0.0507 -0.9987
vn -0.3552 0.0474 -0.9336
vn 0.3552 0.0474 -0.9336
vn 0.3545 0.1002 -0.9297
vn 0.0000 0.1072 -0.9942
vn -0.3545 0.1002 -0.9297
vn -0.6912 0.2331 -0.6840
vn -0.3399 0.3040 -0.8900
vn -0.3402 0.1941 -0.9201
vn -0.7032 0.1287 -0.6992
vn 0.1282 -0.9901 0.0581
vn 0.0000 0.3232 -0.9463
vn 0.0000 0.2013 -0.9795
vn 0.9375 -0.0146 -0.3476
vn 0.9895 -0.1446 -0.0030
vn 0.9104 -0.2467 0.3322
vn 0.3384 -0.3027 0.8910
vn 0.3183 -0.4261 0.8469
vn 0.6675 -0.3485 0.6581
vn -0.9313 -0.0674 0.3579
vn -1.0000 -0.0017 0.0045
vn -1.0000 -0.0023 0.0042
vn -0.9293 -0.0978 0.3562
vn -0.9349 0.0644 -0.3491
vn -0.9327 0.0937 -0.3482
vn -0.6987 -0.1310 0.7033
vn -0.7047 0.1300 -0.6975
vn -0.6985 0.1876 -0.6906
vn -0.1192 -0.9853 -0.1224
vn -0.0681 -0.9871 -0.1450
vn -0.1392 -0.9880 -0.0669
vn -0.1269 -0.9919 -0.0014
vn -0.1281 -0.9901 0.0580
vn -0.0571 -0.9908 0.1223
vn -0.1064 -0.9889 0.1037
vn -0.6930 -0.1889 0.6957
vn 0.3483 -0.1709 0.9217
vn 0.0000 -0.1822 0.9833
vn 0.0000 -0.2609 0.9654
vn 0.3433 -0.2452 0.9067
vn -0.3483 -0.1709 0.9217
vn -0.3433 -0.2452 0.9067
vn 0.0000 -0.9931 0.1169
vn 0.0571 -0.9908 0.1223
vn -0.3514 0.1721 -0.9203
vn 0.0000 0.1838 -0.9830
vn 0.0000 0.2630 -0.9648
vn -0.3459 0.2468 -0.9052
vn 0.3514 0.1721 -0.9203
vn 0.3459 0.2468 -0.9052
vn 0.0681 -0.9871 -0.1450
vn 0.1192 -0.9853 -0.1224
vn -0.0000 -0.9905 -0.1372
vn 0.1064 -0.9889 0.1037
vn -0.1097 0.9881 0.1077
vn -0.4590 0.8697 0.1814
vn -0.3645 0.8614 0.3538
vn -0.7863 0.5486 0.2843
vn -0.5889 0.5663 0.5766
vn -0.4824 0.8759 -0.0072
vn -0.6618 0.7496 0.0110
vn -0.9587 0.2831 -0.0264
vn -0.5065 0.8338 -0.2197
vn -0.6831 0.6983 -0.2138
vn -0.9053 0.1602 -0.3934
vn -0.2096 0.9557 -0.2068
vn -0.5572 0.5894 -0.5849
vn -0.5799 0.5936 -0.5580
vn -0.6867 0.0569 -0.7247
vn -0.0798 0.9652 -0.2492
vn -0.3207 0.6024 -0.7309
vn -0.2476 0.6240 -0.7411
vn -0.3618 0.0301 -0.9318
vn 0.0000 0.9696 -0.2446
vn 0.0000 0.6567 -0.7541
vn 0.0000 0.0422 -0.9991
vn 0.0798 0.9651 -0.2496
vn 0.3206 0.6025 -0.7309
vn 0.2474 0.6245 -0.7408
vn 0.3619 0.0298 -0.9317
vn 0.2096 0.9557 -0.2068
vn 0.5570 0.5897 -0.5848
vn 0.5797 0.5940 -0.5578
vn 0.6869 0.0563 -0.7246
vn 0.5066 0.8338 -0.2197
vn 0.6827 0.6988 -0.2136
vn 0.9054 0.1600 -0.3933
vn 0.4822 0.8760 -0.0072
vn 0.6616 0.7497 0.0110
vn 0.9588 0.2827 -0.0265
vn 0.4588 0.8699 0.1813
vn 0.7863 0.5485 0.2843
vn 0.3643 0.8615 0.3537
vn 0.5890 0.5662 0.5766
vn 0.1783 0.8859 0.4283
vn 0.2784 0.6267 0.7278
vn 0.0000 0.9046 0.4263
vn 0.0000 0.6564 0.7544
vn -0.1783 0.8859 0.4283
vn -0.2783 0.6265 0.7280
vn -0.5132 -0.8278 -0.2266
vn -0.2115 -0.9551 -0.2074
vn -0.5682 -0.5535 -0.6089
vn -0.6878 -0.6949 -0.2101
vn -0.6006 -0.5627 -0.5680
vn -0.6806 0.0194 -0.7324
vn -0.9066 -0.1180 -0.4051
vn -0.4788 -0.8779 -0.0100
vn -0.8499 -0.5268 -0.0126
vn -0.4471 -0.8775 0.1734
vn -0.7732 -0.5712 0.2754
vn -0.3509 -0.8737 0.3369
vn -0.5703 -0.6072 0.5532
vn 0.0803 -0.9646 -0.2511
vn 0.2113 -0.9552 -0.2072
vn 0.5680 -0.5539 -0.6087
vn 0.3320 -0.5600 -0.7591
vn 0.2579 -0.5826 -0.7707
vn 0.6005 -0.5632 -0.5677
vn 0.6806 0.0194 -0.7324
vn 0.3573 0.0646 -0.9318
vn 0.0000 -0.9692 -0.2464
vn -0.0000 -0.6174 -0.7867
vn 0.0000 0.0590 -0.9983
vn -0.0805 -0.9645 -0.2516
vn -0.3320 -0.5598 -0.7592
vn -0.2579 -0.5825 -0.7708
vn -0.3574 0.0646 -0.9317
vn 0.4469 -0.8777 0.1733
vn 0.3510 -0.8736 0.3371
vn 0.7733 -0.5711 0.2755
vn 0.5705 -0.6071 0.5532
vn 0.4785 -0.8780 -0.0100
vn 0.8499 -0.5268 -0.0126
vn 0.5135 -0.8276 -0.2268
vn 0.6877 -0.6950 -0.2101
vn 0.9066 -0.1181 -0.4052
vn -0.1691 -0.8983 0.4055
vn -0.2661 -0.6723 0.6908
vn 0.0000 -0.9154 0.4026
vn 0.0000 -0.7013 0.7129
vn 0.1691 -0.8983 0.4054
vn 0.2662 -0.6722 0.6909
vn 0.9345 0.0143 0.3557
vn 0.9337 0.0351 0.3564
vn 0.9353 -0.0226 -0.3530
vn 0.9352 -0.0344 -0.3523
vn 0.9347 0.0082 0.3555
vn 0.9349 -0.0493 -0.3516
vn 0.9353 -0.0081 -0.3539
vn 0.3549 -0.0376 -0.9342
vn -0.3549 -0.0376 -0.9341
vn 0.3549 -0.0214 -0.9347
vn -0.3549 -0.0214 -0.9346
vn -0.9353 -0.0226 -0.3531
vn -0.9352 -0.0344 -0.3524
vn -0.9345 0.0143 0.3558
vn -0.9336 0.0351 0.3565
vn -0.9352 -0.0081 -0.3540
vn -0.9348 -0.0493 -0.3516
vn -0.9346 0.0082 0.3555
vn -0.3544 0.0214 0.9349
vn 0.3543 0.0214 0.9349
vn 0.9344 -0.0057 0.3561
vn 0.9353 -0.0023 -0.3537
vn 0.9357 0.0178 -0.3523
vn 0.9329 -0.0388 0.3580
vn 0.9329 -0.0791 -0.3513
vn 0.9315 0.0805 0.3547
vn 0.9322 0.0669 0.3558
vn 0.9312 0.0893 0.3535
vn 0.0675 0.9873 -0.1440
vn 0.1395 0.9880 -0.0666
vn 0.1286 0.9917 -0.0010
vn 0.3445 -0.1029 -0.9331
vn 0.3462 -0.2295 -0.9096
vn -0.6806 0.2853 0.6748
vn -0.9172 0.2134 0.3364
vn -0.9311 0.0893 0.3535
vn -0.9365 0.0474 -0.3475
vn -0.7065 -0.0595 -0.7052
vn -0.9896 0.1436 -0.0021
vn -0.3463 -0.2295 -0.9096
vn -0.3445 -0.1030 -0.9331
vn 0.7066 -0.0591 -0.7052
vn 0.9365 0.0477 -0.3474
vn 0.9897 0.1434 -0.0021
vn 0.9172 0.2137 0.3363
vn 0.6806 0.2856 0.6747
vn 0.3282 0.3485 0.8780
vn 0.9895 -0.1448 -0.0030
vn 0.9375 -0.0149 -0.3476
vn 0.9299 0.1180 -0.3484
vn -0.3282 0.3484 0.8780
vn 0.3470 0.2065 0.9148
vn -0.0595 0.9901 0.1274
vn -0.0000 0.9926 0.1212
vn 0.0594 0.9901 0.1274
vn -0.0000 0.9907 -0.1364
vn -0.0675 0.9873 -0.1440
vn -0.1191 0.9854 -0.1215
vn -0.1396 0.9880 -0.0666
vn -0.9322 0.0670 0.3558
vn -0.9315 0.0806 0.3547
vn -0.9329 -0.0791 -0.3514
vn 0.6674 -0.3487 0.6580
vn 0.9103 -0.2470 0.3321
vn -0.1287 0.9917 -0.0010
vn -0.1314 0.9895 0.0601
vn -0.1097 0.9881 0.1078
vn -0.9348 0.0644 -0.3492
vn -0.9327 0.0937 -0.3483
vn -0.9292 -0.0978 0.3563
vn -0.9313 -0.0675 0.3580
vn -0.9299 0.1180 -0.3485
vn -0.9329 -0.0388 0.3581
vn -0.3402 0.1943 -0.9201
vn -0.7032 0.1288 -0.6992
vn -0.1270 -0.9919 -0.0014
vn -0.1393 -0.9880 -0.0669
vn 0.3183 -0.4261 0.8468
vn -0.9353 -0.0023 -0.3538
vn -0.9344 -0.0057 0.3562
vn -0.9357 0.0178 -0.3524
vn 0.7033 0.1284 -0.6992
vn 0.3401 0.1945 -0.9200
vn -0.1282 -0.9901 0.0581
vn -0.9895 -0.1446 -0.0030
vn -0.9104 -0.2467 0.3322
vn -0.6675 -0.3485 0.6581
vn -0.3183 -0.4261 0.8469
vn 0.9313 -0.0674 0.3579
vn 0.9293 -0.0978 0.3562
vn 0.9327 0.0937 -0.3482
vn 0.9349 0.0644 -0.3491
vn 0.1194 -0.9852 -0.1227
vn 0.1395 -0.9879 -0.0671
vn 0.1269 -0.9919 -0.0014
vn 0.1281 -0.9901 0.0581
vn 0.0571 -0.9908 0.1227
vn -0.0000 -0.9932 0.1164
vn -0.0571 -0.9908 0.1227
vn -0.3460 0.2468 -0.9052
vn -0.3515 0.1721 -0.9203
vn 0.3645 0.8614 0.3538
vn 0.4590 0.8697 0.1814
vn 0.5891 0.5662 0.5766
vn 0.7863 0.5486 0.2843
vn 0.4824 0.8759 -0.0072
vn 0.6618 0.7496 0.0110
vn 0.9587 0.2831 -0.0264
vn 0.5065 0.8338 -0.2197
vn 0.6831 0.6983 -0.2138
vn 0.9053 0.1603 -0.3933
vn 0.2097 0.9556 -0.2069
vn 0.5798 0.5937 -0.5580
vn 0.5571 0.5895 -0.5849
vn 0.6868 0.0569 -0.7247
vn 0.0799 0.9650 -0.2496
vn 0.2475 0.6243 -0.7410
vn 0.3206 0.6026 -0.7308
vn 0.3618 0.0301 -0.9318
vn 0.0000 0.6568 -0.7541
vn -0.0799 0.9651 -0.2492
vn -0.2475 0.6243 -0.7410
vn -0.3205 0.6027 -0.7308
vn -0.3619 0.0298 -0.9317
vn -0.2097 0.9556 -0.2071
vn -0.5798 0.5938 -0.5578
vn -0.5571 0.5896 -0.5848
vn -0.6868 0.0563 -0.7246
vn -0.6827 0.6988 -0.2136
vn -0.9054 0.1600 -0.3933
vn -0.4822 0.8760 -0.0072
vn -0.6616 0.7497 0.0110
vn -0.9588 0.2827 -0.0265
vn -0.4588 0.8699 0.1813
vn -0.7863 0.5485 0.2843
vn -0.3643 0.8615 0.3537
vn -0.5890 0.5663 0.5766
vn -0.2784 0.6265 0.7280
vn -0.0000 0.6565 0.7544
vn 0.1783 0.8858 0.4284
vn 0.2783 0.6266 0.7280
vn 0.2113 -0.9552 -0.2073
vn 0.5135 -0.8276 -0.2266
vn 0.5682 -0.5535 -0.6089
vn 0.6006 -0.5627 -0.5680
vn 0.6879 -0.6948 -0.2101
vn 0.9066 -0.1178 -0.4051
vn 0.4784 -0.8781 -0.0100
vn 0.4471 -0.8775 0.1734
vn 0.7732 -0.5712 0.2754
vn 0.3509 -0.8737 0.3369
vn 0.5704 -0.6070 0.5534
vn -0.2113 -0.9552 -0.2072
vn -0.0804 -0.9645 -0.2514
vn -0.5680 -0.5539 -0.6087
vn -0.6005 -0.5632 -0.5677
vn -0.2579 -0.5826 -0.7707
vn -0.3320 -0.5600 -0.7591
vn -0.3573 0.0646 -0.9318
vn -0.0000 -0.9691 -0.2466
vn 0.0804 -0.9645 -0.2514
vn 0.2579 -0.5823 -0.7710
vn 0.3320 -0.5598 -0.7592
vn 0.3572 0.0643 -0.9318
vn -0.3508 -0.8738 0.3368
vn -0.4472 -0.8775 0.1733
vn -0.5705 -0.6071 0.5532
vn -0.7733 -0.5711 0.2755
vn -0.4785 -0.8780 -0.0100
vn -0.5134 -0.8276 -0.2267
vn -0.6877 -0.6950 -0.2101
vn -0.9067 -0.1177 -0.4050
vn 0.1691 -0.8982 0.4058
vn 0.2661 -0.6723 0.6908
vn 0.0000 -0.9152 0.4030
vn -0.1691 -0.8983 0.4054
vn -0.2662 -0.6722 0.6909
usemtl Fridge_Handle
s 1
f 2197/2733/1208 2198/2734/1209 2199/2735/1210 2200/2736/1211
f 2198/2734/1209 2201/2737/1212 2202/2738/1213 2199/2735/1210
f 2200/2736/1211 2199/2735/1210 2203/2739/1214 2204/2740/1215
f 2199/2735/1210 2202/2738/1213 2205/2741/1216 2203/2739/1214
f 2206/2742/1217 2207/2743/1218 2197/2733/1208 2208/2744/1219
f 2207/2743/1218 2209/2745/1220 2198/2734/1209 2197/2733/1208
f 2209/2745/1220 2210/2746/1221 2201/2737/1212 2198/2734/1209
f 2210/2746/1221 2211/2747/1222 2212/2748/1223 2201/2737/1212
f 2201/2737/1212 2212/2748/1223 2213/2749/1224 2202/2738/1213
f 2202/2738/1213 2213/2749/1224 2214/2750/1225 2205/2741/1216
f 2205/2741/1216 2214/2750/1225 2215/2751/1226 2216/2752/1227
f 2203/2739/1214 2205/2741/1216 2216/2752/1227 2217/2753/1228
f 2204/2740/1215 2203/2739/1214 2217/2753/1228 2218/2754/1229
f 2219/2755/1230 2204/2740/1215 2218/2754/1229 2220/2756/1231
f 2221/2757/1232 2200/2736/1211 2204/2740/1215 2219/2755/1230
f 2208/2744/1219 2197/2733/1208 2200/2736/1211 2221/2757/1232
f 2222/2758/1233 2223/2759/1234 2224/2760/1235 2225/2761/1236
f 2223/2759/1234 2226/2762/1237 2227/2763/1238 2224/2760/1235
f 2225/2764/1236 2224/2765/1235 2228/2766/1239 2229/2767/1240
f 2224/2765/1235 2227/2768/1238 2230/2769/1241 2228/2766/1239
f 2220/2756/1231 2218/2754/1229 2222/2758/1233 2231/2770/1242
f 2218/2754/1229 2217/2753/1228 2223/2759/1234 2222/2758/1233
f 2217/2753/1228 2216/2752/1227 2226/2762/1237 2223/2759/1234
f 2216/2752/1227 2215/2751/1226 2232/2771/1243 2226/2762/1237
f 2226/2762/1237 2232/2771/1243 2233/2772/1244 2227/2763/1238
f 2227/2768/1238 2233/2773/1244 2234/2774/1245 2230/2769/1241
f 2230/2769/1241 2234/2774/1245 2235/2775/1246 2236/2776/1247
f 2228/2766/1239 2230/2769/1241 2236/2776/1247 2237/2777/1248
f 2229/2767/1240 2228/2766/1239 2237/2777/1248 2238/2778/1249
f 2239/2779/1250 2229/2767/1240 2238/2778/1249 2240/2780/1251
f 2241/2781/1252 2225/2764/1236 2229/2767/1240 2239/2779/1250
f 2231/2770/1242 2222/2758/1233 2225/2761/1236 2241/2782/1252
f 2242/2783/1253 2243/2784/1254 2244/2785/1255 2245/2786/1256
f 2243/2784/1254 2246/2787/1257 2247/2788/1258 2244/2785/1255
f 2245/2786/1256 2244/2785/1255 2248/2789/1259 2249/2790/1260
f 2244/2785/1255 2247/2788/1258 2250/2791/1261 2248/2789/1259
f 2240/2780/1251 2238/2778/1249 2242/2783/1253 2251/2792/1262
f 2238/2778/1249 2237/2777/1248 2243/2784/1254 2242/2783/1253
f 2237/2777/1248 2236/2776/1247 2246/2787/1257 2243/2784/1254
f 2236/2776/1247 2235/2775/1246 2252/2793/1263 2246/2787/1257
f 2246/2787/1257 2252/2793/1263 2253/2794/1264 2247/2788/1258
f 2247/2788/1258 2253/2794/1264 2254/2795/1265 2250/2791/1261
f 2250/2791/1261 2254/2795/1265 2255/2796/1266 2256/2797/1267
f 2248/2789/1259 2250/2791/1261 2256/2797/1267 2257/2798/1268
f 2249/2790/1260 2248/2789/1259 2257/2798/1268 2258/2799/1269
f 2259/2800/1270 2249/2790/1260 2258/2799/1269 2260/2801/1271
f 2261/2802/1272 2245/2786/1256 2249/2790/1260 2259/2800/1270
f 2251/2792/1262 2242/2783/1253 2245/2786/1256 2261/2802/1272
f 2262/2803/1273 2263/2804/1274 2264/2805/1275 2265/2806/1276
f 2263/2804/1274 2266/2807/1277 2267/2808/1278 2264/2805/1275
f 2265/2806/1276 2264/2805/1275 2268/2809/1279 2269/2810/1280
f 2264/2805/1275 2267/2808/1278 2270/2811/1281 2268/2809/1279
f 2260/2801/1271 2258/2799/1269 2262/2803/1273 2271/2812/1282
f 2258/2799/1269 2257/2798/1268 2263/2804/1274 2262/2803/1273
f 2257/2798/1268 2256/2797/1267 2266/2807/1277 2263/2804/1274
f 2256/2797/1267 2255/2796/1266 2272/2813/1283 2266/2807/1277
f 2266/2807/1277 2272/2813/1283 2273/2814/1284 2267/2808/1278
f 2267/2808/1278 2273/2814/1284 2274/2815/1285 2270/2811/1281
f 2270/2811/1281 2274/2815/1285 2211/2747/1222 2210/2746/1221
f 2268/2809/1279 2270/2811/1281 2210/2746/1221 2209/2745/1220
f 2269/2810/1280 2268/2809/1279 2209/2745/1220 2207/2743/1218
f 2275/2816/1286 2269/2810/1280 2207/2743/1218 2206/2742/1217
f 2276/2817/1287 2265/2806/1276 2269/2810/1280 2275/2816/1286
f 2271/2812/1282 2262/2803/1273 2265/2806/1276 2276/2817/1287
f 2277/2818/1288 2278/2819/1289 2279/2820/1290 2280/2821/1291
f 2278/2819/1289 2281/2822/1292 2282/2823/1293 2279/2820/1290
f 2280/2821/1291 2279/2820/1290 2283/2824/1294 2284/2825/1295
f 2279/2820/1290 2282/2823/1293 2285/2826/1296 2283/2824/1294
f 2206/2742/1217 2208/2744/1219 2277/2818/1288 2286/2827/1297
f 2208/2744/1219 2221/2757/1232 2278/2819/1289 2277/2818/1288
f 2221/2757/1232 2219/2755/1230 2281/2822/1292 2278/2819/1289
f 2219/2755/1230 2220/2756/1231 2287/2828/1298 2281/2822/1292
f 2281/2822/1292 2287/2828/1298 2288/2829/1299 2282/2823/1293
f 2282/2823/1293 2288/2829/1299 2289/2830/1300 2285/2826/1296
f 2285/2826/1296 2289/2830/1300 2290/2831/1301 2291/2832/1302
f 2283/2824/1294 2285/2826/1296 2291/2832/1302 2292/2833/1303
f 2284/2825/1295 2283/2824/1294 2292/2833/1303 2293/2834/1304
f 2294/2835/1305 2284/2825/1295 2293/2834/1304 2295/2836/1306
f 2296/2837/1307 2280/2821/1291 2284/2825/1295 2294/2835/1305
f 2286/2827/1297 2277/2818/1288 2280/2821/1291 2296/2837/1307
f 2297/2838/1308 2298/2839/1309 2299/2840/1310 2300/2841/1311
f 2298/2839/1309 2301/2842/1312 2302/2843/1313 2299/2840/1310
f 2300/2841/1311 2299/2840/1310 2303/2844/1314 2304/2845/1315
f 2299/2840/1310 2302/2843/1313 2305/2846/1316 2303/2844/1314
f 2215/2751/1226 2214/2750/1225 2297/2838/1308 2306/2847/1317
f 2214/2750/1225 2213/2749/1224 2298/2839/1309 2297/2838/1308
f 2213/2749/1224 2212/2748/1223 2301/2842/1312 2298/2839/1309
f 2212/2748/1223 2211/2747/1222 2307/2848/1318 2301/2842/1312
f 2301/2842/1312 2307/2848/1318 2308/2849/1319 2302/2843/1313
f 2302/2843/1313 2308/2849/1319 2309/2850/1320 2305/2846/1316
f 2310/2851/1321 2311/2852/1322 2312/2853/1323 2313/2854/1324
f 2313/2854/1324 2312/2853/1323 2314/2855/1325 2315/2856/1324
f 2316/2857/1326 2317/2858/1327 2318/2859/1328 2319/2860/1329
f 2320/2861/1330 2321/2862/1331 2322/2863/1332 2323/2864/1333
f 2324/2865/1334 2300/2841/1311 2304/2845/1315 2325/2866/1335
f 2306/2847/1317 2297/2838/1308 2300/2841/1311 2324/2865/1334
f 2326/2867/1324 2327/2868/1324 2328/2869/1324 2329/2870/1324
f 2327/2868/1324 2313/2854/1324 2315/2856/1324 2328/2869/1324
f 2329/2870/1324 2328/2869/1324 2330/2871/1324 2331/2872/1324
f 2328/2869/1324 2315/2856/1324 2332/2873/1324 2330/2871/1324
f 2333/2874/1336 2334/2875/1337 2335/2876/1338 2336/2877/1339
f 2337/2878/1340 2333/2874/1336 2336/2877/1339 2338/2879/1341
f 2339/2880/1342 2316/2881/1326 2319/2882/1329 2340/2883/1343
f 2317/2858/1327 2325/2866/1335 2341/2884/1344 2318/2859/1328
f 2304/2845/1315 2303/2844/1314 2342/2885/1345 2343/2886/1346
f 2303/2844/1314 2305/2846/1316 2344/2887/1347 2342/2885/1345
f 2309/2850/1320 2345/2888/1348 2346/2889/1349 2347/2890/1350
f 2348/2891/1351 2349/2892/1352 2350/2893/1353 2351/2894/1354
f 2345/2888/1348 2352/2895/1355 2353/2896/1356 2346/2889/1349
f 2354/2897/1357 2320/2861/1330 2323/2864/1333 2355/2898/1358
f 2352/2895/1355 2354/2897/1357 2355/2898/1358 2353/2896/1356
f 2321/2862/1331 2337/2878/1340 2338/2879/1341 2322/2863/1332
f 2356/2899/1359 2357/2900/1360 2358/2901/1361 2359/2902/1362
f 2357/2900/1360 2360/2903/1363 2361/2904/1364 2358/2901/1361
f 2359/2902/1362 2358/2901/1361 2352/2895/1355 2345/2888/1348
f 2358/2901/1361 2361/2904/1364 2354/2897/1357 2352/2895/1355
f 2211/2747/1222 2274/2815/1285 2356/2899/1359 2307/2848/1318
f 2274/2815/1285 2273/2814/1284 2357/2900/1360 2356/2899/1359
f 2273/2814/1284 2272/2813/1283 2360/2903/1363 2357/2900/1360
f 2272/2813/1283 2255/2796/1266 2362/2905/1365 2360/2903/1363
f 2360/2903/1363 2362/2905/1365 2363/2906/1366 2361/2904/1364
f 2361/2904/1364 2363/2906/1366 2320/2861/1330 2354/2897/1357
f 2334/2875/1337 2339/2880/1342 2340/2883/1343 2335/2876/1338
f 2331/2872/1324 2330/2871/1324 2364/2907/1367 2365/2908/1368
f 2330/2871/1324 2332/2873/1324 2366/2909/1369 2364/2907/1367
f 2305/2846/1316 2309/2850/1320 2347/2890/1350 2344/2887/1347
f 2308/2849/1319 2359/2902/1362 2345/2888/1348 2309/2850/1320
f 2307/2848/1318 2356/2899/1359 2359/2902/1362 2308/2849/1319
f 2367/2910/1370 2368/2911/1371 2369/2912/1372 2370/2913/1373
f 2368/2914/1371 2371/2915/1374 2372/2916/1375 2369/2917/1372
f 2370/2913/1373 2369/2912/1372 2316/2881/1326 2339/2880/1342
f 2369/2917/1372 2372/2916/1375 2317/2858/1327 2316/2857/1326
f 2235/2775/1246 2234/2774/1245 2367/2910/1370 2373/2918/1376
f 2234/2774/1245 2233/2773/1244 2368/2911/1371 2367/2910/1370
f 2233/2772/1244 2232/2771/1243 2371/2915/1374 2368/2914/1371
f 2232/2771/1243 2215/2751/1226 2306/2847/1317 2371/2915/1374
f 2371/2915/1374 2306/2847/1317 2324/2865/1334 2372/2916/1375
f 2372/2916/1375 2324/2865/1334 2325/2866/1335 2317/2858/1327
f 2325/2866/1335 2304/2845/1315 2343/2886/1346 2341/2884/1344
f 2374/2919/1377 2310/2851/1321 2313/2854/1324 2327/2868/1324
f 2375/2920/1378 2374/2919/1377 2327/2868/1324 2326/2867/1324
f 2376/2921/1379 2375/2920/1378 2326/2867/1324 2377/2922/1380
f 2378/2923/1381 2370/2913/1373 2339/2880/1342 2334/2875/1337
f 2373/2918/1376 2367/2910/1370 2370/2913/1373 2378/2923/1381
f 2379/2924/1382 2380/2925/1383 2381/2926/1384 2382/2927/1385
f 2380/2925/1383 2383/2928/1386 2384/2929/1387 2381/2926/1384
f 2382/2927/1385 2381/2926/1384 2337/2878/1340 2321/2862/1331
f 2381/2926/1384 2384/2929/1387 2333/2874/1336 2337/2878/1340
f 2255/2796/1266 2254/2795/1265 2379/2924/1382 2362/2905/1365
f 2254/2795/1265 2253/2794/1264 2380/2925/1383 2379/2924/1382
f 2253/2794/1264 2252/2793/1263 2383/2928/1386 2380/2925/1383
f 2252/2793/1263 2235/2775/1246 2373/2918/1376 2383/2928/1386
f 2383/2928/1386 2373/2918/1376 2378/2923/1381 2384/2929/1387
f 2384/2929/1387 2378/2923/1381 2334/2875/1337 2333/2874/1336
f 2385/2930/1388 2386/2931/1389 2387/2932/1390 2388/2933/1391
f 2377/2922/1380 2326/2867/1324 2329/2870/1324 2389/2934/1392
f 2389/2934/1392 2329/2870/1324 2331/2872/1324 2390/2935/1393
f 2390/2935/1393 2331/2872/1324 2365/2908/1368 2391/2936/1394
f 2363/2906/1366 2382/2927/1385 2321/2862/1331 2320/2861/1330
f 2362/2905/1365 2379/2924/1382 2382/2927/1385 2363/2906/1366
f 2392/2937/1395 2393/2938/1396 2394/2939/1397 2395/2940/1398
f 2393/2938/1396 2396/2941/1399 2397/2942/1400 2394/2939/1397
f 2395/2940/1398 2394/2939/1397 2398/2943/1401 2399/2944/1402
f 2394/2939/1397 2397/2942/1400 2400/2945/1403 2398/2943/1401
f 2401/2946/1404 2402/2947/1405 2392/2937/1395 2403/2948/1406
f 2402/2947/1405 2404/2949/1407 2393/2938/1396 2392/2937/1395
f 2404/2949/1407 2405/2950/1408 2396/2941/1399 2393/2938/1396
f 2405/2950/1408 2406/2951/1409 2407/2952/1410 2396/2941/1399
f 2396/2941/1399 2407/2952/1410 2408/2953/1411 2397/2942/1400
f 2397/2942/1400 2408/2953/1411 2409/2954/1412 2400/2945/1403
f 2410/2955/1413 2411/2956/1414 2412/2957/1415 2413/2958/1416
f 2414/2959/1417 2415/2960/1418 2416/2961/1419 2417/2962/1417
f 2418/2963/1420 2419/2964/1421 2420/2965/1422 2421/2966/1423
f 2315/2856/1324 2314/2855/1325 2422/2967/1424 2332/2873/1324
f 2423/2968/1425 2395/2940/1398 2399/2944/1402 2411/2956/1414
f 2403/2948/1406 2392/2937/1395 2395/2940/1398 2423/2968/1425
f 2424/2969/1426 2425/2970/1427 2426/2971/1428 2427/2972/1429
f 2425/2970/1427 2428/2973/1430 2429/2974/1431 2426/2971/1428
f 2427/2972/1429 2426/2971/1428 2430/2975/1432 2431/2976/1433
f 2426/2971/1428 2429/2974/1431 2432/2977/1434 2430/2975/1432
f 2240/2780/1251 2251/2792/1262 2424/2969/1426 2433/2978/1435
f 2251/2792/1262 2261/2802/1272 2425/2970/1427 2424/2969/1426
f 2261/2802/1272 2259/2800/1270 2428/2973/1430 2425/2970/1427
f 2259/2800/1270 2260/2801/1271 2434/2979/1436 2428/2973/1430
f 2428/2973/1430 2434/2979/1436 2435/2980/1437 2429/2974/1431
f 2429/2974/1431 2435/2980/1437 2436/2981/1438 2432/2977/1434
f 2432/2977/1434 2436/2981/1438 2406/2951/1409 2405/2950/1408
f 2430/2975/1432 2432/2977/1434 2405/2950/1408 2404/2949/1407
f 2431/2976/1433 2430/2975/1432 2404/2949/1407 2402/2947/1405
f 2437/2982/1439 2431/2976/1433 2402/2947/1405 2401/2946/1404
f 2438/2983/1440 2427/2972/1429 2431/2976/1433 2437/2982/1439
f 2433/2978/1435 2424/2969/1426 2427/2972/1429 2438/2983/1440
f 2439/2984/1441 2440/2985/1442 2441/2986/1443 2442/2987/1444
f 2440/2985/1442 2443/2988/1445 2444/2989/1446 2441/2986/1443
f 2442/2987/1444 2441/2986/1443 2445/2990/1447 2446/2991/1448
f 2441/2986/1443 2444/2989/1446 2447/2992/1449 2445/2990/1447
f 2260/2801/1271 2271/2812/1282 2439/2984/1441 2434/2979/1436
f 2271/2812/1282 2276/2817/1287 2440/2985/1442 2439/2984/1441
f 2276/2817/1287 2275/2816/1286 2443/2988/1445 2440/2985/1442
f 2275/2816/1286 2206/2742/1217 2286/2827/1297 2443/2988/1445
f 2443/2988/1445 2286/2827/1297 2296/2837/1307 2444/2989/1446
f 2444/2989/1446 2296/2837/1307 2294/2835/1305 2447/2992/1449
f 2447/2992/1449 2294/2835/1305 2295/2836/1306 2448/2993/1450
f 2445/2990/1447 2447/2992/1449 2448/2993/1450 2449/2994/1451
f 2446/2991/1448 2445/2990/1447 2449/2994/1451 2450/2995/1452
f 2436/2981/1438 2446/2991/1448 2450/2995/1452 2406/2951/1409
f 2435/2980/1437 2442/2987/1444 2446/2991/1448 2436/2981/1438
f 2434/2979/1436 2439/2984/1441 2442/2987/1444 2435/2980/1437
f 2451/2996/1453 2452/2997/1454 2453/2998/1455 2454/2999/1456
f 2452/3000/1454 2455/3001/1457 2456/3002/1458 2453/3003/1455
f 2454/2999/1456 2453/2998/1455 2457/3004/1459 2458/3005/1460
f 2453/3003/1455 2456/3002/1458 2459/3006/1461 2457/3007/1459
f 2220/2756/1231 2231/2770/1242 2451/2996/1453 2287/2828/1298
f 2231/2770/1242 2241/2782/1252 2452/2997/1454 2451/2996/1453
f 2241/2781/1252 2239/2779/1250 2455/3001/1457 2452/3000/1454
f 2239/2779/1250 2240/2780/1251 2433/2978/1435 2455/3001/1457
f 2455/3001/1457 2433/2978/1435 2438/2983/1440 2456/3002/1458
f 2456/3002/1458 2438/2983/1440 2437/2982/1439 2459/3006/1461
f 2459/3006/1461 2437/2982/1439 2401/2946/1404 2460/3008/1462
f 2457/3007/1459 2459/3006/1461 2460/3008/1462 2461/3009/1463
f 2458/3005/1460 2457/3004/1459 2461/3010/1463 2462/3011/1464
f 2289/2830/1300 2458/3005/1460 2462/3011/1464 2290/2831/1301
f 2288/2829/1299 2454/2999/1456 2458/3005/1460 2289/2830/1300
f 2287/2828/1298 2451/2996/1453 2454/2999/1456 2288/2829/1299
f 2463/3012/1417 2464/3013/1417 2465/3014/1417 2466/3015/1417
f 2464/3013/1417 2414/2959/1417 2417/2962/1417 2465/3014/1417
f 2466/3015/1417 2465/3014/1417 2467/3016/1417 2468/3017/1417
f 2465/3014/1417 2417/2962/1417 2469/3018/1417 2467/3016/1417
f 2470/3019/1465 2471/3020/1466 2472/3021/1467 2473/3022/1468
f 2417/2962/1417 2416/2961/1419 2474/3023/1469 2469/3018/1417
f 2471/3020/1466 2475/3024/1470 2476/3025/1471 2472/3021/1467
f 2411/2956/1414 2399/2944/1402 2477/3026/1472 2412/2957/1415
f 2399/2944/1402 2398/2943/1401 2478/3027/1473 2477/3026/1472
f 2398/2943/1401 2400/2945/1403 2479/3028/1474 2478/3027/1473
f 2409/2954/1412 2480/3029/1475 2481/3030/1476 2482/3031/1477
f 2480/3029/1475 2418/2963/1420 2421/2966/1423 2481/3030/1476
f 2419/2964/1421 2385/2930/1388 2388/2933/1391 2420/2965/1422
f 2475/3032/1470 2410/2955/1413 2413/2958/1416 2476/3033/1471
f 2386/2931/1389 2348/2891/1351 2351/2894/1354 2387/2932/1390
f 2483/3034/1478 2484/3035/1479 2485/3036/1480 2486/3037/1481
f 2484/3035/1479 2487/3038/1482 2488/3039/1483 2485/3036/1480
f 2486/3037/1481 2485/3036/1480 2348/2891/1351 2386/2931/1389
f 2485/3036/1480 2488/3039/1483 2349/2892/1352 2348/2891/1351
f 2295/2836/1306 2293/2834/1304 2483/3034/1478 2489/3040/1484
f 2293/2834/1304 2292/2833/1303 2484/3035/1479 2483/3034/1478
f 2292/2833/1303 2291/2832/1302 2487/3038/1482 2484/3035/1479
f 2291/2832/1302 2290/2831/1301 2490/3041/1485 2487/3038/1482
f 2487/3038/1482 2490/3041/1485 2491/3042/1486 2488/3039/1483
f 2488/3039/1483 2491/3042/1486 2470/3019/1465 2349/2892/1352
f 2492/3043/1487 2493/3044/1488 2463/3012/1417 2494/3045/1489
f 2494/3045/1489 2463/3012/1417 2466/3015/1417 2495/3046/1490
f 2495/3046/1490 2466/3015/1417 2468/3017/1417 2496/3047/1491
f 2496/3047/1491 2468/3017/1417 2497/3048/1492 2498/3049/1493
f 2499/3050/1494 2486/3037/1481 2386/2931/1389 2385/2930/1388
f 2489/3040/1484 2483/3034/1478 2486/3037/1481 2499/3050/1494
f 2500/3051/1495 2501/3052/1496 2502/3053/1497 2503/3054/1498
f 2501/3052/1496 2504/3055/1499 2505/3056/1500 2502/3053/1497
f 2503/3054/1498 2502/3053/1497 2418/2963/1420 2480/3029/1475
f 2502/3053/1497 2505/3056/1500 2419/2964/1421 2418/2963/1420
f 2406/2951/1409 2450/2995/1452 2500/3051/1495 2407/2952/1410
f 2450/2995/1452 2449/2994/1451 2501/3052/1496 2500/3051/1495
f 2449/2994/1451 2448/2993/1450 2504/3055/1499 2501/3052/1496
f 2448/2993/1450 2295/2836/1306 2489/3040/1484 2504/3055/1499
f 2504/3055/1499 2489/3040/1484 2499/3050/1494 2505/3056/1500
f 2505/3056/1500 2499/3050/1494 2385/2930/1388 2419/2964/1421
f 2349/2892/1352 2470/3019/1465 2473/3022/1468 2350/2893/1353
f 2468/3017/1417 2467/3016/1417 2506/3057/1501 2497/3048/1492
f 2467/3016/1417 2469/3018/1417 2507/3058/1502 2506/3057/1501
f 2400/2945/1403 2409/2954/1412 2482/3031/1477 2479/3028/1474
f 2408/2953/1411 2503/3054/1498 2480/3029/1475 2409/2954/1412
f 2407/2952/1410 2500/3051/1495 2503/3054/1498 2408/2953/1411
f 2508/3059/1503 2509/3060/1504 2510/3061/1505 2511/3062/1506
f 2509/3063/1504 2512/3064/1507 2513/3065/1508 2510/3066/1505
f 2511/3062/1506 2510/3061/1505 2475/3024/1470 2471/3020/1466
f 2510/3066/1505 2513/3065/1508 2410/2955/1413 2475/3032/1470
f 2290/2831/1301 2462/3011/1464 2508/3059/1503 2490/3041/1485
f 2462/3011/1464 2461/3010/1463 2509/3060/1504 2508/3059/1503
f 2461/3009/1463 2460/3008/1462 2512/3064/1507 2509/3063/1504
f 2460/3008/1462 2401/2946/1404 2403/2948/1406 2512/3064/1507
f 2512/3064/1507 2403/2948/1406 2423/2968/1425 2513/3065/1508
f 2513/3065/1508 2423/2968/1425 2411/2956/1414 2410/2955/1413
f 2514/3067/1509 2515/3068/1510 2415/2960/1418 2414/2959/1417
f 2516/3069/1511 2514/3067/1509 2414/2959/1417 2464/3013/1417
f 2493/3044/1488 2516/3069/1511 2464/3013/1417 2463/3012/1417
f 2469/3018/1417 2474/3023/1469 2517/3070/1512 2507/3058/1502
f 2491/3042/1486 2511/3062/1506 2471/3020/1466 2470/3019/1465
f 2490/3041/1485 2508/3059/1503 2511/3062/1506 2491/3042/1486
f 2518/3071/1513 2422/3072/1424 2519/3073/1514 2520/3074/1515
f 2520/3074/1515 2519/3073/1514 2521/3075/1516 2522/3076/1517
f 2522/3076/1517 2521/3075/1516 2344/2887/1347 2347/2890/1350
f 2422/3072/1424 2314/3077/1325 2523/3078/1518 2519/3073/1514
f 2519/3073/1514 2523/3078/1518 2524/3079/1519 2521/3075/1516
f 2521/3075/1516 2524/3079/1520 2342/2885/1345 2344/2887/1347
f 2314/3077/1325 2312/3080/1323 2525/3081/1521 2523/3078/1518
f 2523/3078/1518 2525/3081/1521 2526/3082/1522 2524/3079/1519
f 2524/3079/1520 2526/3082/1523 2343/2886/1346 2342/2885/1345
f 2312/3080/1323 2311/3083/1322 2527/3084/1524 2525/3081/1521
f 2525/3081/1521 2527/3084/1525 2528/3085/1526 2526/3082/1522
f 2526/3082/1523 2528/3085/1527 2341/2884/1344 2343/2886/1346
f 2311/3083/1322 2310/3086/1321 2529/3087/1528 2527/3084/1524
f 2527/3084/1525 2529/3087/1529 2530/3088/1530 2528/3085/1526
f 2528/3085/1527 2530/3088/1531 2318/2859/1328 2341/2884/1344
f 2310/3086/1321 2374/3089/1377 2531/3090/1532 2529/3087/1528
f 2529/3087/1529 2531/3090/1533 2532/3091/1533 2530/3088/1530
f 2530/3088/1531 2532/3091/1534 2319/2860/1329 2318/2859/1328
f 2374/3092/1377 2375/3093/1378 2533/3094/1535 2531/3095/1532
f 2531/3095/1533 2533/3094/1536 2534/3096/1537 2532/3097/1533
f 2532/3097/1534 2534/3096/1538 2340/2883/1343 2319/2882/1329
f 2375/3093/1378 2376/3098/1379 2535/3099/1539 2533/3094/1535
f 2533/3094/1536 2535/3099/1540 2536/3100/1541 2534/3096/1537
f 2534/3096/1538 2536/3100/1542 2335/2876/1338 2340/2883/1343
f 2376/3098/1379 2377/3101/1380 2537/3102/1543 2535/3099/1539
f 2535/3099/1540 2537/3102/1543 2538/3103/1544 2536/3100/1541
f 2536/3100/1542 2538/3103/1545 2336/2877/1339 2335/2876/1338
f 2377/3101/1380 2389/3104/1392 2539/3105/1546 2537/3102/1543
f 2537/3102/1543 2539/3105/1546 2540/3106/1547 2538/3103/1544
f 2538/3103/1545 2540/3106/1548 2338/2879/1341 2336/2877/1339
f 2389/3104/1392 2390/3107/1393 2541/3108/1549 2539/3105/1546
f 2539/3105/1546 2541/3108/1549 2542/3109/1550 2540/3106/1547
f 2540/3106/1548 2542/3109/1550 2322/2863/1332 2338/2879/1341
f 2390/3107/1393 2391/3110/1394 2543/3111/1551 2541/3108/1549
f 2541/3108/1549 2543/3111/1551 2544/3112/1552 2542/3109/1550
f 2542/3109/1550 2544/3112/1552 2323/2864/1333 2322/2863/1332
f 2391/3110/1394 2365/3113/1368 2545/3114/1553 2543/3111/1551
f 2543/3111/1551 2545/3114/1553 2546/3115/1554 2544/3112/1552
f 2544/3112/1552 2546/3115/1554 2355/2898/1358 2323/2864/1333
f 2365/3113/1368 2364/3116/1367 2547/3117/1555 2545/3114/1553
f 2545/3114/1553 2547/3117/1555 2548/3118/1556 2546/3115/1554
f 2546/3115/1554 2548/3118/1556 2353/2896/1356 2355/2898/1358
f 2364/3116/1367 2366/3119/1369 2549/3120/1557 2547/3117/1555
f 2547/3117/1555 2549/3120/1557 2550/3121/1558 2548/3118/1556
f 2548/3118/1556 2550/3121/1558 2346/2889/1349 2353/2896/1356
f 2366/3119/1369 2518/3071/1513 2520/3074/1515 2549/3120/1557
f 2549/3120/1557 2520/3074/1515 2522/3076/1517 2550/3121/1558
f 2550/3121/1558 2522/3076/1517 2347/2890/1350 2346/2889/1349
f 2492/3122/1487 2494/3123/1489 2551/3124/1559 2552/3125/1560
f 2552/3125/1561 2551/3124/1559 2553/3126/1562 2554/3127/1563
f 2554/3127/1564 2553/3126/1565 2350/2893/1353 2473/3022/1468
f 2494/3123/1489 2495/3128/1490 2555/3129/1566 2551/3124/1559
f 2551/3124/1559 2555/3129/1566 2556/3130/1567 2553/3126/1562
f 2553/3126/1565 2556/3130/1567 2351/2894/1354 2350/2893/1353
f 2495/3128/1490 2496/3131/1491 2557/3132/1568 2555/3129/1566
f 2555/3129/1566 2557/3132/1568 2558/3133/1569 2556/3130/1567
f 2556/3130/1567 2558/3133/1569 2387/2932/1390 2351/2894/1354
f 2496/3131/1491 2498/3134/1493 2559/3135/1570 2557/3132/1568
f 2557/3132/1568 2559/3135/1570 2560/3136/1571 2558/3133/1569
f 2558/3133/1569 2560/3136/1571 2388/2933/1391 2387/2932/1390
f 2515/3137/1510 2514/3138/1509 2561/3139/1572 2562/3140/1573
f 2562/3140/1574 2561/3139/1575 2563/3141/1576 2564/3142/1577
f 2564/3142/1578 2563/3141/1579 2413/2958/1416 2412/2957/1415
f 2514/3138/1509 2516/3143/1511 2565/3144/1580 2561/3139/1572
f 2561/3139/1575 2565/3144/1581 2566/3145/1581 2563/3141/1576
f 2563/3141/1579 2566/3145/1582 2476/3033/1471 2413/2958/1416
f 2516/3146/1511 2493/3147/1488 2567/3148/1583 2565/3149/1580
f 2565/3149/1581 2567/3148/1584 2568/3150/1585 2566/3151/1581
f 2566/3151/1582 2568/3150/1586 2472/3021/1467 2476/3025/1471
f 2493/3147/1488 2492/3122/1487 2552/3125/1560 2567/3148/1583
f 2567/3148/1584 2552/3125/1561 2554/3127/1563 2568/3150/1585
f 2568/3150/1586 2554/3127/1564 2473/3022/1468 2472/3021/1467
f 2517/3152/1512 2474/3153/1469 2569/3154/1587 2570/3155/1588
f 2570/3155/1588 2569/3154/1587 2571/3156/1589 2572/3157/1590
f 2572/3157/1590 2571/3156/1589 2479/3028/1474 2482/3031/1477
f 2474/3153/1469 2416/3158/1419 2573/3159/1591 2569/3154/1587
f 2569/3154/1587 2573/3159/1591 2574/3160/1592 2571/3156/1589
f 2571/3156/1589 2574/3160/1592 2478/3027/1473 2479/3028/1474
f 2416/3158/1419 2415/3161/1418 2575/3162/1593 2573/3159/1591
f 2573/3159/1591 2575/3162/1593 2576/3163/1594 2574/3160/1592
f 2574/3160/1592 2576/3163/1595 2477/3026/1472 2478/3027/1473
f 2415/3161/1418 2515/3137/1510 2562/3140/1573 2575/3162/1593
f 2575/3162/1593 2562/3140/1574 2564/3142/1577 2576/3163/1594
f 2576/3163/1595 2564/3142/1578 2412/2957/1415 2477/3026/1472
f 2498/3134/1493 2497/3164/1492 2577/3165/1596 2559/3135/1570
f 2559/3135/1570 2577/3165/1596 2578/3166/1597 2560/3136/1571
f 2560/3136/1571 2578/3166/1597 2420/2965/1422 2388/2933/1391
f 2497/3164/1492 2506/3167/1501 2579/3168/1598 2577/3165/1596
f 2577/3165/1596 2579/3168/1598 2580/3169/1599 2578/3166/1597
f 2578/3166/1597 2580/3169/1599 2421/2966/1423 2420/2965/1422
f 2506/3167/1501 2507/3170/1502 2581/3171/1600 2579/3168/1598
f 2579/3168/1598 2581/3171/1600 2582/3172/1601 2580/3169/1599
f 2580/3169/1599 2582/3172/1601 2481/3030/1476 2421/2966/1423
f 2507/3170/1502 2517/3152/1512 2570/3155/1588 2581/3171/1600
f 2581/3171/1600 2570/3155/1588 2572/3157/1590 2582/3172/1601
f 2582/3172/1601 2572/3157/1590 2482/3031/1477 2481/3030/1476
f 2332/2873/1324 2422/2967/1424 2518/3173/1513 2366/2909/1369
f 2583/3174/1602 2584/3175/1256 2585/3176/1255 2586/3177/1259
f 2586/3177/1259 2585/3176/1255 2587/3178/1258 2588/3179/1603
f 2584/3175/1256 2589/3180/1253 2590/3181/1604 2585/3176/1255
f 2585/3176/1255 2590/3181/1604 2591/3182/1605 2587/3178/1258
f 2592/3183/1271 2593/3184/1606 2583/3174/1602 2594/3185/1269
f 2594/3185/1269 2583/3174/1602 2586/3177/1259 2595/3186/1268
f 2595/3186/1268 2586/3177/1259 2588/3179/1603 2596/3187/1267
f 2596/3187/1267 2588/3179/1603 2597/3188/1265 2598/3189/1266
f 2588/3179/1603 2587/3178/1258 2599/3190/1264 2597/3188/1265
f 2587/3178/1258 2591/3182/1605 2600/3191/1607 2599/3190/1264
f 2591/3182/1605 2601/3192/1247 2602/3193/1246 2600/3191/1607
f 2590/3181/1604 2603/3194/1248 2601/3192/1247 2591/3182/1605
f 2589/3180/1253 2604/3195/1249 2603/3194/1248 2590/3181/1604
f 2605/3196/1608 2606/3197/1251 2604/3195/1249 2589/3180/1253
f 2607/3198/1272 2605/3196/1608 2589/3180/1253 2584/3175/1256
f 2593/3184/1606 2607/3198/1272 2584/3175/1256 2583/3174/1602
f 2608/3199/1609 2609/3200/1236 2610/3201/1235 2611/3202/1239
f 2611/3202/1239 2610/3201/1235 2612/3203/1238 2613/3204/1241
f 2609/3205/1236 2614/3206/1610 2615/3207/1234 2610/3208/1235
f 2610/3208/1235 2615/3207/1234 2616/3209/1237 2612/3210/1238
f 2606/3197/1251 2617/3211/1611 2608/3199/1609 2604/3195/1249
f 2604/3195/1249 2608/3199/1609 2611/3202/1239 2603/3194/1248
f 2603/3194/1248 2611/3202/1239 2613/3204/1241 2601/3192/1247
f 2601/3192/1247 2613/3204/1241 2618/3212/1245 2602/3193/1246
f 2613/3204/1241 2612/3203/1238 2619/3213/1244 2618/3212/1245
f 2612/3210/1238 2616/3209/1237 2620/3214/1243 2619/3215/1244
f 2616/3209/1237 2621/3216/1227 2622/3217/1226 2620/3214/1243
f 2615/3207/1234 2623/3218/1228 2621/3216/1227 2616/3209/1237
f 2614/3206/1610 2624/3219/1229 2623/3218/1228 2615/3207/1234
f 2625/3220/1612 2626/3221/1231 2624/3219/1229 2614/3206/1610
f 2627/3222/1252 2625/3220/1612 2614/3206/1610 2609/3205/1236
f 2617/3211/1611 2627/3223/1252 2609/3200/1236 2608/3199/1609
f 2628/3224/1215 2629/3225/1211 2630/3226/1210 2631/3227/1613
f 2631/3227/1613 2630/3226/1210 2632/3228/1213 2633/3229/1614
f 2629/3225/1211 2634/3230/1615 2635/3231/1209 2630/3226/1210
f 2630/3226/1210 2635/3231/1209 2636/3232/1616 2632/3228/1213
f 2626/3221/1231 2637/3233/1617 2628/3224/1215 2624/3219/1229
f 2624/3219/1229 2628/3224/1215 2631/3227/1613 2623/3218/1228
f 2623/3218/1228 2631/3227/1613 2633/3229/1614 2621/3216/1227
f 2621/3216/1227 2633/3229/1614 2638/3234/1618 2622/3217/1226
f 2633/3229/1614 2632/3228/1213 2639/3235/1224 2638/3234/1618
f 2632/3228/1213 2636/3232/1616 2640/3236/1223 2639/3235/1224
f 2636/3232/1616 2641/3237/1221 2642/3238/1222 2640/3236/1223
f 2635/3231/1209 2643/3239/1220 2641/3237/1221 2636/3232/1616
f 2634/3230/1615 2644/3240/1218 2643/3239/1220 2635/3231/1209
f 2645/3241/1619 2646/3242/1217 2644/3240/1218 2634/3230/1615
f 2647/3243/1232 2645/3241/1619 2634/3230/1615 2629/3225/1211
f 2637/3233/1617 2647/3243/1232 2629/3225/1211 2628/3224/1215
f 2648/3244/1280 2649/3245/1276 2650/3246/1275 2651/3247/1279
f 2651/3247/1279 2650/3246/1275 2652/3248/1278 2653/3249/1281
f 2649/3245/1276 2654/3250/1273 2655/3251/1274 2650/3246/1275
f 2650/3246/1275 2655/3251/1274 2656/3252/1277 2652/3248/1278
f 2646/3242/1217 2657/3253/1620 2648/3244/1280 2644/3240/1218
f 2644/3240/1218 2648/3244/1280 2651/3247/1279 2643/3239/1220
f 2643/3239/1220 2651/3247/1279 2653/3249/1281 2641/3237/1221
f 2641/3237/1221 2653/3249/1281 2658/3254/1285 2642/3238/1222
f 2653/3249/1281 2652/3248/1278 2659/3255/1284 2658/3254/1285
f 2652/3248/1278 2656/3252/1277 2660/3256/1283 2659/3255/1284
f 2656/3252/1277 2596/3187/1267 2598/3189/1266 2660/3256/1283
f 2655/3251/1274 2595/3186/1268 2596/3187/1267 2656/3252/1277
f 2654/3250/1273 2594/3185/1269 2595/3186/1268 2655/3251/1274
f 2661/3257/1621 2592/3183/1271 2594/3185/1269 2654/3250/1273
f 2662/3258/1287 2661/3257/1621 2654/3250/1273 2649/3245/1276
f 2657/3253/1620 2662/3258/1287 2649/3245/1276 2648/3244/1280
f 2663/3259/1430 2664/3260/1622 2665/3261/1428 2666/3262/1427
f 2666/3262/1427 2665/3261/1428 2667/3263/1429 2668/3264/1623
f 2664/3260/1622 2669/3265/1434 2670/3266/1432 2665/3261/1428
f 2665/3261/1428 2670/3266/1432 2671/3267/1624 2667/3263/1429
f 2592/3183/1271 2672/3268/1436 2663/3259/1430 2593/3184/1606
f 2593/3184/1606 2663/3259/1430 2666/3262/1427 2607/3198/1272
f 2607/3198/1272 2666/3262/1427 2668/3264/1623 2605/3196/1608
f 2605/3196/1608 2668/3264/1623 2673/3269/1435 2606/3197/1251
f 2668/3264/1623 2667/3263/1429 2674/3270/1440 2673/3269/1435
f 2667/3263/1429 2671/3267/1624 2675/3271/1439 2674/3270/1440
f 2671/3267/1624 2676/3272/1405 2677/3273/1404 2675/3271/1439
f 2670/3266/1432 2678/3274/1407 2676/3272/1405 2671/3267/1624
f 2669/3265/1434 2679/3275/1625 2678/3274/1407 2670/3266/1432
f 2680/3276/1438 2681/3277/1409 2679/3275/1625 2669/3265/1434
f 2682/3278/1437 2680/3276/1438 2669/3265/1434 2664/3260/1622
f 2672/3268/1436 2682/3278/1437 2664/3260/1622 2663/3259/1430
f 2683/3279/1386 2684/3280/1626 2685/3281/1384 2686/3282/1383
f 2686/3282/1383 2685/3281/1384 2687/3283/1627 2688/3284/1628
f 2684/3280/1626 2689/3285/1336 2690/3286/1340 2685/3281/1384
f 2685/3281/1384 2690/3286/1340 2691/3287/1629 2687/3283/1627
f 2602/3193/1246 2692/3288/1376 2683/3279/1386 2600/3191/1607
f 2600/3191/1607 2683/3279/1386 2686/3282/1383 2599/3190/1264
f 2599/3190/1264 2686/3282/1383 2688/3284/1628 2597/3188/1265
f 2597/3188/1265 2688/3284/1628 2693/3289/1365 2598/3189/1266
f 2688/3284/1628 2687/3283/1627 2694/3290/1366 2693/3289/1365
f 2687/3283/1627 2691/3287/1629 2695/3291/1330 2694/3290/1366
f 2696/3292/1630 2697/3293/1324 2698/3294/1631 2699/3295/1379
f 2697/3293/1324 2700/3296/1324 2701/3297/1632 2698/3294/1631
f 2702/3298/1326 2703/3299/1329 2704/3300/1633 2705/3301/1634
f 2706/3302/1320 2707/3303/1635 2708/3304/1636 2709/3305/1637
f 2710/3306/1381 2711/3307/1337 2689/3285/1336 2684/3280/1626
f 2692/3288/1376 2710/3306/1381 2684/3280/1626 2683/3279/1386
f 2712/3308/1324 2713/3309/1324 2714/3310/1324 2715/3311/1324
f 2715/3311/1324 2714/3310/1324 2700/3296/1324 2697/3293/1324
f 2713/3309/1324 2716/3312/1324 2717/3313/1324 2714/3310/1324
f 2714/3310/1324 2717/3313/1324 2718/3314/1324 2700/3296/1324
f 2719/3315/1315 2720/3316/1638 2721/3317/1639 2722/3318/1335
f 2723/3319/1314 2724/3320/1640 2720/3316/1638 2719/3315/1315
f 2725/3321/1641 2726/3322/1642 2703/3323/1329 2702/3324/1326
f 2705/3301/1634 2704/3300/1633 2727/3325/1643 2711/3307/1337
f 2689/3285/1336 2728/3326/1644 2729/3327/1645 2690/3286/1340
f 2690/3286/1340 2729/3327/1645 2730/3328/1646 2691/3287/1629
f 2695/3291/1330 2731/3329/1647 2732/3330/1648 2733/3331/1357
f 2734/3332/1401 2735/3333/1649 2736/3334/1650 2737/3335/1651
f 2733/3331/1357 2732/3330/1648 2738/3336/1356 2739/3337/1355
f 2740/3338/1348 2741/3339/1652 2707/3303/1635 2706/3302/1320
f 2739/3337/1355 2738/3336/1356 2741/3339/1652 2740/3338/1348
f 2709/3305/1637 2708/3304/1636 2724/3320/1640 2723/3319/1314
f 2742/3340/1363 2743/3341/1653 2744/3342/1361 2745/3343/1360
f 2745/3343/1360 2744/3342/1361 2746/3344/1362 2747/3345/1359
f 2743/3341/1653 2733/3331/1357 2739/3337/1355 2744/3342/1361
f 2744/3342/1361 2739/3337/1355 2740/3338/1348 2746/3344/1362
f 2598/3189/1266 2693/3289/1365 2742/3340/1363 2660/3256/1283
f 2660/3256/1283 2742/3340/1363 2745/3343/1360 2659/3255/1284
f 2659/3255/1284 2745/3343/1360 2747/3345/1359 2658/3254/1285
f 2658/3254/1285 2747/3345/1359 2748/3346/1318 2642/3238/1222
f 2747/3345/1359 2746/3344/1362 2749/3347/1319 2748/3346/1318
f 2746/3344/1362 2740/3338/1348 2706/3302/1320 2749/3347/1319
f 2722/3318/1335 2721/3317/1639 2726/3322/1642 2725/3321/1641
f 2716/3312/1324 2750/3348/1654 2751/3349/1655 2717/3313/1324
f 2717/3313/1324 2751/3349/1655 2752/3350/1656 2718/3314/1324
f 2691/3287/1629 2730/3328/1646 2731/3329/1647 2695/3291/1330
f 2694/3290/1366 2695/3291/1330 2733/3331/1357 2743/3341/1653
f 2693/3289/1365 2694/3290/1366 2743/3341/1653 2742/3340/1363
f 2753/3351/1374 2754/3352/1375 2755/3353/1372 2756/3354/1371
f 2756/3355/1371 2755/3356/1372 2757/3357/1373 2758/3358/1370
f 2754/3352/1375 2725/3321/1641 2702/3324/1326 2755/3353/1372
f 2755/3356/1372 2702/3298/1326 2705/3301/1634 2757/3357/1373
f 2622/3217/1226 2759/3359/1317 2753/3351/1374 2620/3214/1243
f 2620/3214/1243 2753/3351/1374 2756/3354/1371 2619/3215/1244
f 2619/3213/1244 2756/3355/1371 2758/3358/1370 2618/3212/1245
f 2618/3212/1245 2758/3358/1370 2692/3288/1376 2602/3193/1246
f 2758/3358/1370 2757/3357/1373 2710/3306/1381 2692/3288/1376
f 2757/3357/1373 2705/3301/1634 2711/3307/1337 2710/3306/1381
f 2711/3307/1337 2727/3325/1643 2728/3326/1644 2689/3285/1336
f 2760/3360/1657 2715/3311/1324 2697/3293/1324 2696/3292/1630
f 2761/3361/1658 2712/3308/1324 2715/3311/1324 2760/3360/1657
f 2762/3362/1659 2763/3363/1660 2712/3308/1324 2761/3361/1658
f 2764/3364/1334 2722/3318/1335 2725/3321/1641 2754/3352/1375
f 2759/3359/1317 2764/3364/1334 2754/3352/1375 2753/3351/1374
f 2765/3365/1661 2766/3366/1662 2767/3367/1310 2768/3368/1309
f 2768/3368/1309 2767/3367/1310 2769/3369/1663 2770/3370/1308
f 2766/3366/1662 2709/3305/1637 2723/3319/1314 2767/3367/1310
f 2767/3367/1310 2723/3319/1314 2719/3315/1315 2769/3369/1663
f 2642/3238/1222 2748/3346/1318 2765/3365/1661 2640/3236/1223
f 2640/3236/1223 2765/3365/1661 2768/3368/1309 2639/3235/1224
f 2639/3235/1224 2768/3368/1309 2770/3370/1308 2638/3234/1618
f 2638/3234/1618 2770/3370/1308 2759/3359/1317 2622/3217/1226
f 2770/3370/1308 2769/3369/1663 2764/3364/1334 2759/3359/1317
f 2769/3369/1663 2719/3315/1315 2722/3318/1335 2764/3364/1334
f 2771/3371/1412 2772/3372/1664 2773/3373/1665 2774/3374/1403
f 2763/3363/1660 2775/3375/1666 2713/3309/1324 2712/3308/1324
f 2775/3375/1666 2776/3376/1667 2716/3312/1324 2713/3309/1324
f 2776/3376/1667 2777/3377/1668 2750/3348/1654 2716/3312/1324
f 2749/3347/1319 2706/3302/1320 2709/3305/1637 2766/3366/1662
f 2748/3346/1318 2749/3347/1319 2766/3366/1662 2765/3365/1661
f 2778/3378/1669 2779/3379/1670 2780/3380/1480 2781/3381/1479
f 2781/3381/1479 2780/3380/1480 2782/3382/1671 2783/3383/1672
f 2779/3379/1670 2784/3384/1673 2785/3385/1351 2780/3380/1480
f 2780/3380/1480 2785/3385/1351 2786/3386/1389 2782/3382/1671
f 2787/3387/1301 2788/3388/1485 2778/3378/1669 2789/3389/1302
f 2789/3389/1302 2778/3378/1669 2781/3381/1479 2790/3390/1303
f 2790/3390/1303 2781/3381/1479 2783/3383/1672 2791/3391/1674
f 2791/3391/1674 2783/3383/1672 2792/3392/1484 2793/3393/1306
f 2783/3383/1672 2782/3382/1671 2794/3394/1494 2792/3392/1484
f 2782/3382/1671 2786/3386/1389 2795/3395/1388 2794/3394/1494
f 2796/3396/1466 2797/3397/1675 2798/3398/1676 2799/3399/1465
f 2800/3400/1417 2801/3401/1417 2802/3402/1677 2803/3403/1678
f 2804/3404/1420 2805/3405/1423 2806/3406/1679 2807/3407/1475
f 2700/3296/1324 2718/3314/1324 2808/3408/1393 2701/3297/1632
f 2809/3409/1486 2799/3399/1465 2784/3384/1673 2779/3379/1670
f 2788/3388/1485 2809/3409/1486 2779/3379/1670 2778/3378/1669
f 2810/3410/1680 2811/3411/1293 2812/3412/1290 2813/3413/1289
f 2813/3413/1289 2812/3412/1290 2814/3414/1681 2815/3415/1288
f 2811/3411/1293 2816/3416/1682 2817/3417/1294 2812/3412/1290
f 2812/3412/1290 2817/3417/1294 2818/3418/1295 2814/3414/1681
f 2626/3221/1231 2819/3419/1298 2810/3410/1680 2637/3233/1617
f 2637/3233/1617 2810/3410/1680 2813/3413/1289 2647/3243/1232
f 2647/3243/1232 2813/3413/1289 2815/3415/1288 2645/3241/1619
f 2645/3241/1619 2815/3415/1288 2820/3420/1297 2646/3242/1217
f 2815/3415/1288 2814/3414/1681 2821/3421/1307 2820/3420/1297
f 2814/3414/1681 2818/3418/1295 2822/3422/1305 2821/3421/1307
f 2818/3418/1295 2791/3391/1674 2793/3393/1306 2822/3422/1305
f 2817/3417/1294 2790/3390/1303 2791/3391/1674 2818/3418/1295
f 2816/3416/1682 2789/3389/1302 2790/3390/1303 2817/3417/1294
f 2823/3423/1300 2787/3387/1301 2789/3389/1302 2816/3416/1682
f 2824/3424/1299 2823/3423/1300 2816/3416/1682 2811/3411/1293
f 2819/3419/1298 2824/3424/1299 2811/3411/1293 2810/3410/1680
f 2825/3425/1445 2826/3426/1446 2827/3427/1443 2828/3428/1442
f 2828/3428/1442 2827/3427/1443 2829/3429/1444 2830/3430/1441
f 2826/3426/1446 2831/3431/1449 2832/3432/1447 2827/3427/1443
f 2827/3427/1443 2832/3432/1447 2833/3433/1448 2829/3429/1444
f 2646/3242/1217 2820/3420/1297 2825/3425/1445 2657/3253/1620
f 2657/3253/1620 2825/3425/1445 2828/3428/1442 2662/3258/1287
f 2662/3258/1287 2828/3428/1442 2830/3430/1441 2661/3257/1621
f 2661/3257/1621 2830/3430/1441 2672/3268/1436 2592/3183/1271
f 2830/3430/1441 2829/3429/1444 2682/3278/1437 2672/3268/1436
f 2829/3429/1444 2833/3433/1448 2680/3276/1438 2682/3278/1437
f 2833/3433/1448 2834/3434/1452 2681/3277/1409 2680/3276/1438
f 2832/3432/1447 2835/3435/1451 2834/3434/1452 2833/3433/1448
f 2831/3431/1449 2836/3436/1450 2835/3435/1451 2832/3432/1447
f 2822/3422/1305 2793/3393/1306 2836/3436/1450 2831/3431/1449
f 2821/3421/1307 2822/3422/1305 2831/3431/1449 2826/3426/1446
f 2820/3420/1297 2821/3421/1307 2826/3426/1446 2825/3425/1445
f 2837/3437/1457 2838/3438/1458 2839/3439/1455 2840/3440/1454
f 2840/3441/1454 2839/3442/1455 2841/3443/1456 2842/3444/1453
f 2838/3438/1458 2843/3445/1461 2844/3446/1459 2839/3439/1455
f 2839/3442/1455 2844/3447/1459 2845/3448/1460 2841/3443/1456
f 2606/3197/1251 2673/3269/1435 2837/3437/1457 2617/3211/1611
f 2617/3211/1611 2837/3437/1457 2840/3440/1454 2627/3223/1252
f 2627/3222/1252 2840/3441/1454 2842/3444/1453 2625/3220/1612
f 2625/3220/1612 2842/3444/1453 2819/3419/1298 2626/3221/1231
f 2842/3444/1453 2841/3443/1456 2824/3424/1299 2819/3419/1298
f 2841/3443/1456 2845/3448/1460 2823/3423/1300 2824/3424/1299
f 2845/3448/1460 2846/3449/1464 2787/3387/1301 2823/3423/1300
f 2844/3447/1459 2847/3450/1463 2846/3449/1464 2845/3448/1460
f 2843/3445/1461 2848/3451/1462 2847/3452/1463 2844/3446/1459
f 2675/3271/1439 2677/3273/1404 2848/3451/1462 2843/3445/1461
f 2674/3270/1440 2675/3271/1439 2843/3445/1461 2838/3438/1458
f 2673/3269/1435 2674/3270/1440 2838/3438/1458 2837/3437/1457
f 2849/3453/1417 2850/3454/1417 2851/3455/1417 2852/3456/1417
f 2852/3456/1417 2851/3455/1417 2801/3401/1417 2800/3400/1417
f 2850/3454/1417 2853/3457/1417 2854/3458/1417 2851/3455/1417
f 2851/3455/1417 2854/3458/1417 2855/3459/1417 2801/3401/1417
f 2856/3460/1414 2857/3461/1683 2858/3462/1684 2859/3463/1413
f 2801/3401/1417 2855/3459/1417 2860/3464/1685 2802/3402/1677
f 2859/3463/1413 2858/3462/1684 2861/3465/1471 2862/3466/1470
f 2799/3399/1465 2798/3398/1676 2863/3467/1353 2784/3384/1673
f 2784/3384/1673 2863/3467/1353 2864/3468/1686 2785/3385/1351
f 2785/3385/1351 2864/3468/1686 2865/3469/1687 2786/3386/1389
f 2795/3395/1388 2866/3470/1688 2867/3471/1689 2868/3472/1421
f 2868/3472/1421 2867/3471/1689 2805/3405/1423 2804/3404/1420
f 2807/3407/1475 2806/3406/1679 2772/3372/1664 2771/3371/1412
f 2862/3473/1470 2861/3474/1471 2797/3397/1675 2796/3396/1466
f 2774/3374/1403 2773/3373/1665 2735/3333/1649 2734/3332/1401
f 2869/3475/1690 2870/3476/1691 2871/3477/1397 2872/3478/1396
f 2872/3478/1396 2871/3477/1397 2873/3479/1692 2874/3480/1693
f 2870/3476/1691 2774/3374/1403 2734/3332/1401 2871/3477/1397
f 2871/3477/1397 2734/3332/1401 2737/3335/1651 2873/3479/1692
f 2681/3277/1409 2875/3481/1410 2869/3475/1690 2679/3275/1625
f 2679/3275/1625 2869/3475/1690 2872/3478/1396 2678/3274/1407
f 2678/3274/1407 2872/3478/1396 2874/3480/1693 2676/3272/1405
f 2676/3272/1405 2874/3480/1693 2876/3482/1406 2677/3273/1404
f 2874/3480/1693 2873/3479/1692 2877/3483/1425 2876/3482/1406
f 2873/3479/1692 2737/3335/1651 2856/3460/1414 2877/3483/1425
f 2878/3484/1694 2879/3485/1695 2849/3453/1417 2880/3486/1509
f 2879/3485/1695 2881/3487/1696 2850/3454/1417 2849/3453/1417
f 2881/3487/1696 2882/3488/1697 2853/3457/1417 2850/3454/1417
f 2882/3488/1697 2883/3489/1512 2884/3490/1698 2853/3457/1417
f 2885/3491/1411 2771/3371/1412 2774/3374/1403 2870/3476/1691
f 2875/3481/1410 2885/3491/1411 2870/3476/1691 2869/3475/1690
f 2886/3492/1499 2887/3493/1500 2888/3494/1497 2889/3495/1496
f 2889/3495/1496 2888/3494/1497 2890/3496/1498 2891/3497/1495
f 2887/3493/1500 2868/3472/1421 2804/3404/1420 2888/3494/1497
f 2888/3494/1497 2804/3404/1420 2807/3407/1475 2890/3496/1498
f 2793/3393/1306 2792/3392/1484 2886/3492/1499 2836/3436/1450
f 2836/3436/1450 2886/3492/1499 2889/3495/1496 2835/3435/1451
f 2835/3435/1451 2889/3495/1496 2891/3497/1495 2834/3434/1452
f 2834/3434/1452 2891/3497/1495 2875/3481/1410 2681/3277/1409
f 2891/3497/1495 2890/3496/1498 2885/3491/1411 2875/3481/1410
f 2890/3496/1498 2807/3407/1475 2771/3371/1412 2885/3491/1411
f 2737/3335/1651 2736/3334/1650 2857/3461/1683 2856/3460/1414
f 2853/3457/1417 2884/3490/1698 2892/3498/1699 2854/3458/1417
f 2854/3458/1417 2892/3498/1699 2893/3499/1700 2855/3459/1417
f 2786/3386/1389 2865/3469/1687 2866/3470/1688 2795/3395/1388
f 2794/3394/1494 2795/3395/1388 2868/3472/1421 2887/3493/1500
f 2792/3392/1484 2794/3394/1494 2887/3493/1500 2886/3492/1499
f 2894/3500/1507 2895/3501/1508 2896/3502/1505 2897/3503/1504
f 2897/3504/1504 2896/3505/1505 2898/3506/1701 2899/3507/1702
f 2895/3501/1508 2859/3463/1413 2862/3466/1470 2896/3502/1505
f 2896/3505/1505 2862/3473/1470 2796/3396/1466 2898/3506/1701
f 2677/3273/1404 2876/3482/1406 2894/3500/1507 2848/3451/1462
f 2848/3451/1462 2894/3500/1507 2897/3503/1504 2847/3452/1463
f 2847/3450/1463 2897/3504/1504 2899/3507/1702 2846/3449/1464
f 2846/3449/1464 2899/3507/1702 2788/3388/1485 2787/3387/1301
f 2899/3507/1702 2898/3506/1701 2809/3409/1486 2788/3388/1485
f 2898/3506/1701 2796/3396/1466 2799/3399/1465 2809/3409/1486
f 2900/3508/1488 2800/3400/1417 2803/3403/1678 2901/3509/1487
f 2902/3510/1511 2852/3456/1417 2800/3400/1417 2900/3508/1488
f 2880/3486/1509 2849/3453/1417 2852/3456/1417 2902/3510/1511
f 2855/3459/1417 2893/3499/1700 2903/3511/1493 2860/3464/1685
f 2877/3483/1425 2856/3460/1414 2859/3463/1413 2895/3501/1508
f 2876/3482/1406 2877/3483/1425 2895/3501/1508 2894/3500/1507
f 2904/3512/1394 2905/3513/1703 2906/3514/1704 2808/3515/1393
f 2905/3513/1703 2907/3516/1705 2908/3517/1706 2906/3514/1704
f 2907/3516/1705 2731/3329/1647 2730/3328/1646 2908/3517/1706
f 2808/3515/1393 2906/3514/1704 2909/3518/1707 2701/3519/1632
f 2906/3514/1704 2908/3517/1706 2910/3520/1708 2909/3518/1707
f 2908/3517/1706 2730/3328/1646 2729/3327/1645 2910/3520/1709
f 2701/3519/1632 2909/3518/1707 2911/3521/1710 2698/3522/1631
f 2909/3518/1707 2910/3520/1708 2912/3523/1711 2911/3521/1710
f 2910/3520/1709 2729/3327/1645 2728/3326/1644 2912/3523/1712
f 2698/3522/1631 2911/3521/1710 2913/3524/1713 2699/3525/1379
f 2911/3521/1710 2912/3523/1711 2914/3526/1714 2913/3524/1715
f 2912/3523/1712 2728/3326/1644 2727/3325/1643 2914/3526/1716
f 2699/3525/1379 2913/3524/1713 2915/3527/1717 2696/3528/1630
f 2913/3524/1715 2914/3526/1714 2916/3529/1718 2915/3527/1719
f 2914/3526/1716 2727/3325/1643 2704/3300/1633 2916/3529/1720
f 2696/3528/1630 2915/3527/1717 2917/3530/1532 2760/3531/1657
f 2915/3527/1719 2916/3529/1718 2918/3532/1721 2917/3530/1721
f 2916/3529/1720 2704/3300/1633 2703/3299/1329 2918/3532/1534
f 2760/3533/1657 2917/3534/1532 2919/3535/1722 2761/3536/1658
f 2917/3534/1721 2918/3537/1721 2920/3538/1723 2919/3535/1724
f 2918/3537/1534 2703/3323/1329 2726/3322/1642 2920/3538/1725
f 2761/3536/1658 2919/3535/1722 2921/3539/1726 2762/3540/1659
f 2919/3535/1724 2920/3538/1723 2922/3541/1727 2921/3539/1728
f 2920/3538/1725 2726/3322/1642 2721/3317/1639 2922/3541/1729
f 2762/3540/1659 2921/3539/1726 2923/3542/1521 2763/3543/1660
f 2921/3539/1728 2922/3541/1727 2924/3544/1730 2923/3542/1521
f 2922/3541/1729 2721/3317/1639 2720/3316/1638 2924/3544/1731
f 2763/3543/1660 2923/3542/1521 2925/3545/1732 2775/3546/1666
f 2923/3542/1521 2924/3544/1730 2926/3547/1733 2925/3545/1732
f 2924/3544/1731 2720/3316/1638 2724/3320/1640 2926/3547/1734
f 2775/3546/1666 2925/3545/1732 2927/3548/1735 2776/3549/1667
f 2925/3545/1732 2926/3547/1733 2928/3550/1736 2927/3548/1735
f 2926/3547/1734 2724/3320/1640 2708/3304/1636 2928/3550/1736
f 2776/3549/1667 2927/3548/1735 2929/3551/1737 2777/3552/1668
f 2927/3548/1735 2928/3550/1736 2930/3553/1738 2929/3551/1737
f 2928/3550/1736 2708/3304/1636 2707/3303/1635 2930/3553/1738
f 2777/3552/1668 2929/3551/1737 2931/3554/1557 2750/3555/1654
f 2929/3551/1737 2930/3553/1738 2932/3556/1739 2931/3554/1557
f 2930/3553/1738 2707/3303/1635 2741/3339/1652 2932/3556/1739
f 2750/3555/1654 2931/3554/1557 2933/3557/1555 2751/3558/1655
f 2931/3554/1557 2932/3556/1739 2934/3559/1740 2933/3557/1555
f 2932/3556/1739 2741/3339/1652 2738/3336/1356 2934/3559/1740
f 2751/3558/1655 2933/3557/1555 2935/3560/1741 2752/3561/1656
f 2933/3557/1555 2934/3559/1740 2936/3562/1742 2935/3560/1741
f 2934/3559/1740 2738/3336/1356 2732/3330/1648 2936/3562/1742
f 2752/3561/1656 2935/3560/1741 2905/3513/1703 2904/3512/1394
f 2935/3560/1741 2936/3562/1742 2907/3516/1705 2905/3513/1703
f 2936/3562/1742 2732/3330/1648 2731/3329/1647 2907/3516/1705
f 2878/3563/1694 2937/3564/1743 2938/3565/1744 2879/3566/1695
f 2937/3564/1745 2939/3567/1746 2940/3568/1747 2938/3565/1744
f 2939/3567/1578 2857/3461/1683 2736/3334/1650 2940/3568/1748
f 2879/3566/1695 2938/3565/1744 2941/3569/1749 2881/3570/1696
f 2938/3565/1744 2940/3568/1747 2942/3571/1592 2941/3569/1749
f 2940/3568/1748 2736/3334/1650 2735/3333/1649 2942/3571/1592
f 2881/3570/1696 2941/3569/1749 2943/3572/1750 2882/3573/1697
f 2941/3569/1749 2942/3571/1592 2944/3574/1751 2943/3572/1750
f 2942/3571/1592 2735/3333/1649 2773/3373/1665 2944/3574/1751
f 2882/3573/1697 2943/3572/1750 2945/3575/1752 2883/3576/1512
f 2943/3572/1750 2944/3574/1751 2946/3577/1753 2945/3575/1752
f 2944/3574/1751 2773/3373/1665 2772/3372/1664 2946/3577/1753
f 2901/3578/1487 2947/3579/1754 2948/3580/1755 2900/3581/1488
f 2947/3579/1756 2949/3582/1757 2950/3583/1758 2948/3580/1759
f 2949/3582/1564 2798/3398/1676 2797/3397/1675 2950/3583/1760
f 2900/3581/1488 2948/3580/1755 2951/3584/1761 2902/3585/1511
f 2948/3580/1759 2950/3583/1758 2952/3586/1581 2951/3584/1581
f 2950/3583/1760 2797/3397/1675 2861/3474/1471 2952/3586/1582
f 2902/3587/1511 2951/3588/1761 2953/3589/1762 2880/3590/1509
f 2951/3588/1581 2952/3591/1581 2954/3592/1763 2953/3589/1764
f 2952/3591/1582 2861/3465/1471 2858/3462/1684 2954/3592/1765
f 2880/3590/1509 2953/3589/1762 2937/3564/1743 2878/3563/1694
f 2953/3589/1764 2954/3592/1763 2939/3567/1746 2937/3564/1745
f 2954/3592/1765 2858/3462/1684 2857/3461/1683 2939/3567/1578
f 2903/3593/1493 2955/3594/1766 2956/3595/1767 2860/3596/1685
f 2955/3594/1766 2957/3597/1768 2958/3598/1769 2956/3595/1767
f 2957/3597/1768 2866/3470/1688 2865/3469/1687 2958/3598/1769
f 2860/3596/1685 2956/3595/1767 2959/3599/1770 2802/3600/1677
f 2956/3595/1767 2958/3598/1769 2960/3601/1567 2959/3599/1770
f 2958/3598/1769 2865/3469/1687 2864/3468/1686 2960/3601/1567
f 2802/3600/1677 2959/3599/1770 2961/3602/1771 2803/3603/1678
f 2959/3599/1770 2960/3601/1567 2962/3604/1772 2961/3602/1771
f 2960/3601/1567 2864/3468/1686 2863/3467/1353 2962/3604/1773
f 2803/3603/1678 2961/3602/1771 2947/3579/1754 2901/3578/1487
f 2961/3602/1771 2962/3604/1772 2949/3582/1757 2947/3579/1756
f 2962/3604/1773 2863/3467/1353 2798/3398/1676 2949/3582/1564
f 2883/3576/1512 2945/3575/1752 2963/3605/1774 2884/3606/1698
f 2945/3575/1752 2946/3577/1753 2964/3607/1775 2963/3605/1774
f 2946/3577/1753 2772/3372/1664 2806/3406/1679 2964/3607/1775
f 2884/3606/1698 2963/3605/1774 2965/3608/1776 2892/3609/1699
f 2963/3605/1774 2964/3607/1775 2966/3610/1599 2965/3608/1776
f 2964/3607/1775 2806/3406/1679 2805/3405/1423 2966/3610/1599
f 2892/3609/1699 2965/3608/1776 2967/3611/1777 2893/3612/1700
f 2965/3608/1776 2966/3610/1599 2968/3613/1778 2967/3611/1777
f 2966/3610/1599 2805/3405/1423 2867/3471/1689 2968/3613/1778
f 2893/3612/1700 2967/3611/1777 2955/3594/1766 2903/3593/1493
f 2967/3611/1777 2968/3613/1778 2957/3597/1768 2955/3594/1766
f 2968/3613/1778 2867/3471/1689 2866/3470/1688 2957/3597/1768
f 2718/3314/1324 2752/3350/1656 2904/3614/1394 2808/3408/1393
o Cube.004_Cube.014
v 0.054423 0.570423 0.892271
v 0.054423 0.577219 0.891106
v 0.107910 0.577219 0.889475
v 0.107910 0.570423 0.890640
v 0.054423 0.584015 0.892271
v 0.107910 0.584015 0.890640
v 0.159523 0.577219 0.886098
v 0.159523 0.570423 0.887263
v 0.159523 0.584015 0.887263
v 0.000000 0.564792 0.896189
v 0.000000 0.570423 0.892694
v 0.054423 0.564792 0.895766
v 0.000000 0.577219 0.891529
v 0.000000 0.584015 0.892694
v 0.000000 0.589645 0.896189
v 0.054423 0.589645 0.895766
v 0.107910 0.589645 0.894135
v 0.159523 0.589645 0.890758
v 0.208327 0.589645 0.885096
v 0.208327 0.584015 0.881601
v 0.208327 0.577219 0.880436
v 0.208327 0.570423 0.881601
v 0.159523 0.564792 0.890758
v 0.208327 0.564792 0.885096
v 0.107910 0.564792 0.894135
v 0.253698 0.584015 0.905167
v 0.253698 0.577219 0.906332
v 0.296258 0.577219 0.895936
v 0.296258 0.584015 0.894771
v 0.253698 0.570423 0.905167
v 0.296258 0.570423 0.894771
v 0.336946 0.577219 0.884128
v 0.336946 0.584015 0.882963
v 0.336946 0.570423 0.882963
v 0.208327 0.589645 0.909950
v 0.208327 0.584015 0.913445
v 0.253698 0.589645 0.901672
v 0.208327 0.577219 0.914610
v 0.208327 0.570423 0.913445
v 0.208327 0.564792 0.909950
v 0.253698 0.564792 0.901672
v 0.296258 0.564792 0.891276
v 0.336946 0.564792 0.879468
v 0.336946 0.593141 0.873837
v 0.336946 0.589645 0.879468
v 0.370782 0.589645 0.868816
v 0.370771 0.593141 0.863189
v -0.336946 0.577219 0.849954
v -0.370798 0.577219 0.839297
v -0.370794 0.584015 0.840464
v -0.336946 0.584015 0.851119
v 0.376697 0.569193 0.862553
v 0.376697 0.577219 0.863071
v 0.376697 0.577219 0.864889
v 0.376697 0.569343 0.863516
v 0.336946 0.564792 0.854614
v 0.336946 0.570423 0.851119
v 0.370794 0.570423 0.840464
v 0.370782 0.564792 0.843962
v 0.296258 0.589645 0.891276
v 0.054423 0.561297 0.901397
v 0.107910 0.561297 0.899766
v 0.107910 0.560131 0.906562
v 0.054423 0.560131 0.908193
v 0.159523 0.561297 0.896389
v 0.159523 0.560131 0.903185
v 0.107910 0.561297 0.913358
v 0.054423 0.561297 0.914989
v 0.159523 0.561297 0.909981
v 0.000000 0.561297 0.901820
v 0.208327 0.561297 0.890727
v 0.208327 0.560131 0.897523
v 0.208327 0.561297 0.904319
v 0.159523 0.564792 0.915612
v 0.107910 0.564792 0.918989
v 0.054423 0.564792 0.920619
v 0.000000 0.561297 0.915412
v 0.000000 0.564792 0.921043
v 0.000000 0.560131 0.908616
v 0.159523 0.593141 0.896389
v 0.107910 0.593141 0.899766
v 0.107910 0.594306 0.906562
v 0.159523 0.594306 0.903185
v 0.054423 0.593141 0.901397
v 0.054423 0.594306 0.908193
v 0.107910 0.593141 0.913358
v 0.159523 0.593141 0.909981
v 0.054423 0.593141 0.914989
v 0.208327 0.593141 0.890727
v 0.000000 0.593141 0.901820
v 0.000000 0.594306 0.908616
v 0.000000 0.593141 0.915412
v 0.000000 0.589645 0.921043
v 0.054423 0.589645 0.920619
v 0.107910 0.589645 0.918989
v 0.159523 0.589645 0.915612
v 0.208327 0.593141 0.904319
v 0.208327 0.594306 0.897523
v 0.159523 0.570423 0.919107
v 0.159523 0.577219 0.920272
v 0.107910 0.577219 0.923649
v 0.107910 0.570423 0.922484
v 0.159523 0.584015 0.919107
v 0.107910 0.584015 0.922484
v 0.054423 0.577219 0.925280
v 0.054423 0.570423 0.924115
v 0.054423 0.584015 0.924115
v 0.000000 0.584015 0.924538
v 0.000000 0.577219 0.925703
v 0.000000 0.570423 0.924538
v 0.376697 0.569193 0.846502
v 0.376697 0.577219 0.845984
v 0.376697 0.577219 0.854527
v 0.376697 0.568675 0.854527
v 0.376697 0.585244 0.846502
v 0.376697 0.585762 0.854527
v 0.376697 0.585244 0.862553
v 0.336946 0.561297 0.860245
v 0.370771 0.561297 0.849597
v 0.336946 0.561297 0.873837
v 0.336946 0.560131 0.867041
v 0.370766 0.560131 0.856395
v 0.370771 0.561297 0.863189
v 0.336946 0.577219 0.849954
v 0.370798 0.577219 0.839297
v 0.336946 0.589645 0.854614
v 0.336946 0.593141 0.860245
v 0.370771 0.593141 0.849597
v 0.370782 0.589645 0.843962
v 0.336946 0.594306 0.867041
v 0.370766 0.594306 0.856395
v 0.376697 0.585094 0.863516
v 0.370794 0.584015 0.872308
v 0.370798 0.577219 0.873471
v 0.370794 0.570423 0.872308
v 0.370782 0.564792 0.868816
v 0.253698 0.561297 0.896041
v 0.253698 0.560131 0.889245
v 0.296258 0.560131 0.878849
v 0.296258 0.561297 0.885645
v 0.253698 0.561297 0.882449
v 0.296258 0.561297 0.872053
v 0.253698 0.564792 0.876818
v 0.296258 0.564792 0.866422
v 0.336946 0.584015 0.851119
v 0.370794 0.584015 0.840464
v 0.376697 0.568230 0.846651
v 0.376697 0.566857 0.854527
v 0.376697 0.568230 0.862403
v 0.376697 0.568677 0.863069
v 0.253698 0.593141 0.882449
v 0.253698 0.594306 0.889245
v 0.296258 0.594306 0.878849
v 0.296258 0.593141 0.872053
v 0.253698 0.593141 0.896041
v 0.296258 0.593141 0.885645
v 0.253698 0.589645 0.876818
v 0.376697 0.586207 0.862403
v 0.376697 0.585760 0.863069
v 0.376697 0.587580 0.854527
v 0.376697 0.586207 0.846651
v -0.336946 0.564792 0.879468
v -0.370782 0.564792 0.868816
v -0.370771 0.561297 0.863189
v -0.336946 0.561297 0.873837
v 0.296258 0.589645 0.866422
v 0.253698 0.570423 0.873323
v 0.253698 0.577219 0.872158
v 0.296258 0.577219 0.861762
v 0.296258 0.570423 0.862927
v 0.253698 0.584015 0.873323
v 0.296258 0.584015 0.862927
v 0.376697 0.585094 0.845539
v 0.376697 0.585760 0.845986
v 0.376697 0.577219 0.844166
v 0.376697 0.569343 0.845539
v 0.376697 0.568677 0.845986
v -0.054423 0.570423 0.892271
v -0.107910 0.570423 0.890640
v -0.107910 0.577219 0.889475
v -0.054423 0.577219 0.891106
v -0.159523 0.570423 0.887263
v -0.159523 0.577219 0.886098
v -0.107910 0.584015 0.890640
v -0.054423 0.584015 0.892271
v -0.159523 0.584015 0.887263
v -0.054423 0.564792 0.895766
v -0.107910 0.564792 0.894135
v -0.159523 0.564792 0.890758
v -0.208327 0.564792 0.885096
v -0.208327 0.570423 0.881601
v -0.208327 0.577219 0.880436
v -0.208327 0.584015 0.881601
v -0.208327 0.589645 0.885096
v -0.159523 0.589645 0.890758
v -0.107910 0.589645 0.894135
v -0.054423 0.589645 0.895766
v -0.253698 0.584015 0.905167
v -0.296258 0.584015 0.894771
v -0.296258 0.577219 0.895936
v -0.253698 0.577219 0.906332
v -0.336946 0.584015 0.882963
v -0.336946 0.577219 0.884128
v -0.296258 0.570423 0.894771
v -0.253698 0.570423 0.905167
v -0.336946 0.570423 0.882963
v -0.208327 0.589645 0.909950
v -0.253698 0.589645 0.901672
v -0.208327 0.584015 0.913445
v -0.296258 0.589645 0.891276
v -0.336946 0.589645 0.879468
v -0.336946 0.564792 0.854614
v -0.370782 0.564792 0.843962
v -0.370794 0.570423 0.840464
v -0.336946 0.570423 0.851119
v -0.376697 0.569193 0.862553
v -0.376697 0.569343 0.863516
v -0.376697 0.577219 0.864889
v -0.376697 0.577219 0.863071
v -0.336946 0.593141 0.873837
v -0.370771 0.593141 0.863189
v -0.370782 0.589645 0.868816
v -0.296258 0.564792 0.891276
v -0.253698 0.564792 0.901672
v -0.208327 0.570423 0.913445
v -0.208327 0.564792 0.909950
v -0.208327 0.577219 0.914610
v -0.054423 0.561297 0.901397
v -0.054423 0.560131 0.908193
v -0.107910 0.560131 0.906562
v -0.107910 0.561297 0.899766
v -0.054423 0.561297 0.914989
v -0.107910 0.561297 0.913358
v -0.159523 0.560131 0.903185
v -0.159523 0.561297 0.896389
v -0.159523 0.561297 0.909981
v -0.054423 0.564792 0.920619
v -0.107910 0.564792 0.918989
v -0.159523 0.564792 0.915612
v -0.208327 0.561297 0.904319
v -0.208327 0.560131 0.897523
v -0.208327 0.561297 0.890727
v -0.159523 0.593141 0.896389
v -0.159523 0.594306 0.903185
v -0.107910 0.594306 0.906562
v -0.107910 0.593141 0.899766
v -0.159523 0.593141 0.909981
v -0.107910 0.593141 0.913358
v -0.054423 0.594306 0.908193
v -0.054423 0.593141 0.901397
v -0.054423 0.593141 0.914989
v -0.208327 0.593141 0.890727
v -0.208327 0.594306 0.897523
v -0.208327 0.593141 0.904319
v -0.159523 0.589645 0.915612
v -0.107910 0.589645 0.918989
v -0.054423 0.589645 0.920619
v -0.159523 0.570423 0.919107
v -0.107910 0.570423 0.922484
v -0.107910 0.577219 0.923649
v -0.159523 0.577219 0.920272
v -0.054423 0.570423 0.924115
v -0.054423 0.577219 0.925280
v -0.107910 0.584015 0.922484
v -0.159523 0.584015 0.919107
v -0.054423 0.584015 0.924115
v -0.376697 0.569193 0.846502
v -0.376697 0.568675 0.854527
v -0.376697 0.577219 0.854527
v -0.376697 0.577219 0.845984
v -0.376697 0.585762 0.854527
v -0.376697 0.585244 0.846502
v -0.376697 0.585244 0.862553
v -0.336946 0.561297 0.860245
v -0.370771 0.561297 0.849597
v -0.336946 0.593141 0.860245
v -0.370771 0.593141 0.849597
v -0.370766 0.594306 0.856395
v -0.336946 0.594306 0.867041
v -0.336946 0.560131 0.867041
v -0.370766 0.560131 0.856395
v -0.370794 0.570423 0.872308
v -0.370798 0.577219 0.873471
v -0.370794 0.584015 0.872308
v -0.376697 0.585094 0.863516
v -0.336946 0.589645 0.854614
v -0.370782 0.589645 0.843962
v -0.253698 0.561297 0.896041
v -0.296258 0.561297 0.885645
v -0.296258 0.560131 0.878849
v -0.253698 0.560131 0.889245
v -0.296258 0.561297 0.872053
v -0.253698 0.561297 0.882449
v -0.376697 0.568230 0.862403
v -0.376697 0.568677 0.863069
v -0.376697 0.566857 0.854527
v -0.376697 0.568230 0.846651
v -0.296258 0.564792 0.866422
v -0.253698 0.564792 0.876818
v -0.253698 0.593141 0.882449
v -0.296258 0.593141 0.872053
v -0.296258 0.594306 0.878849
v -0.253698 0.594306 0.889245
v -0.296258 0.593141 0.885645
v -0.253698 0.593141 0.896041
v -0.253698 0.589645 0.876818
v -0.296258 0.589645 0.866422
v -0.376697 0.587580 0.854527
v -0.376697 0.586207 0.846651
v -0.376697 0.586207 0.862403
v -0.376697 0.585760 0.863069
v -0.253698 0.570423 0.873323
v -0.296258 0.570423 0.862927
v -0.296258 0.577219 0.861762
v -0.253698 0.577219 0.872158
v -0.296258 0.584015 0.862927
v -0.253698 0.584015 0.873323
v -0.376697 0.568677 0.845986
v -0.376697 0.569343 0.845539
v -0.376697 0.577219 0.844166
v -0.376697 0.585094 0.845539
v -0.376697 0.585760 0.845986
v 0.375906 0.584554 0.842321
v 0.375905 0.587703 0.844292
v 0.373746 0.584159 0.840463
v 0.373740 0.589125 0.843552
v 0.375907 0.577219 0.841052
v 0.373748 0.577219 0.839270
v 0.375906 0.569883 0.842321
v 0.373746 0.570278 0.840463
v 0.375905 0.566734 0.844292
v 0.373740 0.565312 0.843552
v 0.373734 0.562225 0.862401
v 0.373740 0.565312 0.867365
v 0.375903 0.564763 0.862113
v 0.375905 0.566734 0.865261
v 0.373732 0.561033 0.855461
v 0.375903 0.563494 0.854777
v 0.373734 0.562225 0.848520
v 0.375903 0.564763 0.847441
v 0.373734 0.592212 0.848520
v 0.375903 0.589674 0.847441
v 0.373732 0.593405 0.855461
v 0.375903 0.590943 0.854777
v 0.373734 0.592212 0.862401
v 0.375903 0.589674 0.862113
v 0.373740 0.589125 0.867365
v 0.375905 0.587703 0.865261
v 0.373746 0.584159 0.870450
v 0.375906 0.584554 0.867231
v 0.373748 0.577219 0.871642
v 0.375907 0.577219 0.868500
v 0.373746 0.570278 0.870450
v 0.375906 0.569883 0.867231
v -0.373746 0.584159 0.840463
v -0.373740 0.589125 0.843552
v -0.375906 0.584554 0.842321
v -0.375905 0.587703 0.844292
v -0.373748 0.577219 0.839270
v -0.375907 0.577219 0.841052
v -0.373746 0.570278 0.840463
v -0.375906 0.569883 0.842321
v -0.373740 0.565312 0.843552
v -0.375905 0.566734 0.844292
v -0.375903 0.564763 0.862113
v -0.375905 0.566734 0.865261
v -0.373734 0.562225 0.862401
v -0.373740 0.565312 0.867365
v -0.375903 0.563494 0.854777
v -0.373732 0.561033 0.855461
v -0.375903 0.564763 0.847441
v -0.373734 0.562225 0.848520
v -0.375903 0.589674 0.847441
v -0.373734 0.592212 0.848520
v -0.375903 0.590943 0.854777
v -0.373732 0.593405 0.855461
v -0.375903 0.589674 0.862113
v -0.373734 0.592212 0.862401
v -0.375905 0.587703 0.865261
v -0.373740 0.589125 0.867365
v -0.375906 0.584554 0.867231
v -0.373746 0.584159 0.870450
v -0.375907 0.577219 0.868500
v -0.373748 0.577219 0.871642
v -0.375906 0.569883 0.867231
v -0.373746 0.570278 0.870450
vt 0.925463 0.246422
vt 0.920297 0.246422
vt 0.920138 0.206255
vt 0.925305 0.206273
vt 0.915132 0.246455
vt 0.914971 0.206320
vt 0.919932 0.167376
vt 0.925106 0.167424
vt 0.914760 0.167483
vt 0.930529 0.287235
vt 0.925561 0.287241
vt 0.930429 0.246456
vt 0.920397 0.287248
vt 0.915234 0.287254
vt 0.910275 0.287260
vt 0.910173 0.246520
vt 0.910015 0.206467
vt 0.909806 0.167747
vt 0.909564 0.130921
vt 0.914518 0.130505
vt 0.919705 0.130347
vt 0.924893 0.130444
vt 0.930071 0.167633
vt 0.929858 0.130802
vt 0.930271 0.206375
vt 0.884965 0.100718
vt 0.879961 0.100899
vt 0.879940 0.069100
vt 0.884969 0.068886
vt 0.874956 0.100726
vt 0.874909 0.068875
vt 0.880035 0.038282
vt 0.885041 0.038075
vt 0.875022 0.037985
vt 0.889793 0.133711
vt 0.884990 0.134094
vt 0.889763 0.100184
vt 0.879995 0.134225
vt 0.875000 0.134101
vt 0.870198 0.133726
vt 0.870157 0.100202
vt 0.870099 0.068209
vt 0.870242 0.037182
vt 0.894481 0.036178
vt 0.889804 0.037361
vt 0.889935 0.012158
vt 0.894435 0.011035
vt 0.919340 0.543863
vt 0.917735 0.569268
vt 0.913012 0.568633
vt 0.914239 0.543445
vt 0.005615 0.689270
vt 0.004212 0.695041
vt 0.002886 0.694810
vt 0.004895 0.689256
vt 0.928812 0.031194
vt 0.923868 0.030663
vt 0.921882 0.004802
vt 0.926858 0.004590
vt 0.889771 0.068232
vt 0.854832 0.246641
vt 0.854956 0.206699
vt 0.860078 0.206960
vt 0.859973 0.246747
vt 0.855142 0.168166
vt 0.860232 0.168645
vt 0.865179 0.207216
vt 0.865100 0.246851
vt 0.865294 0.169116
vt 0.849834 0.287335
vt 0.849876 0.246550
vt 0.854795 0.287329
vt 0.850012 0.206477
vt 0.850214 0.167760
vt 0.850431 0.130969
vt 0.855336 0.131609
vt 0.860385 0.132368
vt 0.865397 0.133115
vt 0.870142 0.169501
vt 0.870068 0.207426
vt 0.870018 0.246936
vt 0.865088 0.287316
vt 0.870021 0.287310
vt 0.859946 0.287322
vt 0.904881 0.168154
vt 0.905075 0.206689
vt 0.899954 0.206952
vt 0.899790 0.168634
vt 0.905223 0.246615
vt 0.900084 0.246726
vt 0.894854 0.207210
vt 0.894727 0.169108
vt 0.894959 0.246835
vt 0.904661 0.131569
vt 0.905320 0.287266
vt 0.900174 0.287273
vt 0.895036 0.287279
vt 0.890106 0.287285
vt 0.890042 0.246925
vt 0.889965 0.207422
vt 0.889879 0.169495
vt 0.894594 0.133093
vt 0.899608 0.132337
vt 0.874981 0.169739
vt 0.880010 0.169818
vt 0.880017 0.207599
vt 0.874947 0.207556
vt 0.885039 0.169736
vt 0.885087 0.207554
vt 0.880031 0.247004
vt 0.874928 0.246988
vt 0.885134 0.246982
vt 0.885182 0.287291
vt 0.880064 0.287297
vt 0.874946 0.287304
vt 0.017281 0.691310
vt 0.016650 0.697206
vt 0.010433 0.696124
vt 0.011518 0.689905
vt 0.015251 0.702969
vt 0.009353 0.702344
vt 0.003582 0.700947
vt 0.855783 0.032715
vt 0.850976 0.031308
vt 0.852742 0.004576
vt 0.857349 0.006755
vt 0.865538 0.035901
vt 0.860676 0.034331
vt 0.861902 0.008701
vt 0.866459 0.010445
vt 0.918706 0.030635
vt 0.917038 0.005234
vt 0.908798 0.031944
vt 0.904109 0.033229
vt 0.903513 0.008176
vt 0.907863 0.006880
vt 0.899294 0.034722
vt 0.899004 0.009608
vt 0.002900 0.700717
vt 0.885318 0.012792
vt 0.880425 0.012963
vt 0.875538 0.012612
vt 0.870936 0.011791
vt 0.865382 0.099348
vt 0.860410 0.098304
vt 0.860408 0.065816
vt 0.865343 0.067132
vt 0.855401 0.097245
vt 0.855440 0.064481
vt 0.850519 0.096356
vt 0.850585 0.063355
vt 0.913606 0.031066
vt 0.912317 0.005881
vt 0.017295 0.690592
vt 0.011750 0.688580
vt 0.005845 0.688588
vt 0.005305 0.688830
vt 0.904506 0.097194
vt 0.899502 0.098266
vt 0.899431 0.065863
vt 0.904372 0.064537
vt 0.894534 0.099321
vt 0.894516 0.067166
vt 0.909375 0.096290
vt 0.003569 0.701666
vt 0.003142 0.701257
vt 0.009123 0.703669
vt 0.015022 0.703650
vt 0.870859 0.537436
vt 0.871616 0.562825
vt 0.867142 0.564182
vt 0.866158 0.538729
vt 0.909185 0.063415
vt 0.924705 0.095647
vt 0.919510 0.095500
vt 0.919274 0.062404
vt 0.924467 0.062561
vt 0.914319 0.095714
vt 0.914098 0.062690
vt 0.929665 0.096164
vt 0.015970 0.702983
vt 0.015560 0.703408
vt 0.017975 0.697437
vt 0.017962 0.691540
vt 0.017720 0.691001
vt 0.929423 0.063175
vt 0.925564 0.328061
vt 0.925505 0.368210
vt 0.920337 0.368240
vt 0.920397 0.328073
vt 0.925402 0.407059
vt 0.920228 0.407120
vt 0.915171 0.368189
vt 0.915232 0.328053
vt 0.915055 0.407026
vt 0.930529 0.328014
vt 0.930470 0.368096
vt 0.930366 0.406838
vt 0.930244 0.443669
vt 0.925280 0.444040
vt 0.920092 0.444149
vt 0.914905 0.444004
vt 0.909950 0.443600
vt 0.910101 0.406774
vt 0.910215 0.368054
vt 0.910273 0.328001
vt 0.885426 0.473864
vt 0.885509 0.505696
vt 0.880479 0.505494
vt 0.880421 0.473695
vt 0.885656 0.536507
vt 0.880650 0.536311
vt 0.875448 0.505732
vt 0.875417 0.473880
vt 0.875638 0.536621
vt 0.890172 0.440859
vt 0.890224 0.474386
vt 0.885368 0.440488
vt 0.890312 0.506338
vt 0.890421 0.537209
vt 0.929444 0.543279
vt 0.927556 0.569888
vt 0.922579 0.569688
vt 0.924502 0.543823
vt 0.026119 0.702913
vt 0.025400 0.702927
vt 0.023391 0.697372
vt 0.024717 0.697142
vt 0.895101 0.538380
vt 0.895117 0.563523
vt 0.890614 0.562412
vt 0.870640 0.506409
vt 0.870619 0.474416
vt 0.875378 0.440505
vt 0.870577 0.440893
vt 0.880373 0.440369
vt 0.854932 0.328016
vt 0.860073 0.327897
vt 0.860276 0.367684
vt 0.855155 0.367957
vt 0.865200 0.327780
vt 0.865377 0.367415
vt 0.860525 0.405999
vt 0.855436 0.406490
vt 0.865586 0.405515
vt 0.849977 0.328119
vt 0.870118 0.327684
vt 0.870265 0.367193
vt 0.870432 0.405118
vt 0.865778 0.441515
vt 0.860768 0.442275
vt 0.855721 0.443046
vt 0.850510 0.406908
vt 0.850817 0.443698
vt 0.850212 0.368191
vt 0.905175 0.406379
vt 0.900082 0.405911
vt 0.900153 0.367594
vt 0.905274 0.367843
vt 0.895018 0.405450
vt 0.895051 0.367348
vt 0.900184 0.327819
vt 0.905323 0.327918
vt 0.895059 0.327723
vt 0.905045 0.442964
vt 0.899991 0.442209
vt 0.894975 0.441465
vt 0.890169 0.405075
vt 0.890163 0.367148
vt 0.890142 0.327645
vt 0.875271 0.404868
vt 0.875144 0.367051
vt 0.880214 0.366995
vt 0.880300 0.404776
vt 0.875028 0.327620
vt 0.880131 0.327591
vt 0.885284 0.367028
vt 0.885329 0.404846
vt 0.885233 0.327600
vt 0.037785 0.700873
vt 0.032023 0.702277
vt 0.030937 0.696059
vt 0.037155 0.694977
vt 0.029858 0.689839
vt 0.035756 0.689214
vt 0.024087 0.691236
vt 0.856412 0.541939
vt 0.858041 0.567895
vt 0.853440 0.570085
vt 0.851608 0.543357
vt 0.904737 0.541305
vt 0.904202 0.566359
vt 0.899689 0.564939
vt 0.899917 0.539824
vt 0.861301 0.540310
vt 0.862590 0.565938
vt 0.876216 0.561992
vt 0.881103 0.561629
vt 0.885996 0.561789
vt 0.023405 0.691466
vt 0.909429 0.542579
vt 0.908555 0.567645
vt 0.865846 0.475282
vt 0.865886 0.507499
vt 0.860955 0.508826
vt 0.860877 0.476339
vt 0.855990 0.510174
vt 0.855870 0.477410
vt 0.026350 0.703595
vt 0.025810 0.703353
vt 0.032255 0.703603
vt 0.037800 0.701591
vt 0.851138 0.511311
vt 0.850990 0.478311
vt 0.904976 0.477340
vt 0.904921 0.509997
vt 0.899978 0.508683
vt 0.899969 0.476280
vt 0.895059 0.507392
vt 0.894998 0.475237
vt 0.909846 0.478231
vt 0.909738 0.511106
vt 0.029628 0.688514
vt 0.035527 0.688533
vt 0.024073 0.690516
vt 0.023647 0.690926
vt 0.925178 0.478836
vt 0.925022 0.511923
vt 0.919830 0.512092
vt 0.919984 0.478997
vt 0.914652 0.511819
vt 0.914792 0.478795
vt 0.930136 0.478308
vt 0.929976 0.511297
vt 0.038225 0.701181
vt 0.038466 0.700643
vt 0.038480 0.694746
vt 0.036474 0.689200
vt 0.036065 0.688775
vt 0.018451 0.703054
vt 0.016598 0.705106
vt 0.907711 0.002729
vt 0.910663 0.001951
vt 0.911854 0.003827
vt 0.907792 0.004738
vt 0.020321 0.697845
vt 0.916542 0.000972
vt 0.916800 0.003154
vt 0.020321 0.692311
vt 0.922395 0.000561
vt 0.921789 0.002653
vt 0.019270 0.689754
vt 0.925363 0.000267
vt 0.926216 0.002255
vt 0.866911 0.008177
vt 0.871018 0.009381
vt 0.868230 0.005843
vt 0.871179 0.006811
vt 0.003911 0.687072
vt 0.006471 0.686021
vt 0.862118 0.006353
vt 0.862548 0.003803
vt 0.012009 0.686024
vt 0.857402 0.004327
vt 0.857033 0.001650
vt 0.017219 0.687899
vt 0.853403 0.002161
vt 0.854374 0.000184
vt 0.903794 0.005880
vt 0.904678 0.003319
vt 0.014040 0.706158
vt 0.898990 0.007292
vt 0.898815 0.004701
vt 0.008503 0.706162
vt 0.894116 0.008760
vt 0.892936 0.006336
vt 0.003290 0.704294
vt 0.889960 0.009751
vt 0.889918 0.007169
vt 0.001236 0.702441
vt 0.885697 0.010273
vt 0.886771 0.007361
vt 0.000184 0.699880
vt 0.880472 0.010411
vt 0.880529 0.007326
vt 0.000184 0.694340
vt 0.875256 0.010079
vt 0.874299 0.007134
vt 0.002056 0.689126
vt 0.912554 0.570688
vt 0.908490 0.569787
vt 0.911368 0.572567
vt 0.908414 0.571796
vt 0.037103 0.687077
vt 0.038955 0.689129
vt 0.917501 0.571349
vt 0.917248 0.573532
vt 0.040825 0.694338
vt 0.922492 0.571837
vt 0.923102 0.573927
vt 0.040825 0.699872
vt 0.926920 0.572224
vt 0.926072 0.574215
vt 0.039775 0.702429
vt 0.026976 0.706162
vt 0.024416 0.705111
vt 0.871871 0.567804
vt 0.868925 0.568780
vt 0.867600 0.566449
vt 0.871704 0.565235
vt 0.032513 0.706159
vt 0.863248 0.570834
vt 0.862812 0.568285
vt 0.037723 0.704284
vt 0.857739 0.573000
vt 0.858101 0.570323
vt 0.855083 0.574473
vt 0.854107 0.572499
vt 0.034545 0.686024
vt 0.905379 0.571214
vt 0.904488 0.568655
vt 0.029008 0.686021
vt 0.899512 0.569846
vt 0.899682 0.567255
vt 0.023795 0.687889
vt 0.893629 0.568225
vt 0.894804 0.565798
vt 0.021741 0.689742
vt 0.890610 0.567400
vt 0.890646 0.564818
vt 0.020689 0.692302
vt 0.887462 0.567216
vt 0.886381 0.564307
vt 0.020688 0.697843
vt 0.881220 0.567266
vt 0.881156 0.564181
vt 0.022561 0.703057
vt 0.874991 0.567473
vt 0.875941 0.564526
vn -0.0179 -0.3551 -0.9346
vn -0.0192 0.0000 -0.9998
vn -0.0480 0.0000 -0.9988
vn -0.0448 -0.3551 -0.9338
vn -0.0179 0.3552 -0.9346
vn -0.0448 0.3551 -0.9337
vn -0.0905 0.0000 -0.9959
vn -0.0846 -0.3546 -0.9312
vn -0.0846 0.3546 -0.9312
vn 0.0000 -0.7077 -0.7065
vn 0.0000 -0.3550 -0.9348
vn -0.0135 -0.7079 -0.7062
vn 0.0000 0.0000 -1.0000
vn 0.0000 0.3551 -0.9348
vn 0.0000 0.7077 -0.7066
vn -0.0135 0.7079 -0.7062
vn -0.0338 0.7080 -0.7054
vn -0.0638 0.7076 -0.7037
vn -0.1045 0.7059 -0.7005
vn -0.1384 0.3529 -0.9254
vn -0.1480 -0.0000 -0.9890
vn -0.1384 -0.3528 -0.9254
vn -0.0638 -0.7076 -0.7037
vn -0.1045 -0.7060 -0.7005
vn -0.0338 -0.7080 -0.7054
vn 0.1950 0.3473 0.9172
vn 0.2078 -0.0000 0.9782
vn 0.2575 -0.0000 0.9663
vn 0.2418 0.3442 0.9072
vn 0.1950 -0.3473 0.9173
vn 0.2418 -0.3442 0.9072
vn 0.2892 -0.0000 0.9573
vn 0.2718 0.3420 0.8996
vn 0.2718 -0.3419 0.8996
vn 0.1052 0.7013 0.7051
vn 0.1377 0.3504 0.9264
vn 0.1494 0.6979 0.7004
vn 0.1469 -0.0000 0.9891
vn 0.1377 -0.3503 0.9264
vn 0.1052 -0.7013 0.7051
vn 0.1494 -0.6979 0.7004
vn 0.1857 -0.6946 0.6950
vn 0.2089 -0.6923 0.6907
vn 0.1071 0.9295 0.3529
vn 0.2089 0.6923 0.6907
vn 0.3175 0.6743 0.6667
vn 0.2303 0.9139 0.3344
vn 0.2898 -0.0000 -0.9571
vn 0.1539 0.0000 -0.9881
vn 0.1493 0.3428 -0.9275
vn 0.2723 0.3427 -0.8991
vn 1.0000 -0.0000 0.0000
vn 0.9929 0.0000 0.1190
vn 0.9902 -0.0599 0.1258
vn -0.2085 -0.6939 -0.6892
vn -0.2723 -0.3427 -0.8991
vn -0.1493 -0.3428 -0.9275
vn -0.0942 -0.7054 -0.7026
vn 0.1857 0.6946 0.6950
vn -0.0067 -0.9354 -0.3536
vn -0.0168 -0.9355 -0.3529
vn 0.0002 -1.0000 0.0019
vn 0.0000 -1.0000 0.0012
vn -0.0317 -0.9355 -0.3519
vn 0.0005 -1.0000 0.0027
vn 0.0172 -0.9341 0.3566
vn 0.0068 -0.9345 0.3560
vn 0.0326 -0.9335 0.3572
vn -0.0000 -0.9353 -0.3540
vn -0.0519 -0.9351 -0.3506
vn 0.0011 -1.0000 0.0035
vn 0.0538 -0.9324 0.3575
vn 0.0641 -0.7040 0.7073
vn 0.0339 -0.7055 0.7079
vn 0.0135 -0.7062 0.7078
vn 0.0000 -0.9346 0.3556
vn 0.0000 -0.7066 0.7077
vn 0.0000 -1.0000 0.0008
vn -0.0317 0.9355 -0.3518
vn -0.0168 0.9355 -0.3529
vn 0.0002 1.0000 0.0019
vn 0.0005 1.0000 0.0027
vn -0.0067 0.9354 -0.3536
vn 0.0000 1.0000 0.0012
vn 0.0172 0.9341 0.3566
vn 0.0326 0.9335 0.3572
vn 0.0068 0.9345 0.3560
vn -0.0519 0.9351 -0.3506
vn 0.0000 0.9353 -0.3540
vn 0.0000 1.0000 0.0008
vn 0.0000 0.9346 0.3556
vn 0.0000 0.7065 0.7077
vn 0.0135 0.7062 0.7079
vn 0.0339 0.7055 0.7079
vn 0.0641 0.7040 0.7073
vn 0.0538 0.9324 0.3575
vn 0.0010 1.0000 0.0035
vn 0.0843 -0.3526 0.9320
vn 0.0901 -0.0000 0.9959
vn 0.0478 -0.0000 0.9989
vn 0.0447 -0.3537 0.9343
vn 0.0843 0.3526 0.9320
vn 0.0447 0.3538 0.9343
vn 0.0191 -0.0000 0.9998
vn 0.0179 -0.3542 0.9350
vn 0.0179 0.3543 0.9350
vn 0.0000 0.3545 0.9351
vn 0.0000 0.0000 1.0000
vn 0.0000 -0.3544 0.9351
vn -0.1057 -0.9305 -0.3506
vn 0.0310 -0.9371 -0.3476
vn 0.1071 -0.9295 0.3529
vn 0.0008 -1.0000 0.0012
vn 0.1440 -0.9896 -0.0025
vn 0.2303 -0.9139 0.3344
vn -0.2898 -0.0000 -0.9571
vn -0.1539 0.0000 -0.9881
vn -0.2085 0.6939 -0.6893
vn -0.1057 0.9305 -0.3506
vn 0.0310 0.9371 -0.3477
vn -0.0945 0.7053 -0.7026
vn 0.0008 1.0000 0.0012
vn 0.1440 0.9896 -0.0025
vn 0.9902 0.0599 0.1258
vn 0.3886 0.3234 0.8628
vn 0.4121 0.0000 0.9112
vn 0.3886 -0.3235 0.8628
vn 0.3174 -0.6744 0.6667
vn 0.0766 -0.9312 0.3563
vn 0.0014 -1.0000 0.0032
vn 0.0013 -1.0000 0.0023
vn 0.0953 -0.9301 0.3546
vn -0.0741 -0.9337 -0.3502
vn -0.0930 -0.9320 -0.3502
vn -0.1485 -0.7021 -0.6964
vn -0.1849 -0.6976 -0.6922
vn -0.2723 0.3427 -0.8991
vn -0.1493 0.3428 -0.9275
vn 0.9877 -0.1406 -0.0686
vn 0.9918 -0.1281 -0.0012
vn 0.9896 -0.1308 0.0606
vn 0.9888 -0.1065 0.1041
vn -0.0741 0.9337 -0.3502
vn 0.0014 1.0000 0.0032
vn 0.0013 1.0000 0.0023
vn -0.0930 0.9320 -0.3502
vn 0.0766 0.9312 0.3563
vn 0.0953 0.9301 0.3546
vn -0.1485 0.7021 -0.6964
vn 0.9896 0.1308 0.0606
vn 0.9888 0.1065 0.1041
vn 0.9918 0.1281 -0.0012
vn 0.9877 0.1406 -0.0686
vn -0.2089 -0.6923 0.6907
vn -0.3174 -0.6744 0.6667
vn -0.2303 -0.9139 0.3344
vn -0.1071 -0.9295 0.3529
vn -0.1850 0.6976 -0.6922
vn -0.1959 -0.3495 -0.9162
vn -0.2091 -0.0000 -0.9779
vn -0.2586 -0.0000 -0.9660
vn -0.2427 -0.3456 -0.9064
vn -0.1959 0.3495 -0.9162
vn -0.2427 0.3457 -0.9064
vn 0.9869 0.0698 -0.1456
vn 0.9858 0.1176 -0.1201
vn 0.9906 0.0000 -0.1371
vn 0.9869 -0.0698 -0.1456
vn 0.9858 -0.1176 -0.1201
vn 0.0179 -0.3551 -0.9346
vn 0.0448 -0.3551 -0.9338
vn 0.0480 0.0000 -0.9988
vn 0.0192 0.0000 -0.9998
vn 0.0846 -0.3546 -0.9312
vn 0.0905 0.0000 -0.9959
vn 0.0448 0.3551 -0.9337
vn 0.0179 0.3552 -0.9346
vn 0.0846 0.3546 -0.9312
vn 0.0135 -0.7079 -0.7062
vn 0.0338 -0.7080 -0.7054
vn 0.0638 -0.7076 -0.7037
vn 0.1045 -0.7060 -0.7005
vn 0.1384 -0.3528 -0.9254
vn 0.1480 -0.0000 -0.9890
vn 0.1384 0.3529 -0.9254
vn 0.1045 0.7059 -0.7005
vn 0.0638 0.7076 -0.7037
vn 0.0338 0.7080 -0.7054
vn 0.0135 0.7079 -0.7062
vn -0.1950 0.3473 0.9172
vn -0.2418 0.3442 0.9072
vn -0.2575 -0.0000 0.9663
vn -0.2078 -0.0000 0.9782
vn -0.2718 0.3420 0.8996
vn -0.2892 -0.0000 0.9573
vn -0.2418 -0.3442 0.9072
vn -0.1950 -0.3473 0.9173
vn -0.2718 -0.3419 0.8996
vn -0.1052 0.7013 0.7051
vn -0.1494 0.6979 0.7004
vn -0.1377 0.3504 0.9264
vn -0.1857 0.6946 0.6950
vn -0.2089 0.6923 0.6907
vn 0.2085 -0.6939 -0.6892
vn 0.0942 -0.7054 -0.7026
vn 0.1493 -0.3428 -0.9275
vn 0.2723 -0.3427 -0.8991
vn -1.0000 -0.0000 0.0000
vn -0.9902 -0.0599 0.1258
vn -0.9929 0.0000 0.1190
vn -0.1071 0.9295 0.3529
vn -0.2303 0.9139 0.3344
vn -0.3175 0.6743 0.6667
vn -0.1857 -0.6946 0.6950
vn -0.1494 -0.6979 0.7004
vn -0.1377 -0.3503 0.9264
vn -0.1052 -0.7013 0.7051
vn -0.1469 -0.0000 0.9891
vn 0.0067 -0.9354 -0.3536
vn -0.0002 -1.0000 0.0019
vn 0.0168 -0.9355 -0.3529
vn -0.0068 -0.9345 0.3560
vn -0.0172 -0.9341 0.3566
vn -0.0005 -1.0000 0.0027
vn 0.0317 -0.9355 -0.3519
vn -0.0326 -0.9335 0.3572
vn -0.0135 -0.7062 0.7078
vn -0.0339 -0.7055 0.7079
vn -0.0641 -0.7040 0.7073
vn -0.0538 -0.9324 0.3575
vn -0.0011 -1.0000 0.0035
vn 0.0519 -0.9351 -0.3506
vn 0.0317 0.9355 -0.3518
vn -0.0005 1.0000 0.0027
vn -0.0002 1.0000 0.0019
vn 0.0168 0.9355 -0.3529
vn -0.0326 0.9335 0.3572
vn -0.0172 0.9341 0.3566
vn 0.0067 0.9354 -0.3536
vn -0.0068 0.9345 0.3560
vn 0.0519 0.9351 -0.3506
vn -0.0010 1.0000 0.0035
vn -0.0538 0.9324 0.3575
vn -0.0641 0.7040 0.7073
vn -0.0339 0.7055 0.7079
vn -0.0135 0.7062 0.7079
vn -0.0843 -0.3526 0.9320
vn -0.0447 -0.3537 0.9343
vn -0.0478 -0.0000 0.9989
vn -0.0901 -0.0000 0.9959
vn -0.0179 -0.3542 0.9350
vn -0.0191 -0.0000 0.9998
vn -0.0447 0.3538 0.9343
vn -0.0843 0.3526 0.9320
vn -0.0179 0.3543 0.9350
vn 0.1057 -0.9305 -0.3506
vn -0.0310 -0.9371 -0.3476
vn 0.1057 0.9305 -0.3506
vn -0.0310 0.9371 -0.3477
vn -0.1440 0.9896 -0.0025
vn -0.0008 1.0000 0.0012
vn -0.0008 -1.0000 0.0012
vn -0.1440 -0.9896 -0.0025
vn -0.3883 -0.3235 0.8629
vn -0.4121 0.0000 0.9112
vn -0.3883 0.3236 0.8629
vn -0.9902 0.0599 0.1258
vn 0.2085 0.6939 -0.6893
vn 0.0945 0.7053 -0.7026
vn -0.0766 -0.9312 0.3563
vn -0.0953 -0.9301 0.3546
vn -0.0013 -1.0000 0.0023
vn -0.0014 -1.0000 0.0032
vn 0.0930 -0.9320 -0.3502
vn 0.0741 -0.9337 -0.3502
vn -0.9896 -0.1308 0.0606
vn -0.9888 -0.1065 0.1041
vn -0.9918 -0.1281 -0.0012
vn -0.9877 -0.1406 -0.0686
vn 0.1849 -0.6976 -0.6922
vn 0.1485 -0.7021 -0.6964
vn 0.0741 0.9337 -0.3502
vn 0.0930 0.9320 -0.3502
vn -0.0013 1.0000 0.0023
vn -0.0014 1.0000 0.0032
vn -0.0953 0.9301 0.3546
vn -0.0766 0.9312 0.3563
vn 0.1485 0.7021 -0.6964
vn 0.1850 0.6976 -0.6922
vn -0.9918 0.1281 -0.0012
vn -0.9877 0.1406 -0.0686
vn -0.9896 0.1308 0.0606
vn -0.9888 0.1065 0.1041
vn 0.1959 -0.3495 -0.9162
vn 0.2427 -0.3456 -0.9064
vn 0.2586 -0.0000 -0.9660
vn 0.2091 -0.0000 -0.9779
vn 0.2427 0.3457 -0.9064
vn 0.1959 0.3495 -0.9162
vn -0.9858 -0.1176 -0.1201
vn -0.9869 -0.0698 -0.1456
vn -0.9906 0.0000 -0.1371
vn -0.9869 0.0698 -0.1456
vn -0.9858 0.1176 -0.1201
vn 0.9648 0.0812 -0.2503
vn 0.9550 0.2115 -0.2078
vn 0.5714 0.5634 -0.5967
vn 0.5814 0.3276 -0.7447
vn 0.6037 0.2537 -0.7558
vn 0.5778 0.5908 -0.5631
vn 0.0186 0.6842 -0.7290
vn -0.0177 0.3603 -0.9327
vn 0.9694 0.0000 -0.2457
vn 0.6373 0.0000 -0.7706
vn -0.0089 0.0000 -1.0000
vn 0.9648 -0.0812 -0.2503
vn 0.5814 -0.3276 -0.7447
vn 0.6037 -0.2537 -0.7558
vn -0.0178 -0.3603 -0.9327
vn 0.9550 -0.2115 -0.2078
vn 0.5714 -0.5634 -0.5968
vn 0.5778 -0.5908 -0.5631
vn 0.0185 -0.6843 -0.7290
vn 0.5599 -0.7798 0.2801
vn 0.5870 -0.5800 0.5648
vn 0.8736 -0.4529 0.1780
vn 0.8676 -0.3579 0.3452
vn 0.2820 -0.9589 -0.0316
vn 0.7524 -0.6586 0.0131
vn 0.8768 -0.4807 -0.0087
vn 0.1391 -0.9062 -0.3994
vn 0.6963 -0.6856 -0.2124
vn 0.8304 -0.5101 -0.2241
vn 0.1392 0.9061 -0.3995
vn 0.6964 0.6856 -0.2124
vn 0.8304 0.5101 -0.2241
vn 0.2820 0.9589 -0.0316
vn 0.7524 0.6585 0.0131
vn 0.8768 0.4807 -0.0087
vn 0.5600 0.7797 0.2801
vn 0.8736 0.4528 0.1780
vn 0.5870 0.5800 0.5648
vn 0.8676 0.3579 0.3452
vn 0.6501 0.2728 0.7092
vn 0.8922 0.1746 0.4166
vn 0.6797 0.0000 0.7335
vn 0.9101 0.0000 0.4144
vn 0.6500 -0.2728 0.7092
vn 0.8922 -0.1746 0.4166
vn 0.0177 0.3603 -0.9327
vn -0.0186 0.6843 -0.7290
vn -0.5778 0.5908 -0.5631
vn -0.6037 0.2537 -0.7558
vn -0.5814 0.3276 -0.7447
vn -0.5714 0.5634 -0.5967
vn -0.9550 0.2115 -0.2078
vn -0.9648 0.0812 -0.2503
vn 0.0089 0.0000 -1.0000
vn -0.6373 0.0000 -0.7706
vn -0.9694 0.0000 -0.2457
vn 0.0178 -0.3603 -0.9327
vn -0.6037 -0.2537 -0.7558
vn -0.5814 -0.3276 -0.7447
vn -0.9648 -0.0812 -0.2503
vn -0.0185 -0.6843 -0.7290
vn -0.5778 -0.5908 -0.5631
vn -0.5714 -0.5634 -0.5967
vn -0.9550 -0.2115 -0.2078
vn -0.8736 -0.4529 0.1780
vn -0.8676 -0.3579 0.3452
vn -0.5599 -0.7798 0.2801
vn -0.5870 -0.5800 0.5648
vn -0.8768 -0.4807 -0.0087
vn -0.7524 -0.6586 0.0131
vn -0.2820 -0.9589 -0.0316
vn -0.8304 -0.5101 -0.2241
vn -0.6963 -0.6856 -0.2124
vn -0.1391 -0.9062 -0.3994
vn -0.8304 0.5101 -0.2241
vn -0.6964 0.6856 -0.2124
vn -0.1391 0.9061 -0.3995
vn -0.8768 0.4807 -0.0087
vn -0.7524 0.6585 0.0131
vn -0.2820 0.9589 -0.0316
vn -0.8736 0.4528 0.1780
vn -0.5600 0.7797 0.2801
vn -0.8676 0.3579 0.3452
vn -0.5870 0.5800 0.5648
vn -0.8922 0.1746 0.4166
vn -0.6501 0.2728 0.7092
vn -0.9101 0.0000 0.4144
vn -0.6797 0.0000 0.7335
vn -0.8922 -0.1746 0.4166
vn -0.6500 -0.2728 0.7092
usemtl Fridge_Low_Handle
s 1
f 2969/3615/1779 2970/3616/1780 2971/3617/1781 2972/3618/1782
f 2970/3616/1780 2973/3619/1783 2974/3620/1784 2971/3617/1781
f 2972/3618/1782 2971/3617/1781 2975/3621/1785 2976/3622/1786
f 2971/3617/1781 2974/3620/1784 2977/3623/1787 2975/3621/1785
f 2978/3624/1788 2979/3625/1789 2969/3615/1779 2980/3626/1790
f 2979/3625/1789 2981/3627/1791 2970/3616/1780 2969/3615/1779
f 2981/3627/1791 2982/3628/1792 2973/3619/1783 2970/3616/1780
f 2982/3628/1792 2983/3629/1793 2984/3630/1794 2973/3619/1783
f 2973/3619/1783 2984/3630/1794 2985/3631/1795 2974/3620/1784
f 2974/3620/1784 2985/3631/1795 2986/3632/1796 2977/3623/1787
f 2977/3623/1787 2986/3632/1796 2987/3633/1797 2988/3634/1798
f 2975/3621/1785 2977/3623/1787 2988/3634/1798 2989/3635/1799
f 2976/3622/1786 2975/3621/1785 2989/3635/1799 2990/3636/1800
f 2991/3637/1801 2976/3622/1786 2990/3636/1800 2992/3638/1802
f 2993/3639/1803 2972/3618/1782 2976/3622/1786 2991/3637/1801
f 2980/3626/1790 2969/3615/1779 2972/3618/1782 2993/3639/1803
f 2994/3640/1804 2995/3641/1805 2996/3642/1806 2997/3643/1807
f 2995/3641/1805 2998/3644/1808 2999/3645/1809 2996/3642/1806
f 2997/3643/1807 2996/3642/1806 3000/3646/1810 3001/3647/1811
f 2996/3642/1806 2999/3645/1809 3002/3648/1812 3000/3646/1810
f 3003/3649/1813 3004/3650/1814 2994/3640/1804 3005/3651/1815
f 3004/3650/1814 3006/3652/1816 2995/3641/1805 2994/3640/1804
f 3006/3652/1816 3007/3653/1817 2998/3644/1808 2995/3641/1805
f 3007/3653/1817 3008/3654/1818 3009/3655/1819 2998/3644/1808
f 2998/3644/1808 3009/3655/1819 3010/3656/1820 2999/3645/1809
f 2999/3645/1809 3010/3656/1820 3011/3657/1821 3002/3648/1812
f 3012/3658/1822 3013/3659/1823 3014/3660/1824 3015/3661/1825
f 3016/3662/1826 3017/3663/1827 3018/3664/1828 3019/3665/1829
f 3020/3666/1830 3021/3667/1830 3022/3668/1831 3023/3669/1832
f 3024/3670/1833 3025/3671/1834 3026/3672/1835 3027/3673/1836
f 3028/3674/1837 2997/3643/1807 3001/3647/1811 3013/3659/1823
f 3005/3651/1815 2994/3640/1804 2997/3643/1807 3028/3674/1837
f 3029/3675/1838 3030/3676/1839 3031/3677/1840 3032/3678/1841
f 3030/3676/1839 3033/3679/1842 3034/3680/1843 3031/3677/1840
f 3032/3678/1841 3031/3677/1840 3035/3681/1844 3036/3682/1845
f 3031/3677/1840 3034/3680/1843 3037/3683/1846 3035/3681/1844
f 2978/3684/1788 2980/3685/1790 3029/3675/1838 3038/3686/1847
f 2980/3685/1790 2993/3687/1803 3030/3676/1839 3029/3675/1838
f 2993/3687/1803 2991/3688/1801 3033/3679/1842 3030/3676/1839
f 2991/3688/1801 2992/3689/1802 3039/3690/1848 3033/3679/1842
f 3033/3679/1842 3039/3690/1848 3040/3691/1849 3034/3680/1843
f 3034/3680/1843 3040/3691/1849 3041/3692/1850 3037/3683/1846
f 3037/3683/1846 3041/3692/1850 3008/3654/1818 3042/3693/1851
f 3035/3681/1844 3037/3683/1846 3042/3693/1851 3043/3694/1852
f 3036/3682/1845 3035/3681/1844 3043/3694/1852 3044/3695/1853
f 3045/3696/1854 3036/3682/1845 3044/3695/1853 3046/3697/1855
f 3047/3698/1856 3032/3678/1841 3036/3682/1845 3045/3696/1854
f 3038/3686/1847 3029/3675/1838 3032/3678/1841 3047/3698/1856
f 3048/3699/1857 3049/3700/1858 3050/3701/1859 3051/3702/1860
f 3049/3700/1858 3052/3703/1861 3053/3704/1862 3050/3701/1859
f 3051/3702/1860 3050/3701/1859 3054/3705/1863 3055/3706/1864
f 3050/3701/1859 3053/3704/1862 3056/3707/1865 3054/3705/1863
f 2987/3633/1797 2986/3632/1796 3048/3699/1857 3057/3708/1866
f 2986/3632/1796 2985/3631/1795 3049/3700/1858 3048/3699/1857
f 2985/3631/1795 2984/3630/1794 3052/3703/1861 3049/3700/1858
f 2984/3630/1794 2983/3629/1793 3058/3709/1867 3052/3703/1861
f 3052/3703/1861 3058/3709/1867 3059/3710/1868 3053/3704/1862
f 3053/3704/1862 3059/3710/1868 3060/3711/1869 3056/3707/1865
f 3056/3707/1865 3060/3711/1869 3061/3712/1870 3062/3713/1871
f 3054/3705/1863 3056/3707/1865 3062/3713/1871 3063/3714/1872
f 3055/3706/1864 3054/3705/1863 3063/3714/1872 3064/3715/1873
f 3065/3716/1874 3055/3706/1864 3064/3715/1873 3003/3649/1813
f 3066/3717/1875 3051/3702/1860 3055/3706/1864 3065/3716/1874
f 3057/3708/1866 3048/3699/1857 3051/3702/1860 3066/3717/1875
f 3067/3718/1876 3068/3719/1877 3069/3720/1878 3070/3721/1879
f 3068/3719/1877 3071/3722/1880 3072/3723/1881 3069/3720/1878
f 3070/3721/1879 3069/3720/1878 3073/3724/1882 3074/3725/1883
f 3069/3720/1878 3072/3723/1881 3075/3726/1884 3073/3724/1882
f 3008/3654/1818 3007/3653/1817 3067/3718/1876 3042/3693/1851
f 3007/3653/1817 3006/3652/1816 3068/3719/1877 3067/3718/1876
f 3006/3652/1816 3004/3650/1814 3071/3722/1880 3068/3719/1877
f 3004/3650/1814 3003/3649/1813 3064/3715/1873 3071/3722/1880
f 3071/3722/1880 3064/3715/1873 3063/3714/1872 3072/3723/1881
f 3072/3723/1881 3063/3714/1872 3062/3713/1871 3075/3726/1884
f 3075/3726/1884 3062/3713/1871 3061/3712/1870 3076/3727/1885
f 3073/3724/1882 3075/3726/1884 3076/3727/1885 3077/3728/1886
f 3074/3725/1883 3073/3724/1882 3077/3728/1886 3078/3729/1887
f 3044/3695/1853 3074/3725/1883 3078/3729/1887 3046/3697/1855
f 3043/3694/1852 3070/3721/1879 3074/3725/1883 3044/3695/1853
f 3042/3693/1851 3067/3718/1876 3070/3721/1879 3043/3694/1852
f 3079/3730/1830 3080/3731/1830 3081/3732/1830 3082/3733/1830
f 3080/3731/1830 3083/3734/1830 3084/3735/1830 3081/3732/1830
f 3082/3733/1830 3081/3732/1830 3021/3667/1830 3020/3666/1830
f 3081/3732/1830 3084/3735/1830 3085/3736/1830 3021/3667/1830
f 3086/3737/1888 3024/3738/1833 3027/3739/1836 3087/3740/1889
f 3088/3741/1890 3089/3742/1891 3090/3743/1892 3091/3744/1893
f 3025/3671/1834 3092/3745/1894 3093/3746/1895 3026/3672/1835
f 3094/3747/1896 3095/3748/1897 3096/3749/1898 3097/3750/1899
f 3098/3751/1900 3012/3658/1822 3015/3661/1825 3099/3752/1901
f 3021/3667/1830 3085/3736/1830 3100/3753/1902 3022/3668/1831
f 3013/3659/1823 3001/3647/1811 3101/3754/1903 3014/3660/1824
f 3001/3647/1811 3000/3646/1810 3102/3755/1904 3101/3754/1903
f 3000/3646/1810 3002/3648/1812 3103/3756/1905 3102/3755/1904
f 3002/3648/1812 3011/3657/1821 3104/3757/1906 3103/3756/1905
f 3089/3742/1891 3086/3737/1888 3087/3740/1889 3090/3743/1892
f 3095/3748/1897 3098/3751/1900 3099/3752/1901 3096/3749/1898
f 3105/3758/1907 3106/3759/1908 3107/3760/1909 3108/3761/1910
f 3106/3759/1908 3109/3762/1911 3110/3763/1912 3107/3760/1909
f 3108/3761/1910 3107/3760/1909 3089/3742/1891 3088/3741/1890
f 3107/3760/1909 3110/3763/1912 3086/3737/1888 3089/3742/1891
f 3008/3654/1818 3041/3692/1850 3105/3758/1907 3009/3655/1819
f 3041/3692/1850 3040/3691/1849 3106/3759/1908 3105/3758/1907
f 3040/3691/1849 3039/3690/1848 3109/3762/1911 3106/3759/1908
f 3039/3690/1848 2992/3689/1802 3111/3764/1913 3109/3762/1911
f 3109/3762/1911 3111/3764/1913 3112/3765/1914 3110/3763/1912
f 3110/3763/1912 3112/3765/1914 3024/3738/1833 3086/3737/1888
f 3113/3766/1915 3094/3747/1896 3097/3750/1899 3114/3767/1916
f 3115/3768/1917 3079/3730/1830 3082/3733/1830 3116/3769/1918
f 3116/3769/1918 3082/3733/1830 3020/3666/1830 3117/3770/1919
f 3117/3770/1919 3020/3666/1830 3023/3669/1832 3118/3771/1920
f 3010/3656/1820 3108/3761/1910 3088/3741/1890 3011/3657/1821
f 3009/3655/1819 3105/3758/1907 3108/3761/1910 3010/3656/1820
f 3119/3772/1921 3120/3773/1922 3121/3774/1923 3122/3775/1924
f 3120/3773/1922 3123/3776/1925 3124/3777/1926 3121/3774/1923
f 3122/3775/1924 3121/3774/1923 3098/3751/1900 3095/3748/1897
f 3121/3774/1923 3124/3777/1926 3012/3658/1822 3098/3751/1900
f 2987/3633/1797 3057/3708/1866 3119/3772/1921 3125/3778/1927
f 3057/3708/1866 3066/3717/1875 3120/3773/1922 3119/3772/1921
f 3066/3717/1875 3065/3716/1874 3123/3776/1925 3120/3773/1922
f 3065/3716/1874 3003/3649/1813 3005/3651/1815 3123/3776/1925
f 3123/3776/1925 3005/3651/1815 3028/3674/1837 3124/3777/1926
f 3124/3777/1926 3028/3674/1837 3013/3659/1823 3012/3658/1822
f 3085/3736/1830 3126/3779/1928 3127/3780/1929 3100/3753/1902
f 3084/3735/1830 3128/3781/1930 3126/3779/1928 3085/3736/1830
f 3083/3734/1830 3129/3782/1931 3128/3781/1930 3084/3735/1830
f 3130/3783/1932 3131/3784/1933 3132/3785/1934 3133/3786/1935
f 3134/3787/1936 3122/3775/1924 3095/3748/1897 3094/3747/1896
f 3125/3778/1927 3119/3772/1921 3122/3775/1924 3134/3787/1936
f 3135/3788/1937 3136/3789/1938 3137/3790/1939 3138/3791/1940
f 3136/3789/1938 3139/3792/1941 3140/3793/1942 3137/3790/1939
f 3138/3791/1940 3137/3790/1939 3092/3745/1894 3025/3671/1834
f 3137/3790/1939 3140/3793/1942 3113/3766/1915 3092/3745/1894
f 2992/3638/1802 2990/3636/1800 3135/3788/1937 3111/3794/1913
f 2990/3636/1800 2989/3635/1799 3136/3789/1938 3135/3788/1937
f 2989/3635/1799 2988/3634/1798 3139/3792/1941 3136/3789/1938
f 2988/3634/1798 2987/3633/1797 3125/3778/1927 3139/3792/1941
f 3139/3792/1941 3125/3778/1927 3134/3787/1936 3140/3793/1942
f 3140/3793/1942 3134/3787/1936 3094/3747/1896 3113/3766/1915
f 3141/3795/1943 3142/3796/1944 3129/3782/1931 3083/3734/1830
f 3143/3797/1945 3141/3795/1943 3083/3734/1830 3080/3731/1830
f 3144/3798/1946 3143/3797/1945 3080/3731/1830 3079/3730/1830
f 3145/3799/1947 3144/3798/1946 3079/3730/1830 3115/3768/1917
f 3112/3800/1914 3138/3791/1940 3025/3671/1834 3024/3670/1833
f 3111/3794/1913 3135/3788/1937 3138/3791/1940 3112/3800/1914
f 3146/3801/1948 3147/3802/1949 3148/3803/1950 3149/3804/1951
f 3147/3802/1949 3150/3805/1952 3151/3806/1953 3148/3803/1950
f 3149/3804/1951 3148/3803/1950 3152/3807/1954 3153/3808/1955
f 3148/3803/1950 3151/3806/1953 3154/3809/1956 3152/3807/1954
f 2978/3624/1788 3155/3810/1957 3146/3801/1948 2979/3625/1789
f 3155/3810/1957 3156/3811/1958 3147/3802/1949 3146/3801/1948
f 3156/3811/1958 3157/3812/1959 3150/3805/1952 3147/3802/1949
f 3157/3812/1959 3158/3813/1960 3159/3814/1961 3150/3805/1952
f 3150/3805/1952 3159/3814/1961 3160/3815/1962 3151/3806/1953
f 3151/3806/1953 3160/3815/1962 3161/3816/1963 3154/3809/1956
f 3154/3809/1956 3161/3816/1963 3162/3817/1964 3163/3818/1965
f 3152/3807/1954 3154/3809/1956 3163/3818/1965 3164/3819/1966
f 3153/3808/1955 3152/3807/1954 3164/3819/1966 3165/3820/1967
f 2982/3628/1792 3153/3808/1955 3165/3820/1967 2983/3629/1793
f 2981/3627/1791 3149/3804/1951 3153/3808/1955 2982/3628/1792
f 2979/3625/1789 3146/3801/1948 3149/3804/1951 2981/3627/1791
f 3166/3821/1968 3167/3822/1969 3168/3823/1970 3169/3824/1971
f 3167/3822/1969 3170/3825/1972 3171/3826/1973 3168/3823/1970
f 3169/3824/1971 3168/3823/1970 3172/3827/1974 3173/3828/1975
f 3168/3823/1970 3171/3826/1973 3174/3829/1976 3172/3827/1974
f 3175/3830/1977 3176/3831/1978 3166/3821/1968 3177/3832/1979
f 3176/3831/1978 3178/3833/1980 3167/3822/1969 3166/3821/1968
f 3178/3833/1980 3179/3834/1981 3170/3825/1972 3167/3822/1969
f 3180/3835/1982 3181/3836/1983 3182/3837/1984 3183/3838/1985
f 3184/3839/1986 3185/3840/1987 3186/3841/1988 3187/3842/1986
f 3188/3843/1989 3189/3844/1990 3190/3845/1991 3179/3834/1981
f 3172/3827/1974 3174/3829/1976 3130/3783/1932 3191/3846/1992
f 3173/3828/1975 3172/3827/1974 3191/3846/1992 3192/3847/1993
f 3193/3848/1994 3173/3828/1975 3192/3847/1993 3194/3849/1995
f 3195/3850/1996 3169/3824/1971 3173/3828/1975 3193/3848/1994
f 3177/3832/1979 3166/3821/1968 3169/3824/1971 3195/3850/1996
f 3196/3851/1997 3197/3852/1841 3198/3853/1998 3199/3854/1999
f 3197/3852/1841 3200/3855/2000 3201/3856/2001 3198/3853/1998
f 3199/3854/1999 3198/3853/1998 3202/3857/2002 3203/3858/2003
f 3198/3853/1998 3201/3856/2001 3204/3859/2004 3202/3857/2002
f 2978/3684/1788 3038/3686/1847 3196/3851/1997 3155/3860/1957
f 3038/3686/1847 3047/3698/1856 3197/3852/1841 3196/3851/1997
f 3047/3698/1856 3045/3696/1854 3200/3855/2000 3197/3852/1841
f 3045/3696/1854 3046/3697/1855 3205/3861/2005 3200/3855/2000
f 3200/3855/2000 3205/3861/2005 3206/3862/2006 3201/3856/2001
f 3201/3856/2001 3206/3862/2006 3207/3863/2007 3204/3859/2004
f 3204/3859/2004 3207/3863/2007 3194/3849/1995 3208/3864/2008
f 3202/3857/2002 3204/3859/2004 3208/3864/2008 3209/3865/2009
f 3203/3858/2003 3202/3857/2002 3209/3865/2009 3210/3866/2010
f 3157/3867/1959 3203/3858/2003 3210/3866/2010 3158/3868/1960
f 3156/3869/1958 3199/3854/1999 3203/3858/2003 3157/3867/1959
f 3155/3860/1957 3196/3851/1997 3199/3854/1999 3156/3869/1958
f 3211/3870/2011 3212/3871/2012 3213/3872/2013 3214/3873/2014
f 3212/3871/2012 3215/3874/2015 3216/3875/2016 3213/3872/2013
f 3214/3873/2014 3213/3872/2013 3217/3876/1862 3218/3877/2017
f 3213/3872/2013 3216/3875/2016 3219/3878/2018 3217/3876/1862
f 3162/3817/1964 3220/3879/2019 3211/3870/2011 3163/3818/1965
f 3220/3879/2019 3221/3880/2020 3212/3871/2012 3211/3870/2011
f 3221/3880/2020 3222/3881/2021 3215/3874/2015 3212/3871/2012
f 3222/3881/2021 3175/3830/1977 3223/3882/2022 3215/3874/2015
f 3215/3874/2015 3223/3882/2022 3224/3883/2023 3216/3875/2016
f 3216/3875/2016 3224/3883/2023 3225/3884/2024 3219/3878/2018
f 3219/3878/2018 3225/3884/2024 3061/3712/1870 3060/3711/1869
f 3217/3876/1862 3219/3878/2018 3060/3711/1869 3059/3710/1868
f 3218/3877/2017 3217/3876/1862 3059/3710/1868 3058/3709/1867
f 3165/3820/1967 3218/3877/2017 3058/3709/1867 2983/3629/1793
f 3164/3819/1966 3214/3873/2014 3218/3877/2017 3165/3820/1967
f 3163/3818/1965 3211/3870/2011 3214/3873/2014 3164/3819/1966
f 3226/3885/2025 3227/3886/2026 3228/3887/2027 3229/3888/2028
f 3227/3886/2026 3230/3889/2029 3231/3890/2030 3228/3887/2027
f 3229/3888/2028 3228/3887/2027 3232/3891/2031 3233/3892/2032
f 3228/3887/2027 3231/3890/2030 3234/3893/2033 3232/3891/2031
f 3194/3849/1995 3207/3863/2007 3226/3885/2025 3193/3848/1994
f 3207/3863/2007 3206/3862/2006 3227/3886/2026 3226/3885/2025
f 3206/3862/2006 3205/3861/2005 3230/3889/2029 3227/3886/2026
f 3205/3861/2005 3046/3697/1855 3078/3729/1887 3230/3889/2029
f 3230/3889/2029 3078/3729/1887 3077/3728/1886 3231/3890/2030
f 3231/3890/2030 3077/3728/1886 3076/3727/1885 3234/3893/2033
f 3234/3893/2033 3076/3727/1885 3061/3712/1870 3225/3884/2024
f 3232/3891/2031 3234/3893/2033 3225/3884/2024 3224/3883/2023
f 3233/3892/2032 3232/3891/2031 3224/3883/2023 3223/3882/2022
f 3177/3832/1979 3233/3892/2032 3223/3882/2022 3175/3830/1977
f 3195/3850/1996 3229/3888/2028 3233/3892/2032 3177/3832/1979
f 3193/3848/1994 3226/3885/2025 3229/3888/2028 3195/3850/1996
f 3235/3894/1986 3236/3895/1986 3237/3896/1986 3238/3897/1986
f 3236/3895/1986 3184/3839/1986 3187/3842/1986 3237/3896/1986
f 3238/3897/1986 3237/3896/1986 3239/3898/1986 3240/3899/1986
f 3237/3896/1986 3187/3842/1986 3241/3900/1986 3239/3898/1986
f 3242/3901/2034 3243/3902/2035 3181/3903/1983 3180/3904/1982
f 3244/3905/2036 3245/3906/2037 3246/3907/2038 3247/3908/2039
f 3248/3909/2040 3249/3910/2041 3243/3902/2035 3242/3901/2034
f 3174/3829/1976 3250/3911/2042 3131/3784/1933 3130/3783/1932
f 3171/3826/1973 3251/3912/2043 3250/3911/2042 3174/3829/1976
f 3170/3825/1972 3252/3913/2044 3251/3912/2043 3171/3826/1973
f 3179/3834/1981 3190/3845/1991 3252/3913/2044 3170/3825/1972
f 3187/3842/1986 3186/3841/1988 3253/3914/2045 3241/3900/1986
f 3247/3908/2039 3246/3907/2038 3189/3844/1990 3188/3843/1989
f 3254/3915/2046 3255/3916/2047 3245/3906/2037 3244/3905/2036
f 3183/3838/1985 3182/3837/1984 3017/3663/1827 3016/3662/1826
f 3133/3786/1935 3132/3785/1934 3249/3910/2041 3248/3909/2040
f 3256/3917/2048 3257/3918/2049 3258/3919/2050 3259/3920/2051
f 3257/3918/2049 3133/3786/1935 3248/3909/2040 3258/3919/2050
f 3259/3920/2051 3258/3919/2050 3260/3921/2052 3261/3922/2053
f 3258/3919/2050 3248/3909/2040 3242/3901/2034 3260/3921/2052
f 3194/3849/1995 3192/3847/1993 3256/3917/2048 3208/3864/2008
f 3192/3847/1993 3191/3846/1992 3257/3918/2049 3256/3917/2048
f 3191/3846/1992 3130/3783/1932 3133/3786/1935 3257/3918/2049
f 3262/3923/2054 3263/3924/2055 3185/3840/1987 3184/3839/1986
f 3264/3925/2056 3262/3923/2054 3184/3839/1986 3236/3895/1986
f 3265/3926/2057 3264/3925/2056 3236/3895/1986 3235/3894/1986
f 3019/3665/1829 3018/3664/1828 3255/3916/2047 3254/3915/2046
f 3260/3921/2052 3242/3901/2034 3180/3904/1982 3266/3927/2058
f 3261/3922/2053 3260/3921/2052 3266/3927/2058 3267/3928/2059
f 3210/3866/2010 3261/3922/2053 3267/3928/2059 3158/3868/1960
f 3209/3865/2009 3259/3920/2051 3261/3922/2053 3210/3866/2010
f 3208/3864/2008 3256/3917/2048 3259/3920/2051 3209/3865/2009
f 3268/3929/2060 3269/3930/2061 3270/3931/2062 3271/3932/2063
f 3269/3930/2061 3244/3905/2036 3247/3908/2039 3270/3931/2062
f 3271/3932/2063 3270/3931/2062 3272/3933/2064 3273/3934/2065
f 3270/3931/2062 3247/3908/2039 3188/3843/1989 3272/3933/2064
f 3162/3817/1964 3274/3935/2066 3268/3929/2060 3220/3879/2019
f 3274/3935/2066 3275/3936/2067 3269/3930/2061 3268/3929/2060
f 3275/3936/2067 3254/3915/2046 3244/3905/2036 3269/3930/2061
f 3092/3745/1894 3113/3766/1915 3114/3767/1916 3093/3746/1895
f 3240/3899/1986 3239/3898/1986 3276/3937/2068 3277/3938/2069
f 3239/3898/1986 3241/3900/1986 3278/3939/2070 3276/3937/2068
f 3241/3900/1986 3253/3914/2045 3279/3940/2071 3278/3939/2070
f 3272/3933/2064 3188/3843/1989 3179/3834/1981 3178/3833/1980
f 3273/3934/2065 3272/3933/2064 3178/3833/1980 3176/3831/1978
f 3222/3881/2021 3273/3934/2065 3176/3831/1978 3175/3830/1977
f 3221/3880/2020 3271/3932/2063 3273/3934/2065 3222/3881/2021
f 3220/3879/2019 3268/3929/2060 3271/3932/2063 3221/3880/2020
f 3280/3941/2072 3281/3942/2073 3282/3943/2074 3283/3944/2075
f 3281/3942/2073 3183/3838/1985 3016/3662/1826 3282/3943/2074
f 3283/3944/2075 3282/3943/2074 3284/3945/2076 3285/3946/2077
f 3282/3943/2074 3016/3662/1826 3019/3665/1829 3284/3945/2076
f 3158/3813/1960 3267/3947/2059 3280/3941/2072 3159/3814/1961
f 3267/3947/2059 3266/3948/2058 3281/3942/2073 3280/3941/2072
f 3266/3948/2058 3180/3835/1982 3183/3838/1985 3281/3942/2073
f 3286/3949/2078 3265/3926/2057 3235/3894/1986 3287/3950/2079
f 3287/3950/2079 3235/3894/1986 3238/3897/1986 3288/3951/2080
f 3288/3951/2080 3238/3897/1986 3240/3899/1986 3289/3952/2081
f 3289/3952/2081 3240/3899/1986 3277/3938/2069 3290/3953/2082
f 3284/3945/2076 3019/3665/1829 3254/3915/2046 3275/3936/2067
f 3285/3946/2077 3284/3945/2076 3275/3936/2067 3274/3935/2066
f 3161/3816/1963 3285/3946/2077 3274/3935/2066 3162/3817/1964
f 3160/3815/1962 3283/3944/2075 3285/3946/2077 3161/3816/1963
f 3159/3814/1961 3280/3941/2072 3283/3944/2075 3160/3815/1962
f 3142/3796/1944 3141/3795/1943 3291/3954/2083 3292/3955/2084
f 3292/3956/2085 3291/3957/2086 3293/3958/2087 3294/3959/2088
f 3294/3959/2089 3293/3958/2090 3114/3767/1916 3097/3750/1899
f 3141/3795/1943 3143/3797/1945 3295/3960/2091 3291/3954/2083
f 3291/3957/2086 3295/3961/2092 3296/3962/2092 3293/3958/2087
f 3293/3958/2090 3296/3962/2093 3093/3746/1895 3114/3767/1916
f 3143/3797/1945 3144/3798/1946 3297/3963/2094 3295/3960/2091
f 3295/3961/2092 3297/3964/2095 3298/3965/2096 3296/3962/2092
f 3296/3962/2093 3298/3965/2097 3026/3672/1835 3093/3746/1895
f 3144/3798/1946 3145/3799/1947 3299/3966/2098 3297/3963/2094
f 3297/3964/2095 3299/3967/2099 3300/3968/2100 3298/3965/2096
f 3298/3965/2097 3300/3968/2101 3027/3673/1836 3026/3672/1835
f 3104/3757/1906 3091/3744/1893 3301/3969/2102 3302/3970/2103
f 3302/3970/2103 3301/3969/2102 3303/3971/2104 3304/3972/2105
f 3304/3973/2105 3303/3974/2104 3117/3770/1919 3118/3771/1920
f 3091/3744/1893 3090/3743/1892 3305/3975/2106 3301/3969/2102
f 3301/3969/2102 3305/3975/2107 3306/3976/2108 3303/3971/2104
f 3303/3974/2104 3306/3977/2108 3116/3769/1918 3117/3770/1919
f 3090/3743/1892 3087/3740/1889 3307/3978/2109 3305/3975/2106
f 3305/3975/2107 3307/3978/2110 3308/3979/2111 3306/3976/2108
f 3306/3977/2108 3308/3980/2111 3115/3768/1917 3116/3769/1918
f 3087/3740/1889 3027/3739/1836 3300/3981/2101 3307/3978/2109
f 3307/3978/2110 3300/3981/2100 3299/3982/2099 3308/3979/2111
f 3308/3980/2111 3299/3966/2098 3145/3799/1947 3115/3768/1917
f 3097/3750/1899 3096/3749/1898 3309/3983/2112 3294/3959/2089
f 3294/3959/2088 3309/3983/2113 3310/3984/2114 3292/3956/2085
f 3292/3955/2084 3310/3985/2114 3129/3782/1931 3142/3796/1944
f 3096/3749/1898 3099/3752/1901 3311/3986/2115 3309/3983/2112
f 3309/3983/2113 3311/3986/2116 3312/3987/2117 3310/3984/2114
f 3310/3985/2114 3312/3988/2117 3128/3781/1930 3129/3782/1931
f 3099/3752/1901 3015/3661/1825 3313/3989/2118 3311/3986/2115
f 3311/3986/2116 3313/3989/2118 3314/3990/2119 3312/3987/2117
f 3312/3988/2117 3314/3991/2119 3126/3779/1928 3128/3781/1930
f 3015/3661/1825 3014/3660/1824 3315/3992/2120 3313/3989/2118
f 3313/3989/2118 3315/3992/2120 3316/3993/2121 3314/3990/2119
f 3314/3991/2119 3316/3994/2121 3127/3780/1929 3126/3779/1928
f 3014/3660/1824 3101/3754/1903 3317/3995/2122 3315/3992/2120
f 3315/3992/2120 3317/3995/2122 3318/3996/2123 3316/3993/2121
f 3316/3994/2121 3318/3997/2123 3100/3753/1902 3127/3780/1929
f 3101/3754/1903 3102/3755/1904 3319/3998/2124 3317/3995/2122
f 3317/3995/2122 3319/3998/2124 3320/3999/2125 3318/3996/2123
f 3318/3997/2123 3320/4000/2125 3022/3668/1831 3100/3753/1902
f 3102/3755/1904 3103/3756/1905 3321/4001/2126 3319/3998/2124
f 3319/3998/2124 3321/4001/2126 3322/4002/2127 3320/3999/2125
f 3320/4000/2125 3322/4003/2127 3023/3669/1832 3022/3668/1831
f 3103/3756/1905 3104/3757/1906 3302/3970/2103 3321/4001/2126
f 3321/4001/2126 3302/3970/2103 3304/3972/2105 3322/4002/2127
f 3322/4003/2127 3304/3973/2105 3118/3771/1920 3023/3669/1832
f 3255/3916/2047 3018/3664/1828 3323/4004/2128 3324/4005/2129
f 3324/4005/2130 3323/4004/2131 3325/4006/2132 3326/4007/2133
f 3326/4008/2134 3325/4009/2135 3289/3952/2081 3290/3953/2082
f 3018/3664/1828 3017/3663/1827 3327/4010/2136 3323/4004/2128
f 3323/4004/2131 3327/4010/2137 3328/4011/2137 3325/4006/2132
f 3325/4009/2135 3328/4012/2138 3288/3951/2080 3289/3952/2081
f 3017/3663/1827 3182/3837/1984 3329/4013/2139 3327/4010/2136
f 3327/4010/2137 3329/4013/2140 3330/4014/2141 3328/4011/2137
f 3328/4012/2138 3330/4015/2142 3287/3950/2079 3288/3951/2080
f 3182/3837/1984 3181/3836/1983 3331/4016/2143 3329/4013/2139
f 3329/4013/2140 3331/4016/2144 3332/4017/2145 3330/4014/2141
f 3330/4015/2142 3332/4018/2146 3286/3949/2078 3287/3950/2079
f 3263/3924/2055 3262/3923/2054 3333/4019/2147 3334/4020/2148
f 3334/4021/2148 3333/4022/2147 3335/4023/2149 3336/4024/2150
f 3336/4024/2150 3335/4023/2149 3132/3785/1934 3131/3784/1933
f 3262/3923/2054 3264/3925/2056 3337/4025/2151 3333/4019/2147
f 3333/4022/2147 3337/4026/2151 3338/4027/2152 3335/4023/2149
f 3335/4023/2149 3338/4027/2153 3249/3910/2041 3132/3785/1934
f 3264/3925/2056 3265/3926/2057 3339/4028/2154 3337/4025/2151
f 3337/4026/2151 3339/4029/2154 3340/4030/2155 3338/4027/2152
f 3338/4027/2153 3340/4030/2156 3243/3902/2035 3249/3910/2041
f 3265/3926/2057 3286/3949/2078 3332/4018/2146 3339/4028/2154
f 3339/4029/2154 3332/4031/2145 3331/4032/2144 3340/4030/2155
f 3340/4030/2156 3331/4032/2143 3181/3903/1983 3243/3902/2035
f 3290/3953/2082 3277/3938/2069 3341/4033/2157 3326/4008/2134
f 3326/4007/2133 3341/4034/2157 3342/4035/2158 3324/4005/2130
f 3324/4005/2129 3342/4035/2159 3245/3906/2037 3255/3916/2047
f 3277/3938/2069 3276/3937/2068 3343/4036/2160 3341/4033/2157
f 3341/4034/2157 3343/4037/2160 3344/4038/2161 3342/4035/2158
f 3342/4035/2159 3344/4038/2162 3246/3907/2038 3245/3906/2037
f 3276/3937/2068 3278/3939/2070 3345/4039/2163 3343/4036/2160
f 3343/4037/2160 3345/4040/2163 3346/4041/2164 3344/4038/2161
f 3344/4038/2162 3346/4041/2164 3189/3844/1990 3246/3907/2038
f 3278/3939/2070 3279/3940/2071 3347/4042/2165 3345/4039/2163
f 3345/4040/2163 3347/4043/2165 3348/4044/2166 3346/4041/2164
f 3346/4041/2164 3348/4044/2166 3190/3845/1991 3189/3844/1990
f 3279/3940/2071 3253/3914/2045 3349/4045/2167 3347/4042/2165
f 3347/4043/2165 3349/4046/2167 3350/4047/2168 3348/4044/2166
f 3348/4044/2166 3350/4047/2168 3252/3913/2044 3190/3845/1991
f 3253/3914/2045 3186/3841/1988 3351/4048/2169 3349/4045/2167
f 3349/4046/2167 3351/4049/2169 3352/4050/2170 3350/4047/2168
f 3350/4047/2168 3352/4050/2170 3251/3912/2043 3252/3913/2044
f 3186/3841/1988 3185/3840/1987 3353/4051/2171 3351/4048/2169
f 3351/4049/2169 3353/4052/2171 3354/4053/2172 3352/4050/2170
f 3352/4050/2170 3354/4053/2172 3250/3911/2042 3251/3912/2043
f 3185/3840/1987 3263/3924/2055 3334/4020/2148 3353/4051/2171
f 3353/4052/2171 3334/4021/2148 3336/4024/2150 3354/4053/2172
f 3354/4053/2172 3336/4024/2150 3131/3784/1933 3250/3911/2042
f 3011/3657/1821 3088/3741/1890 3091/3744/1893 3104/3757/1906
o Cube.005_Cube
v -0.190621 1.283684 0.818139
v -0.190622 1.283684 0.815887
v -0.191228 1.283684 0.816276
v -0.191227 1.283684 0.818463
v -0.190622 1.283684 0.815199
v -0.191228 1.283684 0.815609
v -0.191834 1.283684 0.816018
v -0.191834 1.283684 0.816665
v -0.191834 1.283684 0.818788
v -0.227050 1.283684 0.844341
v -0.210086 1.283684 0.844341
v -0.210263 1.283684 0.843930
v -0.227050 1.283684 0.843930
v -0.197478 1.283684 0.844329
v -0.197522 1.283684 0.843918
v -0.192895 1.283684 0.843519
v -0.209973 1.283684 0.843519
v -0.227050 1.283684 0.843519
v -0.190907 1.250265 0.844856
v -0.190909 1.266613 0.844856
v -0.208980 1.266613 0.844856
v -0.208979 1.250265 0.844856
v -0.190911 1.282961 0.844856
v -0.208981 1.282961 0.844856
v -0.227050 1.282961 0.844856
v -0.227050 1.266613 0.844856
v -0.227050 1.250265 0.844856
v -0.209312 1.286139 0.844370
v -0.227050 1.286139 0.844370
v -0.191574 1.286139 0.844370
v -0.190252 1.288595 0.845221
v -0.208651 1.288595 0.845221
v -0.227050 1.288595 0.845221
v -0.190513 1.286139 0.815856
v -0.190513 1.286139 0.818113
v -0.190513 1.286139 0.815167
v -0.189192 1.288595 0.814316
v -0.189192 1.288595 0.815046
v -0.189192 1.288595 0.817438
v -0.190616 1.283684 0.843653
v -0.191244 1.283684 0.843045
v -0.191301 1.283684 0.843225
v -0.190688 1.283684 0.843826
v -0.191834 1.283684 0.842828
v -0.191910 1.283684 0.842999
v -0.192017 1.283684 0.843158
v -0.191404 1.283684 0.843572
v -0.190791 1.283684 0.843987
v -0.191565 1.283684 0.843709
v -0.190951 1.283684 0.844124
v -0.192178 1.283684 0.843295
v -0.192388 1.283684 0.843400
v -0.191774 1.283684 0.843814
v -0.191160 1.283684 0.844228
v -0.192480 1.283684 0.843882
v -0.192132 1.283684 0.844295
v -0.192633 1.283684 0.843470
v -0.191311 1.286139 0.844320
v -0.189990 1.288595 0.845171
v -0.191067 1.286139 0.844251
v -0.189746 1.288595 0.845102
v -0.190857 1.286139 0.844146
v -0.189536 1.288595 0.844997
v -0.190696 1.286139 0.844009
v -0.189375 1.288595 0.844860
v -0.190589 1.286139 0.843850
v -0.189268 1.288595 0.844701
v -0.190513 1.286139 0.843679
v -0.189192 1.288595 0.844531
v -0.190648 1.266613 0.844806
v -0.190650 1.282961 0.844806
v -0.190647 1.250265 0.844807
v -0.190404 1.250265 0.844737
v -0.190405 1.266613 0.844737
v -0.190406 1.282961 0.844737
v -0.190197 1.266613 0.844633
v -0.190198 1.282961 0.844633
v -0.190196 1.250265 0.844633
v -0.190036 1.250265 0.844498
v -0.190037 1.266613 0.844497
v -0.190037 1.282961 0.844496
v -0.189930 1.266613 0.844339
v -0.189931 1.282961 0.844338
v -0.189930 1.250265 0.844340
v -0.189855 1.250265 0.844170
v -0.189855 1.266613 0.844169
v -0.189855 1.282961 0.844168
v -0.189855 1.250265 0.829573
v -0.189855 1.266613 0.829572
v -0.189855 1.266613 0.836815
v -0.189855 1.250265 0.836816
v -0.189855 1.282961 0.829572
v -0.189855 1.282961 0.836815
v -0.190473 1.283638 0.815161
v -0.190543 1.283645 0.814964
v -0.190678 1.283669 0.814951
v -0.190324 1.283575 0.815062
v -0.190458 1.283597 0.814867
v -0.190599 1.283564 0.814768
v -0.190185 1.283478 0.814975
v -0.190321 1.283522 0.814825
v -0.190090 1.283355 0.814906
v -0.190302 1.283451 0.814762
v -0.190006 1.283199 0.814849
v -0.190199 1.283321 0.814733
v -0.189855 1.282961 0.814681
v -0.190295 1.283308 0.814692
v -0.191949 1.283632 0.844421
v -0.190974 1.283632 0.844354
v -0.197322 1.283632 0.844456
v -0.197176 1.283559 0.844573
v -0.191778 1.283559 0.844538
v -0.190800 1.283559 0.844471
v -0.191632 1.283450 0.844639
v -0.190651 1.283450 0.844572
v -0.197051 1.283450 0.844674
v -0.196955 1.283307 0.844752
v -0.191520 1.283307 0.844716
v -0.190537 1.283307 0.844649
v -0.191321 1.283140 0.844768
v -0.190461 1.283140 0.844701
v -0.196397 1.283140 0.844805
v -0.190765 1.283632 0.844250
v -0.190605 1.283632 0.844113
v -0.190591 1.283559 0.844367
v -0.190431 1.283559 0.844230
v -0.190442 1.283450 0.844467
v -0.190282 1.283450 0.844331
v -0.190328 1.283307 0.844545
v -0.190167 1.283307 0.844408
v -0.190252 1.283140 0.844596
v -0.190091 1.283140 0.844460
v -0.190501 1.283632 0.843952
v -0.190427 1.283632 0.843780
v -0.190326 1.283559 0.844070
v -0.190252 1.283559 0.843899
v -0.190176 1.283450 0.844172
v -0.190102 1.283450 0.844001
v -0.190061 1.283307 0.844249
v -0.189986 1.283307 0.844079
v -0.189985 1.283140 0.844301
v -0.189909 1.283140 0.844131
v -0.190619 1.283684 0.829568
v -0.190617 1.283684 0.836557
v -0.190429 1.283632 0.836621
v -0.190430 1.283632 0.829569
v -0.190253 1.283559 0.836680
v -0.190254 1.283559 0.829570
v -0.190102 1.283450 0.836731
v -0.190103 1.283450 0.829571
v -0.189986 1.283307 0.836770
v -0.189987 1.283307 0.829571
v -0.189909 1.283140 0.836796
v -0.189910 1.283140 0.829572
v -0.209996 1.283632 0.844468
v -0.227050 1.283632 0.844468
v -0.227050 1.283559 0.844587
v -0.209912 1.283559 0.844586
v -0.209841 1.283450 0.844687
v -0.227050 1.283450 0.844689
v -0.227050 1.283307 0.844767
v -0.209785 1.283307 0.844765
v -0.209625 1.283140 0.844817
v -0.227050 1.283140 0.844819
v -0.189855 1.250265 0.814681
v -0.189946 1.250063 0.814822
v -0.190088 1.249978 0.814697
v -0.190167 1.250004 0.814662
v -0.189982 1.249909 0.814849
v -0.190144 1.249854 0.814702
v -0.190346 1.249750 0.814677
v -0.190013 1.249758 0.814874
v -0.190128 1.249754 0.814733
v -0.190065 1.249609 0.814903
v -0.190199 1.249654 0.814738
v -0.190112 1.249463 0.814931
v -0.190210 1.249537 0.814778
v -0.190127 1.249279 0.814862
v -0.190303 1.249510 0.814752
v -0.191179 1.249280 0.844675
v -0.190919 1.249280 0.844626
v -0.190852 1.249431 0.844671
v -0.191112 1.249431 0.844720
v -0.190676 1.249280 0.844557
v -0.190609 1.249432 0.844602
v -0.190546 1.249590 0.844643
v -0.190789 1.249590 0.844712
v -0.191049 1.249590 0.844761
v -0.190735 1.249761 0.844748
v -0.190996 1.249761 0.844797
v -0.190493 1.249761 0.844679
v -0.190451 1.249935 0.844706
v -0.190694 1.249935 0.844775
v -0.190954 1.249935 0.844825
v -0.190667 1.250102 0.844794
v -0.190927 1.250102 0.844843
v -0.190424 1.250102 0.844724
v -0.190468 1.249280 0.844453
v -0.190401 1.249432 0.844498
v -0.190308 1.249280 0.844317
v -0.190241 1.249431 0.844362
v -0.190178 1.249590 0.844403
v -0.190338 1.249591 0.844539
v -0.190284 1.249761 0.844575
v -0.190125 1.249761 0.844439
v -0.190083 1.249935 0.844467
v -0.190243 1.249935 0.844602
v -0.190216 1.250102 0.844620
v -0.190056 1.250102 0.844485
v -0.190202 1.249280 0.844159
v -0.190135 1.249431 0.844204
v -0.190127 1.249279 0.843989
v -0.190060 1.249431 0.844034
v -0.189997 1.249590 0.844076
v -0.190072 1.249590 0.844245
v -0.190018 1.249761 0.844281
v -0.189943 1.249761 0.844111
v -0.189902 1.249935 0.844139
v -0.189977 1.249935 0.844308
v -0.189950 1.250102 0.844327
v -0.189874 1.250102 0.844157
v -0.189874 1.250102 0.836810
v -0.189874 1.250102 0.829573
v -0.189902 1.249935 0.836801
v -0.189902 1.249935 0.829573
v -0.189943 1.249761 0.836787
v -0.189943 1.249761 0.829572
v -0.189997 1.249590 0.836769
v -0.189997 1.249590 0.829572
v -0.190060 1.249431 0.836748
v -0.190060 1.249431 0.829572
v -0.190127 1.249279 0.836726
v -0.190127 1.249279 0.829571
v -0.227050 1.249279 0.844675
v -0.209115 1.249279 0.844675
v -0.209081 1.249431 0.844720
v -0.227050 1.249431 0.844720
v -0.209050 1.249590 0.844761
v -0.227050 1.249590 0.844761
v -0.209023 1.249761 0.844797
v -0.227050 1.249761 0.844797
v -0.209002 1.249935 0.844825
v -0.227050 1.249935 0.844825
v -0.208988 1.250102 0.844843
v -0.227050 1.250102 0.844843
v -0.189997 1.249590 0.817803
v -0.189997 1.249590 0.822827
v -0.190060 1.249430 0.822846
v -0.190060 1.249430 0.817836
v -0.190127 1.249279 0.822866
v -0.190127 1.249279 0.817872
v -0.189902 1.249935 0.817753
v -0.189902 1.249935 0.822798
v -0.189943 1.249761 0.822811
v -0.189943 1.249761 0.817775
v -0.189855 1.250265 0.817728
v -0.189855 1.250265 0.822784
v -0.189874 1.250102 0.822790
v -0.189874 1.250102 0.817738
v -0.189987 1.283307 0.817799
v -0.189987 1.283307 0.822824
v -0.189910 1.283140 0.822800
v -0.189910 1.283140 0.817757
v -0.189855 1.282961 0.822784
v -0.189855 1.282961 0.817728
v -0.190255 1.283559 0.817943
v -0.190254 1.283559 0.822906
v -0.190103 1.283450 0.822860
v -0.190103 1.283450 0.817861
v -0.190620 1.283684 0.823018
v -0.190431 1.283632 0.822960
v -0.190432 1.283632 0.818037
v -0.189855 1.266613 0.817728
v -0.189855 1.266613 0.822784
v -0.191834 1.283684 0.836142
v -0.190513 1.286139 0.836569
v -0.191834 1.283684 0.829557
v -0.190513 1.286139 0.829566
v -0.189192 1.288595 0.829574
v -0.189192 1.288595 0.836996
v -0.191227 1.283684 0.836163
v -0.191226 1.283684 0.829563
v -0.189855 1.266613 0.814681
v -0.189855 1.266613 0.815394
v -0.189855 1.250265 0.815394
v -0.189855 1.282961 0.815394
v -0.190437 1.283633 0.815775
v -0.190264 1.283561 0.815665
v -0.190114 1.283453 0.815569
v -0.190000 1.283313 0.815496
v -0.189920 1.283146 0.815444
v -0.189882 1.250098 0.815421
v -0.189912 1.249931 0.815440
v -0.189952 1.249760 0.815466
v -0.190006 1.249592 0.815500
v -0.190066 1.249434 0.815536
v -0.190127 1.249279 0.815566
v -0.191834 1.283684 0.823385
v -0.190513 1.286139 0.823002
v -0.189192 1.288595 0.822619
v -0.191227 1.283684 0.823201
v -0.263479 1.283684 0.818139
v -0.262873 1.283684 0.818463
v -0.262872 1.283684 0.816276
v -0.263478 1.283684 0.815887
v -0.262872 1.283684 0.815609
v -0.263478 1.283684 0.815199
v -0.262266 1.283684 0.816665
v -0.262266 1.283684 0.816018
v -0.262266 1.283684 0.818788
v -0.243837 1.283684 0.843930
v -0.244014 1.283684 0.844341
v -0.256578 1.283684 0.843918
v -0.256622 1.283684 0.844329
v -0.244127 1.283684 0.843519
v -0.261205 1.283684 0.843519
v -0.263193 1.250265 0.844856
v -0.245121 1.250265 0.844856
v -0.245120 1.266613 0.844856
v -0.263191 1.266613 0.844856
v -0.245119 1.282961 0.844856
v -0.263189 1.282961 0.844856
v -0.244788 1.286139 0.844370
v -0.262526 1.286139 0.844370
v -0.245449 1.288595 0.845221
v -0.263848 1.288595 0.845221
v -0.263587 1.286139 0.818113
v -0.263587 1.286139 0.815856
v -0.263587 1.286139 0.815167
v -0.264908 1.288595 0.815046
v -0.264908 1.288595 0.814316
v -0.264908 1.288595 0.817438
v -0.263484 1.283684 0.843653
v -0.263412 1.283684 0.843826
v -0.262799 1.283684 0.843225
v -0.262856 1.283684 0.843045
v -0.262190 1.283684 0.842999
v -0.262266 1.283684 0.842828
v -0.262696 1.283684 0.843572
v -0.262083 1.283684 0.843158
v -0.263309 1.283684 0.843987
v -0.263149 1.283684 0.844124
v -0.262535 1.283684 0.843709
v -0.261922 1.283684 0.843295
v -0.262326 1.283684 0.843814
v -0.261712 1.283684 0.843400
v -0.262940 1.283684 0.844228
v -0.261968 1.283684 0.844295
v -0.261620 1.283684 0.843882
v -0.261467 1.283684 0.843470
v -0.264110 1.288595 0.845171
v -0.262789 1.286139 0.844320
v -0.263033 1.286139 0.844251
v -0.264354 1.288595 0.845102
v -0.264564 1.288595 0.844997
v -0.263243 1.286139 0.844146
v -0.263404 1.286139 0.844009
v -0.264725 1.288595 0.844860
v -0.264832 1.288595 0.844701
v -0.263511 1.286139 0.843850
v -0.263587 1.286139 0.843679
v -0.264908 1.288595 0.844531
v -0.263450 1.282961 0.844806
v -0.263451 1.266613 0.844806
v -0.263453 1.250265 0.844807
v -0.263695 1.266613 0.844737
v -0.263696 1.250265 0.844737
v -0.263694 1.282961 0.844737
v -0.263902 1.282961 0.844633
v -0.263903 1.266613 0.844633
v -0.263904 1.250265 0.844633
v -0.264063 1.266613 0.844497
v -0.264064 1.250265 0.844498
v -0.264063 1.282961 0.844496
v -0.264169 1.282961 0.844338
v -0.264170 1.266613 0.844339
v -0.264170 1.250265 0.844340
v -0.264245 1.266613 0.844169
v -0.264245 1.250265 0.844170
v -0.264245 1.282961 0.844168
v -0.264245 1.250265 0.829573
v -0.264245 1.250265 0.836816
v -0.264245 1.266613 0.836815
v -0.264245 1.266613 0.829572
v -0.264245 1.282961 0.836815
v -0.264245 1.282961 0.829572
v -0.263422 1.283669 0.814951
v -0.263557 1.283645 0.814964
v -0.263627 1.283638 0.815161
v -0.263776 1.283575 0.815062
v -0.263642 1.283597 0.814867
v -0.263501 1.283564 0.814768
v -0.263779 1.283522 0.814825
v -0.263915 1.283478 0.814975
v -0.264010 1.283355 0.814906
v -0.263798 1.283451 0.814762
v -0.263901 1.283321 0.814733
v -0.264094 1.283199 0.814849
v -0.264245 1.282961 0.814681
v -0.263805 1.283308 0.814692
v -0.263126 1.283632 0.844354
v -0.262151 1.283632 0.844421
v -0.256778 1.283632 0.844456
v -0.262322 1.283559 0.844538
v -0.256924 1.283559 0.844573
v -0.263300 1.283559 0.844471
v -0.263449 1.283450 0.844572
v -0.262468 1.283450 0.844639
v -0.257049 1.283450 0.844674
v -0.262580 1.283307 0.844716
v -0.257145 1.283307 0.844752
v -0.263563 1.283307 0.844649
v -0.263639 1.283140 0.844701
v -0.262779 1.283140 0.844768
v -0.257703 1.283140 0.844805
v -0.263495 1.283632 0.844113
v -0.263335 1.283632 0.844250
v -0.263509 1.283559 0.844367
v -0.263669 1.283559 0.844230
v -0.263818 1.283450 0.844331
v -0.263658 1.283450 0.844467
v -0.263772 1.283307 0.844545
v -0.263933 1.283307 0.844408
v -0.264009 1.283140 0.844460
v -0.263848 1.283140 0.844596
v -0.263673 1.283632 0.843780
v -0.263599 1.283632 0.843952
v -0.263774 1.283559 0.844070
v -0.263848 1.283559 0.843899
v -0.263998 1.283450 0.844001
v -0.263924 1.283450 0.844172
v -0.264039 1.283307 0.844249
v -0.264114 1.283307 0.844079
v -0.264191 1.283140 0.844131
v -0.264115 1.283140 0.844301
v -0.263481 1.283684 0.829568
v -0.263670 1.283632 0.829569
v -0.263671 1.283632 0.836621
v -0.263483 1.283684 0.836557
v -0.263847 1.283559 0.836680
v -0.263846 1.283559 0.829570
v -0.263997 1.283450 0.829571
v -0.263998 1.283450 0.836731
v -0.264114 1.283307 0.836770
v -0.264113 1.283307 0.829571
v -0.264190 1.283140 0.829572
v -0.264191 1.283140 0.836796
v -0.244104 1.283632 0.844468
v -0.244188 1.283559 0.844586
v -0.244259 1.283450 0.844687
v -0.244315 1.283307 0.844765
v -0.244475 1.283140 0.844817
v -0.264245 1.250265 0.814681
v -0.263933 1.250004 0.814662
v -0.264012 1.249978 0.814697
v -0.264154 1.250063 0.814822
v -0.264118 1.249909 0.814849
v -0.263956 1.249854 0.814702
v -0.263754 1.249750 0.814677
v -0.263972 1.249754 0.814733
v -0.264087 1.249758 0.814874
v -0.264035 1.249609 0.814903
v -0.263901 1.249654 0.814738
v -0.263890 1.249537 0.814778
v -0.263988 1.249463 0.814931
v -0.263973 1.249279 0.814862
v -0.263797 1.249510 0.814752
v -0.262921 1.249280 0.844675
v -0.262988 1.249431 0.844720
v -0.263248 1.249431 0.844671
v -0.263181 1.249280 0.844626
v -0.263491 1.249432 0.844602
v -0.263424 1.249280 0.844557
v -0.263311 1.249590 0.844712
v -0.263554 1.249590 0.844643
v -0.263051 1.249590 0.844761
v -0.263104 1.249761 0.844797
v -0.263365 1.249761 0.844748
v -0.263607 1.249761 0.844679
v -0.263406 1.249935 0.844775
v -0.263649 1.249935 0.844706
v -0.263146 1.249935 0.844825
v -0.263173 1.250102 0.844843
v -0.263433 1.250102 0.844794
v -0.263676 1.250102 0.844724
v -0.263699 1.249432 0.844498
v -0.263632 1.249280 0.844453
v -0.263859 1.249431 0.844362
v -0.263792 1.249280 0.844317
v -0.263762 1.249591 0.844539
v -0.263922 1.249590 0.844403
v -0.263816 1.249761 0.844575
v -0.263975 1.249761 0.844439
v -0.263857 1.249935 0.844602
v -0.264017 1.249935 0.844467
v -0.263884 1.250102 0.844620
v -0.264044 1.250102 0.844485
v -0.263965 1.249431 0.844204
v -0.263898 1.249280 0.844159
v -0.264040 1.249431 0.844034
v -0.263973 1.249279 0.843989
v -0.264028 1.249590 0.844245
v -0.264103 1.249590 0.844076
v -0.264081 1.249761 0.844281
v -0.264157 1.249761 0.844111
v -0.264123 1.249935 0.844308
v -0.264198 1.249935 0.844139
v -0.264150 1.250102 0.844327
v -0.264226 1.250102 0.844157
v -0.264226 1.250102 0.829573
v -0.264226 1.250102 0.836810
v -0.264198 1.249935 0.836801
v -0.264198 1.249935 0.829573
v -0.264157 1.249761 0.829572
v -0.264157 1.249761 0.836787
v -0.264103 1.249590 0.836769
v -0.264103 1.249590 0.829572
v -0.264040 1.249431 0.829572
v -0.264040 1.249431 0.836748
v -0.263973 1.249279 0.836726
v -0.263973 1.249279 0.829571
v -0.245019 1.249431 0.844720
v -0.244985 1.249279 0.844675
v -0.245050 1.249590 0.844761
v -0.245077 1.249761 0.844797
v -0.245098 1.249935 0.844825
v -0.245112 1.250102 0.844843
v -0.264103 1.249590 0.817803
v -0.264040 1.249430 0.817836
v -0.264040 1.249430 0.822846
v -0.264103 1.249590 0.822827
v -0.263973 1.249279 0.822866
v -0.263973 1.249279 0.817872
v -0.264198 1.249935 0.817753
v -0.264157 1.249761 0.817775
v -0.264157 1.249761 0.822811
v -0.264198 1.249935 0.822798
v -0.264245 1.250265 0.817728
v -0.264226 1.250102 0.817738
v -0.264226 1.250102 0.822790
v -0.264245 1.250265 0.822784
v -0.264113 1.283307 0.817799
v -0.264190 1.283140 0.817757
v -0.264190 1.283140 0.822800
v -0.264113 1.283307 0.822824
v -0.264245 1.282961 0.822784
v -0.264245 1.282961 0.817728
v -0.263845 1.283559 0.817943
v -0.263997 1.283450 0.817861
v -0.263997 1.283450 0.822860
v -0.263846 1.283559 0.822906
v -0.263668 1.283632 0.818037
v -0.263669 1.283632 0.822960
v -0.263480 1.283684 0.823018
v -0.264245 1.266613 0.822784
v -0.264245 1.266613 0.817728
v -0.263587 1.286139 0.836569
v -0.262266 1.283684 0.836142
v -0.263587 1.286139 0.829566
v -0.262266 1.283684 0.829557
v -0.264908 1.288595 0.836996
v -0.264908 1.288595 0.829574
v -0.262873 1.283684 0.836163
v -0.262874 1.283684 0.829563
v -0.264245 1.250265 0.815394
v -0.264245 1.266613 0.815394
v -0.264245 1.266613 0.814681
v -0.264245 1.282961 0.815394
v -0.263663 1.283633 0.815775
v -0.263836 1.283561 0.815665
v -0.263986 1.283453 0.815569
v -0.264100 1.283313 0.815496
v -0.264180 1.283146 0.815444
v -0.264218 1.250098 0.815421
v -0.264188 1.249931 0.815440
v -0.264148 1.249760 0.815466
v -0.264094 1.249592 0.815500
v -0.264034 1.249434 0.815536
v -0.263973 1.249279 0.815566
v -0.263587 1.286139 0.823002
v -0.262266 1.283684 0.823385
v -0.264908 1.288595 0.822619
v -0.262873 1.283684 0.823201
v -0.191613 1.246767 0.836242
v -0.191613 1.246767 0.829653
v -0.191613 1.246767 0.843002
v -0.193099 1.244255 0.842014
v -0.193099 1.244255 0.835758
v -0.193099 1.244255 0.829734
v -0.193281 1.244255 0.842342
v -0.195975 1.240965 0.840435
v -0.195868 1.240966 0.840277
v -0.193175 1.244255 0.842184
v -0.198669 1.237675 0.838528
v -0.198562 1.237677 0.838371
v -0.198484 1.237679 0.838202
v -0.195792 1.240967 0.840108
v -0.192666 1.246767 0.843688
v -0.192405 1.246767 0.843639
v -0.194153 1.244255 0.842701
v -0.193892 1.244255 0.842652
v -0.193649 1.244255 0.842583
v -0.192163 1.246768 0.843570
v -0.209858 1.246767 0.843688
v -0.227050 1.246767 0.843688
v -0.227050 1.244255 0.842701
v -0.210601 1.244255 0.842701
v -0.211949 1.240964 0.840794
v -0.196848 1.240964 0.840794
v -0.227050 1.240964 0.840794
v -0.227050 1.237673 0.838886
v -0.213297 1.237673 0.838886
v -0.199543 1.237673 0.838886
v -0.195791 1.240968 0.834402
v -0.195791 1.240968 0.828933
v -0.198483 1.237680 0.833045
v -0.198482 1.237682 0.828132
v -0.191954 1.246768 0.843466
v -0.193441 1.244255 0.842478
v -0.191794 1.246767 0.843330
v -0.191688 1.246767 0.843172
v -0.196344 1.240964 0.840675
v -0.196136 1.240964 0.840571
v -0.199040 1.237673 0.838768
v -0.198830 1.237674 0.838664
v -0.196587 1.240964 0.840744
v -0.199283 1.237673 0.838837
v -0.198761 1.237496 0.836424
v -0.198741 1.237496 0.832771
v -0.198607 1.237585 0.832836
v -0.198626 1.237584 0.836614
v -0.198738 1.237497 0.828112
v -0.198604 1.237586 0.828120
v -0.205986 1.237380 0.818023
v -0.213909 1.237367 0.817866
v -0.213629 1.237412 0.817598
v -0.203975 1.237420 0.817882
v -0.227050 1.237359 0.817778
v -0.227050 1.237401 0.817531
v -0.227050 1.237464 0.817414
v -0.213483 1.237480 0.817493
v -0.203456 1.237493 0.817802
v -0.213220 1.237562 0.817422
v -0.202947 1.237581 0.817728
v -0.226455 1.237536 0.817338
v -0.222363 1.237602 0.817307
v -0.212170 1.237649 0.817340
v -0.198480 1.237684 0.817410
v -0.207831 1.237369 0.838161
v -0.204619 1.237369 0.837980
v -0.200667 1.237419 0.838508
v -0.204689 1.237419 0.838557
v -0.204025 1.237369 0.837764
v -0.199921 1.237419 0.838431
v -0.199242 1.237493 0.838606
v -0.200024 1.237493 0.838667
v -0.204181 1.237493 0.838700
v -0.199840 1.237580 0.838755
v -0.203737 1.237580 0.838791
v -0.199139 1.237580 0.838690
v -0.203890 1.237369 0.837524
v -0.199751 1.237419 0.838325
v -0.203789 1.237369 0.837263
v -0.199621 1.237420 0.838192
v -0.198907 1.237494 0.838389
v -0.199052 1.237493 0.838512
v -0.198938 1.237580 0.838590
v -0.198783 1.237581 0.838459
v -0.203722 1.237369 0.836811
v -0.199536 1.237420 0.837835
v -0.203684 1.237370 0.835317
v -0.199489 1.237421 0.836250
v -0.198812 1.237495 0.838036
v -0.198682 1.237583 0.838133
v -0.203668 1.237370 0.820469
v -0.204065 1.237372 0.818667
v -0.200032 1.237422 0.818668
v -0.199468 1.237422 0.820510
v -0.199327 1.237498 0.818631
v -0.198737 1.237498 0.820495
v -0.199096 1.237587 0.818588
v -0.198603 1.237588 0.820471
v -0.198480 1.237684 0.818523
v -0.198480 1.237684 0.820446
v -0.227050 1.237369 0.838190
v -0.215636 1.237369 0.838264
v -0.214177 1.237419 0.838581
v -0.227050 1.237419 0.838573
v -0.213937 1.237493 0.838713
v -0.227050 1.237493 0.838714
v -0.213805 1.237580 0.838803
v -0.227050 1.237580 0.838804
v -0.203670 1.237370 0.832105
v -0.199471 1.237421 0.832670
v -0.203668 1.237370 0.827903
v -0.199468 1.237422 0.828084
v -0.193099 1.244255 0.819941
v -0.193099 1.244255 0.824253
v -0.195790 1.240969 0.824007
v -0.195790 1.240969 0.820193
v -0.198481 1.237683 0.823761
v -0.191613 1.246767 0.823560
v -0.191613 1.246767 0.818906
v -0.191613 1.246767 0.816397
v -0.191613 1.246767 0.815157
v -0.193099 1.244255 0.817227
v -0.193099 1.244255 0.815451
v -0.195790 1.240969 0.817875
v -0.195790 1.240969 0.816431
v -0.198737 1.237498 0.823781
v -0.198603 1.237587 0.823770
v -0.203668 1.237370 0.823742
v -0.199468 1.237422 0.823784
v -0.213703 1.237349 0.818553
v -0.227050 1.237342 0.818399
v -0.213631 1.237347 0.820337
v -0.227050 1.237340 0.820149
v -0.213631 1.237347 0.823620
v -0.213631 1.237347 0.827462
v -0.227050 1.237342 0.826864
v -0.227050 1.237341 0.823451
v -0.227050 1.237343 0.830147
v -0.227050 1.237343 0.828953
v -0.213632 1.237348 0.830763
v -0.213640 1.237348 0.833113
v -0.213660 1.237348 0.834413
v -0.213698 1.237348 0.835115
v -0.227050 1.237344 0.832235
v -0.227050 1.237343 0.831191
v -0.213753 1.237348 0.835707
v -0.213827 1.237348 0.836287
v -0.227050 1.237345 0.834324
v -0.227050 1.237344 0.833280
v -0.214117 1.237348 0.836850
v -0.215619 1.237348 0.837371
v -0.227050 1.237345 0.836413
v -0.227050 1.237345 0.835368
v -0.227050 1.237349 0.837418
v -0.218613 1.237350 0.837753
v -0.262487 1.246767 0.829653
v -0.262487 1.246767 0.836242
v -0.262487 1.246767 0.843002
v -0.261001 1.244255 0.835758
v -0.261001 1.244255 0.842014
v -0.261001 1.244255 0.829734
v -0.260819 1.244255 0.842342
v -0.260925 1.244255 0.842184
v -0.258232 1.240966 0.840277
v -0.258125 1.240965 0.840435
v -0.255538 1.237677 0.838371
v -0.255431 1.237675 0.838528
v -0.258308 1.240967 0.840108
v -0.255616 1.237679 0.838202
v -0.261695 1.246767 0.843639
v -0.261434 1.246767 0.843688
v -0.260208 1.244255 0.842652
v -0.259947 1.244255 0.842701
v -0.261937 1.246768 0.843570
v -0.260451 1.244255 0.842583
v -0.244242 1.246767 0.843688
v -0.243499 1.244255 0.842701
v -0.257252 1.240964 0.840794
v -0.242151 1.240964 0.840794
v -0.240803 1.237673 0.838886
v -0.254557 1.237673 0.838886
v -0.258309 1.240968 0.828933
v -0.258309 1.240968 0.834402
v -0.255617 1.237680 0.833045
v -0.255618 1.237682 0.828132
v -0.262146 1.246768 0.843466
v -0.260659 1.244255 0.842478
v -0.262305 1.246767 0.843330
v -0.262412 1.246767 0.843172
v -0.257964 1.240964 0.840571
v -0.257756 1.240964 0.840675
v -0.255269 1.237674 0.838664
v -0.255060 1.237673 0.838768
v -0.257513 1.240964 0.840744
v -0.254817 1.237673 0.838837
v -0.255339 1.237496 0.836424
v -0.255474 1.237584 0.836614
v -0.255493 1.237585 0.832836
v -0.255359 1.237496 0.832771
v -0.255496 1.237586 0.828120
v -0.255362 1.237497 0.828112
v -0.248114 1.237380 0.818023
v -0.250125 1.237420 0.817882
v -0.240471 1.237412 0.817598
v -0.240191 1.237367 0.817866
v -0.240617 1.237480 0.817493
v -0.250644 1.237493 0.817802
v -0.251153 1.237581 0.817728
v -0.240880 1.237562 0.817422
v -0.227645 1.237536 0.817338
v -0.241930 1.237649 0.817340
v -0.231737 1.237602 0.817307
v -0.255620 1.237684 0.817410
v -0.246269 1.237369 0.838161
v -0.249411 1.237419 0.838557
v -0.253433 1.237419 0.838508
v -0.249481 1.237369 0.837980
v -0.254179 1.237419 0.838431
v -0.250075 1.237369 0.837764
v -0.254076 1.237493 0.838667
v -0.254858 1.237493 0.838606
v -0.249919 1.237493 0.838700
v -0.250363 1.237580 0.838791
v -0.254260 1.237580 0.838755
v -0.254961 1.237580 0.838690
v -0.254349 1.237419 0.838325
v -0.250210 1.237369 0.837524
v -0.254479 1.237420 0.838192
v -0.250311 1.237369 0.837263
v -0.255048 1.237493 0.838512
v -0.255193 1.237494 0.838389
v -0.255162 1.237580 0.838590
v -0.255317 1.237581 0.838459
v -0.254564 1.237420 0.837835
v -0.250378 1.237369 0.836811
v -0.254611 1.237421 0.836250
v -0.250416 1.237370 0.835317
v -0.255288 1.237495 0.838036
v -0.255418 1.237583 0.838133
v -0.250432 1.237370 0.820469
v -0.254632 1.237422 0.820510
v -0.254068 1.237422 0.818668
v -0.250035 1.237372 0.818667
v -0.254773 1.237498 0.818631
v -0.255363 1.237498 0.820495
v -0.255497 1.237588 0.820471
v -0.255004 1.237587 0.818588
v -0.255620 1.237684 0.818523
v -0.255620 1.237684 0.820446
v -0.239923 1.237419 0.838581
v -0.238464 1.237369 0.838264
v -0.240163 1.237493 0.838713
v -0.240295 1.237580 0.838803
v -0.254629 1.237421 0.832670
v -0.250430 1.237370 0.832105
v -0.254632 1.237422 0.828084
v -0.250432 1.237370 0.827903
v -0.261001 1.244255 0.819941
v -0.258310 1.240969 0.820193
v -0.258310 1.240969 0.824007
v -0.261001 1.244255 0.824253
v -0.255619 1.237683 0.823761
v -0.262487 1.246767 0.818906
v -0.262487 1.246767 0.823560
v -0.262487 1.246767 0.815157
v -0.262487 1.246767 0.816397
v -0.261001 1.244255 0.817227
v -0.261001 1.244255 0.815451
v -0.258310 1.240969 0.816431
v -0.258310 1.240969 0.817875
v -0.255497 1.237587 0.823770
v -0.255363 1.237498 0.823781
v -0.254632 1.237422 0.823784
v -0.250432 1.237370 0.823742
v -0.240397 1.237349 0.818553
v -0.240469 1.237347 0.820337
v -0.240469 1.237347 0.823620
v -0.240469 1.237347 0.827462
v -0.240460 1.237348 0.833113
v -0.240468 1.237348 0.830763
v -0.240440 1.237348 0.834413
v -0.240402 1.237348 0.835115
v -0.240346 1.237348 0.835707
v -0.240272 1.237348 0.836287
v -0.239983 1.237348 0.836850
v -0.238481 1.237348 0.837371
v -0.235487 1.237350 0.837753
vt 0.379297 0.635574
vt 0.379404 0.652642
vt 0.374775 0.649754
vt 0.374684 0.633128
vt 0.379566 0.657884
vt 0.374837 0.654851
vt 0.370172 0.651765
vt 0.370143 0.646825
vt 0.370068 0.630677
vt 0.048486 0.282036
vt 0.050258 0.393175
vt 0.047337 0.392056
vt 0.045797 0.282036
vt 0.056594 0.491008
vt 0.053029 0.490886
vt 0.052076 0.536795
vt 0.044523 0.394203
vt 0.043106 0.282036
vt 0.314548 0.542379
vt 0.185813 0.551198
vt 0.185580 0.412311
vt 0.309444 0.415181
vt 0.069796 0.552092
vt 0.061590 0.404895
vt 0.060350 0.282036
vt 0.185810 0.282036
vt 0.308055 0.282036
vt 0.026785 0.399039
vt 0.026073 0.282036
vt 0.024449 0.540779
vt 0.000997 0.545503
vt 0.008422 0.403431
vt 0.008974 0.282036
vt 0.348919 0.653086
vt 0.348863 0.635882
vt 0.348938 0.658338
vt 0.327695 0.664891
vt 0.327678 0.659325
vt 0.327625 0.641081
vt 0.058184 0.557027
vt 0.052269 0.553483
vt 0.053431 0.552557
vt 0.059417 0.556077
vt 0.048816 0.550348
vt 0.049295 0.548709
vt 0.049888 0.546793
vt 0.055764 0.550848
vt 0.060456 0.554863
vt 0.056458 0.549166
vt 0.061177 0.553269
vt 0.050493 0.544601
vt 0.051035 0.542126
vt 0.056836 0.547108
vt 0.061574 0.551360
vt 0.055999 0.540492
vt 0.060488 0.542996
vt 0.051643 0.539437
vt 0.023891 0.543029
vt 0.000541 0.547596
vt 0.023431 0.545140
vt 0.000178 0.549600
vt 0.023165 0.547080
vt 0.000000 0.551469
vt 0.023127 0.548819
vt 0.000042 0.553158
vt 0.023313 0.550390
vt 0.000304 0.554669
vt 0.023626 0.551890
vt 0.000694 0.556112
vt 0.185895 0.553331
vt 0.069818 0.554077
vt 0.314854 0.545049
vt 0.314952 0.547599
vt 0.185975 0.555472
vt 0.069881 0.556010
vt 0.186053 0.557620
vt 0.069876 0.557877
vt 0.314979 0.550019
vt 0.315030 0.552298
vt 0.186129 0.559774
vt 0.069763 0.559695
vt 0.186202 0.561925
vt 0.069473 0.561563
vt 0.315161 0.554466
vt 0.315363 0.556657
vt 0.186258 0.564073
vt 0.069012 0.563585
vt 0.637095 0.549474
vt 0.512427 0.549062
vt 0.512567 0.493837
vt 0.637217 0.494188
vt 0.387869 0.548644
vt 0.387952 0.493511
vt 0.388044 0.437514
vt 0.512699 0.437770
vt 0.637347 0.438071
vt 0.380782 0.658075
vt 0.380437 0.659605
vt 0.379410 0.659878
vt 0.382018 0.658693
vt 0.381249 0.660207
vt 0.380486 0.661292
vt 0.383254 0.659250
vt 0.382355 0.660326
vt 0.384335 0.659777
vt 0.382759 0.660861
vt 0.385616 0.660380
vt 0.383889 0.661147
vt 0.387699 0.661729
vt 0.383482 0.661814
vt 0.061939 0.544447
vt 0.062988 0.552610
vt 0.058188 0.492585
vt 0.059790 0.494056
vt 0.063348 0.545750
vt 0.064347 0.553722
vt 0.064789 0.546819
vt 0.065694 0.554632
vt 0.061449 0.495277
vt 0.063168 0.496162
vt 0.066284 0.547595
vt 0.067052 0.555305
vt 0.067899 0.549078
vt 0.068435 0.555730
vt 0.065217 0.501608
vt 0.062632 0.554468
vt 0.061960 0.556068
vt 0.064059 0.555540
vt 0.063471 0.557163
vt 0.065477 0.556432
vt 0.064994 0.558091
vt 0.066902 0.557113
vt 0.066530 0.558822
vt 0.068356 0.557576
vt 0.068101 0.559351
vt 0.060945 0.557343
vt 0.059674 0.558399
vt 0.062525 0.558531
vt 0.061278 0.559747
vt 0.064160 0.559572
vt 0.063004 0.560991
vt 0.065843 0.560428
vt 0.064847 0.562070
vt 0.067592 0.561095
vt 0.066822 0.562953
vt 0.379285 0.548663
vt 0.379370 0.495458
vt 0.380859 0.494976
vt 0.380776 0.548657
vt 0.379467 0.441424
vt 0.380954 0.440456
vt 0.382402 0.439554
vt 0.382308 0.494526
vt 0.382226 0.548652
vt 0.383729 0.494141
vt 0.383648 0.548648
vt 0.383822 0.438781
vt 0.385223 0.438187
vt 0.385131 0.493845
vt 0.385049 0.548645
vt 0.386528 0.493649
vt 0.386446 0.548644
vt 0.386620 0.437794
vt 0.052097 0.394288
vt 0.050422 0.282036
vt 0.052376 0.282036
vt 0.053941 0.395318
vt 0.055787 0.396135
vt 0.054347 0.282036
vt 0.056332 0.282036
vt 0.057634 0.396702
vt 0.059518 0.398336
vt 0.058327 0.282036
vt 0.636964 0.663269
vt 0.638754 0.662355
vt 0.639842 0.663517
vt 0.639848 0.664174
vt 0.640015 0.662067
vt 0.640835 0.663557
vt 0.642103 0.664674
vt 0.641188 0.661838
vt 0.641494 0.663134
vt 0.642430 0.661666
vt 0.642373 0.663327
vt 0.643689 0.661524
vt 0.643228 0.662997
vt 0.645194 0.661862
vt 0.643662 0.663593
vt 0.326604 0.538751
vt 0.326558 0.542229
vt 0.324515 0.542889
vt 0.324516 0.539584
vt 0.326450 0.545375
vt 0.324458 0.545913
vt 0.322476 0.546417
vt 0.322491 0.543505
vt 0.322450 0.540345
vt 0.320440 0.544041
vt 0.320372 0.540998
vt 0.320462 0.546856
vt 0.318504 0.547201
vt 0.318446 0.544472
vt 0.318334 0.541527
vt 0.316594 0.544791
vt 0.316395 0.541955
vt 0.316680 0.547437
vt 0.326456 0.548179
vt 0.324489 0.548626
vt 0.326643 0.550658
vt 0.324675 0.551036
vt 0.322702 0.551397
vt 0.322525 0.549046
vt 0.320525 0.549415
vt 0.320687 0.551724
vt 0.318707 0.551990
vt 0.318571 0.549705
vt 0.316738 0.549900
vt 0.316839 0.552178
vt 0.327038 0.552871
vt 0.325054 0.553207
vt 0.327559 0.554994
vt 0.325563 0.555314
vt 0.323519 0.555634
vt 0.323050 0.553535
vt 0.320989 0.553844
vt 0.321401 0.555946
vt 0.319304 0.556225
vt 0.318957 0.554108
vt 0.317032 0.554316
vt 0.317313 0.556461
vt 0.638470 0.494240
vt 0.638349 0.549477
vt 0.638600 0.438173
vt 0.639896 0.438315
vt 0.639766 0.494313
vt 0.639646 0.549481
vt 0.641131 0.494421
vt 0.641011 0.549486
vt 0.641259 0.438528
vt 0.642626 0.438804
vt 0.642498 0.494561
vt 0.642379 0.549491
vt 0.643803 0.494723
vt 0.643685 0.549496
vt 0.643930 0.439125
vt 0.645194 0.439469
vt 0.645068 0.494897
vt 0.644952 0.549502
vt 0.321861 0.282036
vt 0.322909 0.413014
vt 0.320687 0.413539
vt 0.319574 0.282036
vt 0.318456 0.414019
vt 0.317284 0.282036
vt 0.316213 0.414420
vt 0.314986 0.282036
vt 0.313963 0.414741
vt 0.312681 0.282036
vt 0.311705 0.414984
vt 0.310370 0.282036
vt 0.642317 0.639361
vt 0.642303 0.600994
vt 0.643610 0.600851
vt 0.643622 0.639106
vt 0.644877 0.600698
vt 0.644888 0.638833
vt 0.639582 0.639750
vt 0.639568 0.601210
vt 0.640934 0.601116
vt 0.640948 0.639581
vt 0.637028 0.639946
vt 0.637016 0.601316
vt 0.638270 0.601272
vt 0.638283 0.639864
vt 0.385068 0.638136
vt 0.385016 0.599969
vt 0.386413 0.600148
vt 0.386462 0.638448
vt 0.387834 0.600276
vt 0.387880 0.638670
vt 0.382244 0.637054
vt 0.382193 0.599348
vt 0.383615 0.599699
vt 0.383667 0.637666
vt 0.379250 0.598499
vt 0.380742 0.598938
vt 0.380791 0.636340
vt 0.512115 0.639377
vt 0.512272 0.600824
vt 0.370181 0.447689
vt 0.370102 0.498603
vt 0.348875 0.495323
vt 0.348957 0.441172
vt 0.370038 0.548741
vt 0.348809 0.548657
vt 0.327571 0.548574
vt 0.327646 0.492043
vt 0.327734 0.434657
vt 0.374719 0.498455
vt 0.374674 0.446043
vt 0.374662 0.548702
vt 0.511988 0.662582
vt 0.512021 0.657157
vt 0.637105 0.657794
vt 0.387885 0.656297
vt 0.380869 0.653451
vt 0.382294 0.654249
vt 0.383689 0.654935
vt 0.385043 0.655478
vt 0.386426 0.655888
vt 0.638387 0.657591
vt 0.639692 0.657429
vt 0.641052 0.657220
vt 0.642413 0.656954
vt 0.643692 0.656662
vt 0.644946 0.656417
vt 0.370018 0.595713
vt 0.348798 0.598644
vt 0.327559 0.601579
vt 0.374634 0.597106
vt 0.061663 0.593390
vt 0.057050 0.595836
vt 0.057141 0.579210
vt 0.061770 0.576323
vt 0.057203 0.574113
vt 0.061933 0.571081
vt 0.052509 0.582139
vt 0.052539 0.577200
vt 0.052434 0.598287
vt 0.047337 0.172016
vt 0.050258 0.170898
vt 0.053029 0.073187
vt 0.056594 0.073065
vt 0.044523 0.169870
vt 0.052076 0.027279
vt 0.314548 0.021694
vt 0.309444 0.148892
vt 0.185580 0.151762
vt 0.185813 0.012875
vt 0.061590 0.159178
vt 0.069797 0.011981
vt 0.026786 0.165034
vt 0.024449 0.023294
vt 0.008423 0.160642
vt 0.000998 0.018570
vt 0.031229 0.593082
vt 0.031285 0.575878
vt 0.031304 0.570626
vt 0.010045 0.569639
vt 0.010062 0.564073
vt 0.009991 0.587883
vt 0.058184 0.007046
vt 0.059417 0.007996
vt 0.053431 0.011517
vt 0.052268 0.010590
vt 0.049295 0.015365
vt 0.048816 0.013725
vt 0.055764 0.013226
vt 0.049888 0.017280
vt 0.060456 0.009210
vt 0.061177 0.010804
vt 0.056458 0.014907
vt 0.050493 0.019473
vt 0.056837 0.016965
vt 0.051035 0.021948
vt 0.061574 0.012713
vt 0.060488 0.021077
vt 0.055999 0.023581
vt 0.051643 0.024636
vt 0.000541 0.016478
vt 0.023891 0.021044
vt 0.023431 0.018934
vt 0.000179 0.014474
vt 0.000000 0.012605
vt 0.023165 0.016994
vt 0.023127 0.015255
vt 0.000042 0.010915
vt 0.000304 0.009405
vt 0.023314 0.013684
vt 0.023626 0.012184
vt 0.000694 0.007962
vt 0.069818 0.009996
vt 0.185895 0.010742
vt 0.314854 0.019024
vt 0.185975 0.008601
vt 0.314952 0.016474
vt 0.069881 0.008062
vt 0.069876 0.006196
vt 0.186053 0.006453
vt 0.314979 0.014054
vt 0.186129 0.004298
vt 0.315030 0.011774
vt 0.069763 0.004378
vt 0.069474 0.002510
vt 0.186202 0.002148
vt 0.315161 0.009607
vt 0.186258 0.000000
vt 0.315363 0.007416
vt 0.069012 0.000488
vt 0.319460 0.679492
vt 0.319581 0.734777
vt 0.194932 0.735128
vt 0.194792 0.679903
vt 0.070316 0.735454
vt 0.070234 0.680320
vt 0.195064 0.791195
vt 0.070408 0.791451
vt 0.319711 0.790893
vt 0.061776 0.569086
vt 0.062803 0.569359
vt 0.063148 0.570890
vt 0.064384 0.570271
vt 0.063615 0.568758
vt 0.062853 0.567673
vt 0.064721 0.568638
vt 0.065621 0.569714
vt 0.066701 0.569187
vt 0.065125 0.568104
vt 0.066255 0.567818
vt 0.067983 0.568584
vt 0.070065 0.567235
vt 0.065849 0.567150
vt 0.062988 0.011463
vt 0.061939 0.019626
vt 0.058189 0.071489
vt 0.063348 0.018323
vt 0.059790 0.070018
vt 0.064347 0.010351
vt 0.065694 0.009441
vt 0.064789 0.017254
vt 0.061449 0.068797
vt 0.066284 0.016478
vt 0.063168 0.067912
vt 0.067052 0.008768
vt 0.068435 0.008343
vt 0.067899 0.014995
vt 0.065217 0.062466
vt 0.061960 0.008005
vt 0.062633 0.009605
vt 0.064059 0.008533
vt 0.063471 0.006910
vt 0.064994 0.005982
vt 0.065477 0.007641
vt 0.066902 0.006960
vt 0.066530 0.005251
vt 0.068101 0.004722
vt 0.068356 0.006497
vt 0.059674 0.005674
vt 0.060945 0.006730
vt 0.062525 0.005542
vt 0.061279 0.004326
vt 0.063004 0.003082
vt 0.064160 0.004501
vt 0.065843 0.003645
vt 0.064847 0.002003
vt 0.066822 0.001120
vt 0.067592 0.002978
vt 0.061650 0.680301
vt 0.063141 0.680306
vt 0.063224 0.733989
vt 0.061734 0.733506
vt 0.063318 0.788509
vt 0.061831 0.787542
vt 0.064673 0.734438
vt 0.064766 0.789411
vt 0.064591 0.680312
vt 0.066013 0.680316
vt 0.066094 0.734824
vt 0.066186 0.790184
vt 0.067495 0.735120
vt 0.067587 0.790778
vt 0.067414 0.680318
vt 0.068811 0.680320
vt 0.068893 0.735315
vt 0.068984 0.791172
vt 0.052097 0.169785
vt 0.053941 0.168755
vt 0.055787 0.167938
vt 0.057634 0.167371
vt 0.059518 0.165737
vt 0.319328 0.565696
vt 0.322213 0.564791
vt 0.322207 0.565448
vt 0.321119 0.566610
vt 0.322380 0.566898
vt 0.323200 0.565407
vt 0.324468 0.564291
vt 0.323858 0.565831
vt 0.323553 0.567127
vt 0.324794 0.567299
vt 0.324737 0.565638
vt 0.325592 0.565968
vt 0.326054 0.567441
vt 0.327559 0.567103
vt 0.326026 0.565372
vt 0.326604 0.025322
vt 0.324516 0.024489
vt 0.324515 0.021184
vt 0.326558 0.021844
vt 0.324458 0.018160
vt 0.326450 0.018698
vt 0.322492 0.020568
vt 0.322476 0.017655
vt 0.322450 0.023727
vt 0.320372 0.023075
vt 0.320440 0.020032
vt 0.320462 0.017217
vt 0.318446 0.019600
vt 0.318504 0.016872
vt 0.318334 0.022545
vt 0.316395 0.022118
vt 0.316594 0.019282
vt 0.316680 0.016636
vt 0.324489 0.015447
vt 0.326456 0.015894
vt 0.324675 0.013036
vt 0.326643 0.013415
vt 0.322525 0.015027
vt 0.322702 0.012676
vt 0.320525 0.014658
vt 0.320687 0.012349
vt 0.318571 0.014367
vt 0.318707 0.012083
vt 0.316738 0.014173
vt 0.316839 0.011895
vt 0.325054 0.010866
vt 0.327038 0.011202
vt 0.325563 0.008759
vt 0.327559 0.009079
vt 0.323050 0.010538
vt 0.323519 0.008439
vt 0.320989 0.010229
vt 0.321401 0.008127
vt 0.318957 0.009964
vt 0.319304 0.007848
vt 0.317032 0.009757
vt 0.317313 0.007611
vt 0.320714 0.679488
vt 0.320835 0.734725
vt 0.320964 0.790792
vt 0.322131 0.734652
vt 0.322260 0.790649
vt 0.322010 0.679485
vt 0.323376 0.679480
vt 0.323495 0.734544
vt 0.323624 0.790437
vt 0.324862 0.734404
vt 0.324990 0.790161
vt 0.324744 0.679475
vt 0.326050 0.679470
vt 0.326167 0.734242
vt 0.326294 0.789840
vt 0.327433 0.734068
vt 0.327559 0.789496
vt 0.327316 0.679464
vt 0.320687 0.150533
vt 0.322909 0.151059
vt 0.318456 0.150054
vt 0.316213 0.149653
vt 0.313963 0.149332
vt 0.311705 0.149089
vt 0.324681 0.589604
vt 0.325987 0.589859
vt 0.325975 0.628115
vt 0.324668 0.627972
vt 0.327242 0.628268
vt 0.327253 0.590132
vt 0.321946 0.589215
vt 0.323313 0.589384
vt 0.323299 0.627850
vt 0.321933 0.627756
vt 0.319393 0.589019
vt 0.320648 0.589101
vt 0.320635 0.627694
vt 0.319380 0.627650
vt 0.067434 0.590828
vt 0.068828 0.590516
vt 0.068778 0.628816
vt 0.067382 0.628995
vt 0.070199 0.628688
vt 0.070246 0.590294
vt 0.064610 0.591911
vt 0.066033 0.591298
vt 0.065981 0.629265
vt 0.064559 0.629616
vt 0.063157 0.592624
vt 0.063107 0.630026
vt 0.061615 0.630465
vt 0.194637 0.628141
vt 0.194480 0.589588
vt 0.052544 0.781277
vt 0.031320 0.787793
vt 0.031239 0.733641
vt 0.052467 0.730361
vt 0.031174 0.680307
vt 0.052403 0.680223
vt 0.010009 0.736921
vt 0.009936 0.680389
vt 0.010096 0.794308
vt 0.057037 0.782922
vt 0.057084 0.730509
vt 0.057027 0.680262
vt 0.319469 0.571171
vt 0.194386 0.571809
vt 0.194353 0.566384
vt 0.070251 0.572667
vt 0.063235 0.575513
vt 0.064660 0.574716
vt 0.066055 0.574029
vt 0.067409 0.573486
vt 0.068792 0.573076
vt 0.320751 0.571374
vt 0.322057 0.571536
vt 0.323417 0.571745
vt 0.324778 0.572011
vt 0.326056 0.572302
vt 0.327310 0.572548
vt 0.031164 0.630320
vt 0.052383 0.633251
vt 0.009925 0.627384
vt 0.057000 0.631858
vt 0.608227 0.112097
vt 0.608227 0.166621
vt 0.585982 0.162934
vt 0.585983 0.112718
vt 0.608227 0.221977
vt 0.585981 0.214450
vt 0.563736 0.206924
vt 0.563737 0.159248
vt 0.563739 0.113339
vt 0.688107 0.974521
vt 0.717043 0.954387
vt 0.717893 0.955568
vt 0.688883 0.975755
vt 0.746026 0.933828
vt 0.746873 0.935011
vt 0.747829 0.936057
vt 0.718851 0.956609
vt 0.689774 0.976872
vt 0.645199 0.990348
vt 0.665756 0.979017
vt 0.665930 0.981041
vt 0.645342 0.992371
vt 0.686323 0.967655
vt 0.686592 0.969581
vt 0.686928 0.971421
vt 0.666176 0.982969
vt 0.645559 0.994290
vt 0.645194 0.853798
vt 0.665760 0.848138
vt 0.645202 0.717053
vt 0.665781 0.717054
vt 0.686360 0.717054
vt 0.686370 0.842468
vt 0.715364 0.832190
vt 0.715376 0.947286
vt 0.715359 0.717054
vt 0.744358 0.717055
vt 0.744358 0.821914
vt 0.744366 0.926741
vt 0.531358 0.148907
vt 0.531365 0.107232
vt 0.531351 0.192396
vt 0.498966 0.177869
vt 0.498979 0.138566
vt 0.498992 0.101125
vt 0.666569 0.984726
vt 0.645924 0.996033
vt 0.687446 0.973076
vt 0.667124 0.986256
vt 0.646455 0.997546
vt 0.667841 0.987548
vt 0.647151 0.998826
vt 0.668660 0.988736
vt 0.647950 1.000000
vt 0.715888 0.951214
vt 0.716369 0.952930
vt 0.744874 0.930655
vt 0.745354 0.932370
vt 0.715587 0.949307
vt 0.744574 0.928751
vt 0.478893 0.003872
vt 0.449719 0.002957
vt 0.450262 0.001683
vt 0.480455 0.002625
vt 0.412667 0.002519
vt 0.412735 0.001235
vt 0.412834 0.000000
vt 0.451952 0.000468
vt 0.493407 0.001603
vt 0.334820 0.062678
vt 0.335510 0.122744
vt 0.333453 0.120747
vt 0.333198 0.047160
vt 0.337220 0.217328
vt 0.335415 0.217328
vt 0.333730 0.217328
vt 0.332026 0.119179
vt 0.332111 0.042651
vt 0.330612 0.115897
vt 0.331014 0.038215
vt 0.332016 0.208632
vt 0.330526 0.166810
vt 0.329530 0.107520
vt 0.327559 0.002605
vt 0.489893 0.076678
vt 0.489455 0.051122
vt 0.494967 0.019698
vt 0.494082 0.051902
vt 0.487932 0.046309
vt 0.494604 0.013663
vt 0.496251 0.008270
vt 0.496583 0.014553
vt 0.495491 0.048022
vt 0.497606 0.013098
vt 0.496739 0.044189
vt 0.497206 0.007390
vt 0.498155 0.006483
vt 0.498651 0.008554
vt 0.498966 0.010712
vt 0.486084 0.045181
vt 0.493806 0.012263
vt 0.484061 0.044304
vt 0.492788 0.011183
vt 0.494633 0.005539
vt 0.495567 0.006732
vt 0.496420 0.005705
vt 0.495372 0.004398
vt 0.496142 0.003265
vt 0.497289 0.004665
vt 0.480541 0.043649
vt 0.489971 0.010393
vt 0.468879 0.042950
vt 0.477341 0.009675
vt 0.491841 0.004641
vt 0.492726 0.003403
vt 0.494825 0.002302
vt 0.353409 0.043512
vt 0.339402 0.047523
vt 0.337870 0.014556
vt 0.352146 0.009423
vt 0.337166 0.008949
vt 0.351758 0.003542
vt 0.336491 0.007019
vt 0.351483 0.002270
vt 0.335766 0.002227
vt 0.351214 0.001035
vt 0.486497 0.217328
vt 0.488563 0.135376
vt 0.491139 0.125185
vt 0.489270 0.217328
vt 0.492574 0.123056
vt 0.490890 0.217328
vt 0.494035 0.121593
vt 0.492542 0.217328
vt 0.495592 0.115865
vt 0.494216 0.217328
vt 0.443821 0.042182
vt 0.448810 0.008798
vt 0.411089 0.041896
vt 0.412438 0.008376
vt 0.563740 0.038700
vt 0.563740 0.071567
vt 0.531372 0.069692
vt 0.531377 0.040625
vt 0.499005 0.067816
vt 0.499014 0.042550
vt 0.608227 0.022934
vt 0.608227 0.060995
vt 0.585983 0.066281
vt 0.585984 0.030817
vt 0.608227 0.000000
vt 0.608227 0.005362
vt 0.585984 0.011693
vt 0.585984 0.002242
vt 0.563741 0.018024
vt 0.563741 0.004485
vt 0.531380 0.022958
vt 0.531380 0.011951
vt 0.499018 0.027893
vt 0.499020 0.019416
vt 0.378057 0.002747
vt 0.377951 0.001453
vt 0.377855 0.000214
vt 0.378746 0.042413
vt 0.378210 0.008633
vt 0.340566 0.121055
vt 0.341695 0.217328
vt 0.353925 0.120065
vt 0.354397 0.217328
vt 0.378722 0.119366
vt 0.407804 0.118957
vt 0.403706 0.217328
vt 0.378588 0.217328
vt 0.427824 0.217328
vt 0.419058 0.217328
vt 0.432771 0.119000
vt 0.450493 0.119295
vt 0.460259 0.119648
vt 0.465510 0.120049
vt 0.443175 0.217328
vt 0.435499 0.217328
vt 0.469935 0.120583
vt 0.474264 0.121260
vt 0.458502 0.217328
vt 0.450844 0.217328
vt 0.478419 0.123559
vt 0.482018 0.135021
vt 0.473752 0.217328
vt 0.466149 0.217328
vt 0.480974 0.217328
vt 0.484443 0.156861
vt 0.717488 0.109880
vt 0.695244 0.109259
vt 0.695243 0.059042
vt 0.717488 0.055356
vt 0.695243 0.007527
vt 0.717488 0.000000
vt 0.672998 0.062729
vt 0.672997 0.015053
vt 0.673000 0.108638
vt 0.687715 0.459474
vt 0.688476 0.458249
vt 0.717821 0.478404
vt 0.716972 0.479593
vt 0.746872 0.498983
vt 0.746023 0.500169
vt 0.718780 0.477355
vt 0.747829 0.497934
vt 0.689340 0.457128
vt 0.645319 0.444222
vt 0.645464 0.442216
vt 0.665953 0.453506
vt 0.665801 0.455523
vt 0.686469 0.464530
vt 0.686315 0.466515
vt 0.666176 0.451592
vt 0.686708 0.462647
vt 0.645683 0.440313
vt 0.665738 0.585986
vt 0.645209 0.580331
vt 0.686341 0.591642
vt 0.715339 0.486709
vt 0.715352 0.601914
vt 0.744360 0.612190
vt 0.744361 0.507270
vt 0.640627 0.114745
vt 0.640619 0.073070
vt 0.640612 0.029580
vt 0.608240 0.083411
vt 0.608227 0.044108
vt 0.608254 0.120852
vt 0.646049 0.438585
vt 0.666547 0.449851
vt 0.687119 0.460942
vt 0.667081 0.448337
vt 0.646581 0.437086
vt 0.647274 0.435819
vt 0.667776 0.447058
vt 0.668574 0.445884
vt 0.648071 0.434657
vt 0.716302 0.481059
vt 0.715829 0.482780
vt 0.745351 0.501630
vt 0.744870 0.503348
vt 0.715537 0.484690
vt 0.744570 0.505255
vt 0.478893 0.430785
vt 0.480455 0.432032
vt 0.450262 0.432974
vt 0.449719 0.431700
vt 0.412734 0.433422
vt 0.412666 0.432138
vt 0.451951 0.434189
vt 0.412833 0.434657
vt 0.493408 0.433054
vt 0.334820 0.371978
vt 0.333198 0.387496
vt 0.333453 0.313909
vt 0.335510 0.311913
vt 0.332026 0.315477
vt 0.332110 0.392005
vt 0.331013 0.396441
vt 0.330611 0.318760
vt 0.332016 0.226024
vt 0.329529 0.327136
vt 0.330525 0.267849
vt 0.327559 0.432050
vt 0.489893 0.357978
vt 0.494082 0.382754
vt 0.494967 0.414959
vt 0.489455 0.383534
vt 0.494604 0.420994
vt 0.487932 0.388347
vt 0.496583 0.420104
vt 0.496251 0.426387
vt 0.495491 0.386634
vt 0.496739 0.390467
vt 0.497606 0.421559
vt 0.497206 0.427267
vt 0.498651 0.426103
vt 0.498155 0.428174
vt 0.498966 0.423945
vt 0.493806 0.422394
vt 0.486084 0.389476
vt 0.492788 0.423474
vt 0.484061 0.390352
vt 0.495567 0.427925
vt 0.494633 0.429118
vt 0.496420 0.428952
vt 0.495372 0.430259
vt 0.497289 0.429992
vt 0.496142 0.431392
vt 0.489971 0.424264
vt 0.480541 0.391007
vt 0.477341 0.424982
vt 0.468878 0.391707
vt 0.491841 0.430016
vt 0.492726 0.431254
vt 0.494825 0.432355
vt 0.353408 0.391144
vt 0.352145 0.425233
vt 0.337870 0.420100
vt 0.339402 0.387133
vt 0.337166 0.425706
vt 0.351757 0.431113
vt 0.351482 0.432385
vt 0.336491 0.427637
vt 0.335766 0.432428
vt 0.351214 0.433621
vt 0.491139 0.309471
vt 0.488564 0.299281
vt 0.492575 0.311600
vt 0.494035 0.313063
vt 0.495593 0.318791
vt 0.448810 0.425859
vt 0.443820 0.392475
vt 0.412437 0.426280
vt 0.411089 0.392761
vt 0.673002 0.183277
vt 0.640638 0.181352
vt 0.640633 0.152285
vt 0.673001 0.150410
vt 0.608266 0.154160
vt 0.608275 0.179427
vt 0.717488 0.199043
vt 0.695245 0.191160
vt 0.695244 0.155696
vt 0.717488 0.160982
vt 0.717488 0.221977
vt 0.695245 0.219734
vt 0.695245 0.210284
vt 0.717488 0.216615
vt 0.673002 0.203953
vt 0.673003 0.217492
vt 0.640642 0.210026
vt 0.640641 0.199019
vt 0.608279 0.194084
vt 0.608281 0.202560
vt 0.377950 0.433203
vt 0.378056 0.431909
vt 0.377854 0.434442
vt 0.378209 0.426023
vt 0.378745 0.392243
vt 0.340566 0.313602
vt 0.353924 0.314591
vt 0.378721 0.315290
vt 0.407804 0.315699
vt 0.450494 0.315362
vt 0.432771 0.315657
vt 0.460259 0.315009
vt 0.465510 0.314608
vt 0.469935 0.314074
vt 0.474264 0.313397
vt 0.478419 0.311098
vt 0.482019 0.299635
vt 0.484443 0.277795
vn 0.1338 0.9910 -0.0000
vn 0.1359 0.9907 -0.0007
vn 0.0000 1.0000 0.0000
vn 0.1995 0.9794 -0.0318
vn 0.0000 0.9812 0.1928
vn 0.0001 0.9812 0.1929
vn 0.0000 1.0000 0.0001
vn 0.0004 0.9810 0.1939
vn 0.0000 1.0000 0.0005
vn 0.0966 -0.0453 0.9943
vn 0.0936 -0.0000 0.9956
vn 0.0000 -0.0000 1.0000
vn 0.0000 -0.0399 0.9992
vn 0.0564 0.2334 0.9707
vn 0.0002 0.1234 0.9924
vn 0.0000 0.1039 0.9946
vn -0.0000 -0.3272 0.9449
vn 0.0000 -0.3275 0.9449
vn 0.0623 -0.3565 0.9322
vn 0.0855 -0.3670 0.9263
vn 0.1097 -0.3775 0.9195
vn 0.0000 -0.3274 0.9449
vn 0.8806 -0.4738 0.0000
vn 0.8806 -0.4739 0.0000
vn 0.8807 -0.4738 0.0000
vn 0.8807 -0.4736 0.0000
vn 0.8807 -0.4737 0.0000
vn 0.1383 0.9902 0.0192
vn 0.0001 1.0000 -0.0005
vn 0.1062 0.9928 0.0553
vn 0.0001 1.0000 -0.0003
vn 0.0002 1.0000 -0.0005
vn 0.0927 0.9922 0.0831
vn 0.0700 0.9910 0.1138
vn 0.0000 1.0000 0.0002
vn 0.0294 0.9834 0.1792
vn 0.0036 0.9812 0.1930
vn -0.0001 1.0000 0.0003
vn 0.2085 -0.4185 0.8840
vn 0.2180 -0.4221 0.8800
vn 0.1994 -0.4150 0.8877
vn 0.3064 -0.4547 0.8363
vn 0.3205 -0.4595 0.8283
vn 0.3356 -0.4647 0.8194
vn 0.4741 -0.5052 0.7211
vn 0.4856 -0.5080 0.7115
vn 0.4635 -0.5025 0.7299
vn 0.6257 -0.5338 0.5688
vn 0.6297 -0.5342 0.5641
vn 0.6340 -0.5346 0.5588
vn 0.7375 -0.5381 0.4081
vn 0.7366 -0.5384 0.4093
vn 0.7383 -0.5380 0.4068
vn 0.8465 -0.5093 0.1554
vn 0.8403 -0.5129 0.1753
vn 0.8331 -0.5167 0.1977
vn 0.2303 -0.0000 0.9731
vn 0.1705 0.2142 0.9618
vn 0.2315 -0.0523 0.9714
vn 0.3638 -0.0582 0.9296
vn 0.3620 0.0000 0.9322
vn 0.3339 0.1793 0.9254
vn 0.5510 0.0000 0.8345
vn 0.5476 0.1608 0.8211
vn 0.5515 -0.0654 0.8316
vn 0.7442 -0.0701 0.6643
vn 0.7453 0.0000 0.6667
vn 0.7360 0.1705 0.6552
vn 0.8748 -0.0000 0.4844
vn 0.8616 0.1728 0.4773
vn 0.8725 -0.0708 0.4834
vn 0.9752 -0.0661 0.2110
vn 0.9781 0.0000 0.2082
vn 0.9636 0.1616 0.2128
vn 0.9982 -0.0595 -0.0000
vn 1.0000 -0.0000 0.0000
vn 0.9982 -0.0596 0.0000
vn 0.9889 0.1483 -0.0000
vn 0.9890 0.1481 -0.0000
vn 0.3155 0.9476 -0.0500
vn 0.2387 0.9475 -0.2128
vn 0.1874 0.9504 -0.2483
vn 0.4530 0.8866 -0.0930
vn 0.2929 0.8720 -0.3921
vn 0.1850 0.7960 -0.5764
vn 0.6341 0.7480 -0.1960
vn 0.4393 0.7794 -0.4467
vn 0.7499 0.5923 -0.2946
vn 0.3945 0.5943 -0.7009
vn 0.7708 0.5563 -0.3104
vn 0.5260 0.5741 -0.6275
vn 0.5439 0.6040 -0.5825
vn 0.3007 0.5000 -0.8122
vn 0.0149 0.8979 0.4400
vn 0.0830 0.9274 0.3648
vn 0.0016 0.8916 0.4529
vn 0.0023 0.7721 0.6355
vn 0.0217 0.7841 0.6202
vn 0.1258 0.8371 0.5324
vn 0.0299 0.6000 0.7994
vn 0.1814 0.6800 0.7104
vn 0.0031 0.5839 0.8118
vn 0.0028 0.3933 0.9194
vn 0.0318 0.4125 0.9104
vn 0.2292 0.4950 0.8381
vn 0.0387 0.4018 0.9149
vn 0.2631 0.3881 0.8833
vn 0.0033 0.2817 0.9595
vn 0.1650 0.9529 0.2545
vn 0.2126 0.9589 0.1879
vn 0.2520 0.8864 0.3884
vn 0.3269 0.8991 0.2910
vn 0.3616 0.7513 0.5521
vn 0.4738 0.7730 0.4219
vn 0.4566 0.5604 0.6910
vn 0.6051 0.5859 0.5390
vn 0.5091 0.3857 0.7694
vn 0.6809 0.4089 0.6076
vn 0.2475 0.9599 0.1316
vn 0.3001 0.9524 0.0540
vn 0.3804 0.9019 0.2048
vn 0.4575 0.8851 0.0848
vn 0.5524 0.7775 0.3006
vn 0.6481 0.7508 0.1279
vn 0.7072 0.5909 0.3882
vn 0.8104 0.5611 0.1686
vn 0.7976 0.4127 0.4399
vn 0.9013 0.3886 0.1914
vn 0.1340 0.9910 -0.0000
vn 0.3252 0.9457 -0.0001
vn 0.3249 0.9458 -0.0000
vn 0.4894 0.8721 -0.0001
vn 0.4888 0.8724 -0.0001
vn 0.6886 0.7251 -0.0001
vn 0.6879 0.7258 -0.0000
vn 0.8490 0.5284 -0.0001
vn 0.8486 0.5291 -0.0000
vn 0.9342 0.3567 -0.0000
vn 0.9340 0.3574 -0.0000
vn 0.0002 0.8911 0.4537
vn -0.0000 0.8914 0.4532
vn -0.0000 0.7722 0.6354
vn 0.0003 0.7725 0.6351
vn 0.0004 0.5834 0.8122
vn 0.0000 0.5837 0.8120
vn -0.0000 0.3905 0.9206
vn 0.0003 0.3910 0.9204
vn 0.0004 0.2560 0.9667
vn -0.0000 0.2526 0.9676
vn 0.5907 -0.5151 -0.6211
vn 0.6401 -0.4387 -0.6307
vn 0.6532 -0.4163 -0.6325
vn 0.7173 -0.2592 -0.6468
vn 0.7203 -0.2385 -0.6514
vn 0.2530 -0.2455 -0.9358
vn 0.2611 -0.2122 -0.9417
vn 0.2557 -0.2219 -0.9409
vn 0.7068 -0.3031 -0.6392
vn 0.7056 -0.3086 -0.6379
vn 0.6927 -0.3642 -0.6225
vn 0.6900 -0.3733 -0.6201
vn 0.2455 -0.2401 -0.9392
vn 0.2525 -0.2599 -0.9320
vn 0.7002 -0.1494 -0.6981
vn 0.7019 -0.1697 -0.6917
vn 0.6813 -0.0193 -0.7317
vn 0.2576 -0.2746 -0.9264
vn 0.2577 -0.2746 -0.9264
vn 0.0877 -0.3638 0.9273
vn 0.2104 -0.4120 0.8865
vn 0.2162 -0.3446 0.9135
vn 0.0890 -0.3016 0.9493
vn 0.3239 -0.4507 0.8319
vn 0.3351 -0.3798 0.8623
vn 0.3429 -0.3278 0.8803
vn 0.2204 -0.2965 0.9293
vn 0.0912 -0.2586 0.9617
vn 0.2241 -0.2352 0.9458
vn 0.0926 -0.2044 0.9745
vn 0.3506 -0.2610 0.8994
vn 0.3569 -0.1927 0.9141
vn 0.2274 -0.1730 0.9583
vn 0.0938 -0.1501 0.9842
vn 0.2291 -0.1232 0.9656
vn 0.0939 -0.1066 0.9899
vn 0.3597 -0.1375 0.9229
vn 0.4789 -0.4929 0.7265
vn 0.4996 -0.4194 0.7580
vn 0.6368 -0.5197 0.5695
vn 0.6674 -0.4445 0.5975
vn 0.6879 -0.3861 0.6146
vn 0.5133 -0.3633 0.7775
vn 0.5278 -0.2911 0.7979
vn 0.7088 -0.3101 0.6335
vn 0.7258 -0.2303 0.6482
vn 0.5388 -0.2157 0.8144
vn 0.5448 -0.1543 0.8243
vn 0.7354 -0.1654 0.6571
vn 0.7459 -0.5230 0.4125
vn 0.7828 -0.4473 0.4327
vn 0.8502 -0.4952 0.1788
vn 0.8871 -0.4222 0.1866
vn 0.9104 -0.3658 0.1930
vn 0.8061 -0.3889 0.4460
vn 0.8312 -0.3124 0.4599
vn 0.9351 -0.2931 0.1992
vn 0.9545 -0.2176 0.2041
vn 0.8511 -0.2326 0.4707
vn 0.8627 -0.1669 0.4774
vn 0.9659 -0.1559 0.2065
vn 0.9901 -0.1406 0.0000
vn 0.9805 -0.1967 0.0000
vn 0.9804 -0.1969 0.0000
vn 0.9640 -0.2659 0.0000
vn 0.9640 -0.2660 -0.0000
vn 0.9426 -0.3339 0.0000
vn 0.9225 -0.3859 0.0000
vn 0.9223 -0.3864 0.0000
vn 0.8888 -0.4583 -0.0000
vn -0.0000 -0.3245 0.9459
vn 0.0000 -0.2682 0.9634
vn -0.0000 -0.2290 0.9734
vn 0.0000 -0.1804 0.9836
vn -0.0000 -0.1321 0.9912
vn 0.0000 -0.0933 0.9956
vn 0.0000 -0.0937 0.9956
vn 0.9429 -0.3332 -0.0018
vn 0.9426 -0.3338 0.0000
vn 0.9223 -0.3865 0.0000
vn 0.9250 -0.3801 -0.0012
vn 0.8890 -0.4579 0.0000
vn 0.8909 -0.4542 -0.0003
vn 0.9801 -0.1983 -0.0019
vn 0.9639 -0.2662 0.0000
vn 0.9639 -0.2662 -0.0019
vn 0.9979 -0.0654 -0.0004
vn 0.9982 -0.0597 -0.0000
vn 0.9901 -0.1403 0.0000
vn 0.9890 -0.1476 -0.0013
vn 0.8472 0.5313 -0.0016
vn 0.8481 0.5298 0.0000
vn 0.9338 0.3579 0.0000
vn 0.9312 0.3646 -0.0014
vn 0.9889 0.1486 0.0000
vn 0.9880 0.1547 -0.0005
vn 0.4876 0.8731 -0.0005
vn 0.4881 0.8728 -0.0001
vn 0.6872 0.7264 0.0000
vn 0.6866 0.7270 -0.0010
vn 0.3243 0.9460 -0.0000
vn 0.3243 0.9460 -0.0002
vn 0.9918 -0.1273 -0.0149
vn 0.9925 -0.1215 -0.0108
vn 0.9811 0.1931 -0.0158
vn 0.9781 0.2080 -0.0119
vn 0.3287 0.9444 -0.0042
vn 0.4850 0.8744 -0.0122
vn 0.6814 0.7314 -0.0261
vn 0.8385 0.5433 -0.0423
vn 0.9070 0.4197 -0.0353
vn 0.9811 0.1931 -0.0157
vn 0.9771 -0.2098 -0.0360
vn 0.9587 -0.2772 -0.0641
vn 0.9763 -0.2098 -0.0530
vn 0.9700 -0.2208 -0.1014
vn 0.9601 -0.2747 -0.0530
vn 0.9557 -0.2765 -0.1014
vn 0.9407 -0.3353 -0.0510
vn 0.9355 -0.3396 -0.0979
vn 0.9453 -0.3245 -0.0329
vn 0.9575 -0.2805 -0.0669
vn 0.9105 -0.4134 -0.0092
vn 0.9243 -0.3813 -0.0180
vn -0.1338 0.9910 -0.0000
vn -0.1360 0.9907 -0.0007
vn -0.1995 0.9794 -0.0319
vn -0.0002 0.9812 0.1931
vn -0.0004 0.9812 0.1929
vn -0.0968 -0.0457 0.9943
vn -0.0936 -0.0000 0.9956
vn -0.0002 0.1236 0.9923
vn -0.0565 0.2331 0.9708
vn 0.0000 -0.3275 0.9448
vn -0.0855 -0.3670 0.9263
vn -0.0620 -0.3565 0.9322
vn -0.1098 -0.3777 0.9194
vn -0.8806 -0.4738 0.0000
vn -0.8806 -0.4739 0.0000
vn -0.8807 -0.4738 0.0000
vn -0.8807 -0.4737 0.0000
vn -0.8807 -0.4736 0.0000
vn -0.1382 0.9902 0.0196
vn -0.1062 0.9928 0.0553
vn 0.0000 1.0000 -0.0001
vn -0.0002 1.0000 -0.0003
vn -0.0003 1.0000 0.0001
vn -0.0928 0.9922 0.0832
vn -0.0699 0.9910 0.1141
vn 0.0000 1.0000 -0.0002
vn -0.0294 0.9834 0.1789
vn -0.0036 0.9812 0.1930
vn 0.0002 1.0000 0.0004
vn -0.2180 -0.4222 0.8799
vn -0.2090 -0.4187 0.8838
vn -0.1996 -0.4151 0.8876
vn -0.3206 -0.4595 0.8283
vn -0.3063 -0.4546 0.8363
vn -0.3356 -0.4647 0.8194
vn -0.4857 -0.5080 0.7114
vn -0.4740 -0.5051 0.7212
vn -0.4635 -0.5024 0.7299
vn -0.6297 -0.5342 0.5640
vn -0.6257 -0.5338 0.5688
vn -0.6339 -0.5345 0.5590
vn -0.7366 -0.5381 0.4097
vn -0.7375 -0.5382 0.4080
vn -0.7383 -0.5380 0.4068
vn -0.8403 -0.5129 0.1753
vn -0.8464 -0.5093 0.1555
vn -0.8329 -0.5169 0.1979
vn -0.1705 0.2144 0.9617
vn -0.2306 0.0000 0.9731
vn -0.2315 -0.0522 0.9714
vn -0.3618 0.0000 0.9323
vn -0.3641 -0.0583 0.9295
vn -0.3340 0.1795 0.9253
vn -0.5480 0.1605 0.8210
vn -0.5510 0.0000 0.8345
vn -0.5516 -0.0654 0.8316
vn -0.7454 0.0000 0.6666
vn -0.7442 -0.0701 0.6642
vn -0.7360 0.1707 0.6551
vn -0.8616 0.1729 0.4773
vn -0.8749 0.0000 0.4843
vn -0.8726 -0.0708 0.4833
vn -0.9781 -0.0000 0.2083
vn -0.9752 -0.0661 0.2111
vn -0.9637 0.1614 0.2129
vn -0.9982 -0.0595 -0.0000
vn -0.9982 -0.0596 0.0000
vn -1.0000 0.0000 0.0000
vn -0.9890 0.1482 -0.0000
vn -0.9890 0.1479 -0.0000
vn -0.1872 0.9504 -0.2483
vn -0.2387 0.9475 -0.2127
vn -0.3157 0.9475 -0.0498
vn -0.4530 0.8867 -0.0927
vn -0.2930 0.8725 -0.3909
vn -0.1856 0.7966 -0.5754
vn -0.4396 0.7800 -0.4454
vn -0.6342 0.7480 -0.1957
vn -0.7500 0.5923 -0.2946
vn -0.3945 0.5944 -0.7008
vn -0.5259 0.5741 -0.6276
vn -0.7708 0.5563 -0.3104
vn -0.5440 0.6040 -0.5825
vn -0.3006 0.4996 -0.8124
vn -0.0830 0.9273 0.3651
vn -0.0149 0.8979 0.4400
vn -0.0016 0.8915 0.4530
vn -0.0217 0.7838 0.6206
vn -0.0023 0.7719 0.6357
vn -0.1259 0.8370 0.5325
vn -0.1815 0.6804 0.7100
vn -0.0299 0.6002 0.7993
vn -0.0031 0.5838 0.8119
vn -0.0318 0.4124 0.9105
vn -0.0028 0.3932 0.9194
vn -0.2293 0.4952 0.8380
vn -0.2630 0.3881 0.8833
vn -0.0387 0.4014 0.9151
vn -0.0033 0.2816 0.9595
vn -0.2129 0.9588 0.1880
vn -0.1650 0.9530 0.2542
vn -0.2520 0.8864 0.3884
vn -0.3268 0.8992 0.2910
vn -0.4737 0.7730 0.4221
vn -0.3617 0.7514 0.5518
vn -0.4567 0.5603 0.6910
vn -0.6056 0.5852 0.5392
vn -0.6811 0.4090 0.6073
vn -0.5093 0.3863 0.7690
vn -0.3001 0.9524 0.0539
vn -0.2475 0.9599 0.1316
vn -0.3804 0.9018 0.2049
vn -0.4575 0.8852 0.0849
vn -0.6480 0.7508 0.1280
vn -0.5524 0.7774 0.3008
vn -0.7072 0.5908 0.3884
vn -0.8104 0.5611 0.1687
vn -0.9013 0.3886 0.1913
vn -0.7975 0.4127 0.4401
vn -0.1339 0.9910 -0.0000
vn -0.3249 0.9458 -0.0000
vn -0.3255 0.9456 -0.0001
vn -0.1341 0.9910 -0.0000
vn -0.4895 0.8720 -0.0001
vn -0.4888 0.8724 -0.0001
vn -0.6879 0.7258 -0.0000
vn -0.6885 0.7252 -0.0001
vn -0.8490 0.5284 -0.0001
vn -0.8487 0.5289 -0.0000
vn -0.9339 0.3574 0.0000
vn -0.9342 0.3568 0.0000
vn -0.0002 0.8912 0.4536
vn -0.0003 0.7719 0.6357
vn -0.0004 0.5831 0.8124
vn -0.0005 0.3907 0.9205
vn -0.0004 0.2559 0.9667
vn -0.5906 -0.5151 -0.6211
vn -0.6535 -0.4164 -0.6321
vn -0.6403 -0.4388 -0.6304
vn -0.7177 -0.2593 -0.6463
vn -0.7206 -0.2386 -0.6510
vn -0.2529 -0.2455 -0.9358
vn -0.2557 -0.2220 -0.9409
vn -0.2611 -0.2123 -0.9417
vn -0.7052 -0.3084 -0.6383
vn -0.7065 -0.3029 -0.6397
vn -0.6927 -0.3640 -0.6226
vn -0.6900 -0.3731 -0.6202
vn -0.2524 -0.2599 -0.9321
vn -0.2456 -0.2402 -0.9392
vn -0.7019 -0.1697 -0.6917
vn -0.7001 -0.1497 -0.6982
vn -0.6807 -0.0195 -0.7323
vn -0.2574 -0.2745 -0.9265
vn -0.0878 -0.3636 0.9274
vn -0.0891 -0.3017 0.9492
vn -0.2163 -0.3446 0.9135
vn -0.2103 -0.4121 0.8866
vn -0.3351 -0.3797 0.8623
vn -0.3237 -0.4507 0.8319
vn -0.2204 -0.2965 0.9293
vn -0.3426 -0.3278 0.8804
vn -0.0912 -0.2587 0.9616
vn -0.0926 -0.2043 0.9745
vn -0.2241 -0.2352 0.9458
vn -0.3506 -0.2609 0.8994
vn -0.2274 -0.1730 0.9583
vn -0.3568 -0.1928 0.9141
vn -0.0937 -0.1500 0.9842
vn -0.0939 -0.1065 0.9899
vn -0.2290 -0.1231 0.9656
vn -0.3599 -0.1376 0.9228
vn -0.4997 -0.4194 0.7579
vn -0.4791 -0.4930 0.7262
vn -0.6679 -0.4445 0.5969
vn -0.6367 -0.5198 0.5696
vn -0.5135 -0.3631 0.7775
vn -0.6879 -0.3861 0.6146
vn -0.5278 -0.2907 0.7981
vn -0.7089 -0.3101 0.6334
vn -0.5387 -0.2156 0.8145
vn -0.7256 -0.2305 0.6483
vn -0.5447 -0.1543 0.8243
vn -0.7355 -0.1654 0.6571
vn -0.7828 -0.4474 0.4325
vn -0.7459 -0.5229 0.4126
vn -0.8871 -0.4222 0.1865
vn -0.8502 -0.4951 0.1789
vn -0.8062 -0.3889 0.4458
vn -0.9104 -0.3660 0.1929
vn -0.8315 -0.3123 0.4594
vn -0.9351 -0.2931 0.1992
vn -0.8511 -0.2325 0.4708
vn -0.9545 -0.2175 0.2042
vn -0.8627 -0.1669 0.4773
vn -0.9659 -0.1559 0.2065
vn -0.9901 -0.1403 -0.0000
vn -0.9901 -0.1406 0.0000
vn -0.9804 -0.1969 -0.0000
vn -0.9805 -0.1967 -0.0000
vn -0.9640 -0.2659 -0.0000
vn -0.9639 -0.2661 -0.0000
vn -0.9426 -0.3338 -0.0000
vn -0.9223 -0.3866 -0.0000
vn -0.9225 -0.3859 0.0000
vn -0.8888 -0.4583 -0.0000
vn -0.0000 -0.3246 0.9458
vn 0.0000 -0.2291 0.9734
vn 0.0000 -0.1322 0.9912
vn -0.9430 -0.3328 -0.0018
vn -0.9249 -0.3802 -0.0012
vn -0.9223 -0.3865 -0.0000
vn -0.9426 -0.3339 0.0000
vn -0.8889 -0.4582 -0.0000
vn -0.8909 -0.4542 -0.0003
vn -0.9802 -0.1982 -0.0019
vn -0.9639 -0.2662 -0.0019
vn -0.9640 -0.2660 0.0000
vn -0.9804 -0.1968 0.0000
vn -0.9979 -0.0654 -0.0004
vn -0.9891 -0.1476 -0.0013
vn -0.9901 -0.1401 -0.0000
vn -0.8472 0.5313 -0.0016
vn -0.9312 0.3646 -0.0014
vn -0.9338 0.3577 -0.0000
vn -0.8481 0.5298 0.0000
vn -0.9889 0.1486 0.0000
vn -0.9880 0.1545 -0.0005
vn -0.4875 0.8731 -0.0005
vn -0.6867 0.7269 -0.0010
vn -0.6871 0.7266 -0.0000
vn -0.4881 0.8728 -0.0001
vn -0.3243 0.9459 -0.0002
vn -0.3243 0.9460 -0.0000
vn -0.9918 -0.1273 -0.0149
vn -0.9925 -0.1215 -0.0108
vn -0.9781 0.2079 -0.0119
vn -0.9811 0.1930 -0.0158
vn -0.3284 0.9445 -0.0039
vn -0.4849 0.8745 -0.0122
vn -0.6816 0.7313 -0.0260
vn -0.8385 0.5432 -0.0423
vn -0.9069 0.4198 -0.0353
vn -0.9917 -0.1274 -0.0148
vn -0.9587 -0.2773 -0.0639
vn -0.9771 -0.2099 -0.0359
vn -0.9763 -0.2097 -0.0530
vn -0.9700 -0.2208 -0.1014
vn -0.9557 -0.2764 -0.1016
vn -0.9600 -0.2750 -0.0529
vn -0.9407 -0.3354 -0.0509
vn -0.9354 -0.3397 -0.0978
vn -0.9574 -0.2808 -0.0669
vn -0.9452 -0.3247 -0.0329
vn -0.9104 -0.4137 -0.0092
vn -0.9242 -0.3815 -0.0181
vn 0.8607 -0.5091 0.0000
vn 0.8176 -0.5503 0.1693
vn 0.7748 -0.6113 0.1611
vn 0.8195 -0.5730 0.0000
vn 0.5727 -0.6393 0.5132
vn 0.5278 -0.7060 0.4722
vn 0.6199 -0.7062 0.3421
vn 0.6708 -0.6421 0.3711
vn 0.4827 -0.7782 0.4018
vn 0.5445 -0.8014 0.2474
vn 0.6108 -0.7874 0.0838
vn 0.7218 -0.6763 0.1469
vn 0.0837 -0.4069 0.9096
vn 0.2041 -0.4602 0.8640
vn 0.0818 -0.4781 0.8745
vn 0.1951 -0.5321 0.8239
vn 0.2966 -0.5719 0.7648
vn 0.3125 -0.5017 0.8066
vn 0.0000 -0.3657 0.9307
vn 0.0000 -0.4348 0.9005
vn 0.0000 -0.5015 0.8652
vn 0.0759 -0.5459 0.8344
vn -0.0000 -0.5856 0.8106
vn 0.0002 -0.6028 0.7979
vn 0.0319 -0.6872 0.7257
vn 0.7737 -0.6336 0.0000
vn 0.6846 -0.7289 0.0004
vn 0.6986 -0.7155 -0.0000
vn 0.4600 -0.5470 0.6994
vn 0.4339 -0.6143 0.6591
vn 0.6094 -0.5750 0.5459
vn 0.7141 -0.5778 0.3951
vn 0.2767 -0.6414 0.7156
vn 0.4013 -0.6827 0.6106
vn 0.2401 -0.7130 0.6588
vn 0.3721 -0.7363 0.5651
vn 0.1838 -0.6012 0.7777
vn 0.1271 -0.7077 0.6950
vn 0.3357 -0.9420 0.0040
vn 0.3371 -0.9415 0.0007
vn 0.5784 -0.8157 0.0010
vn 0.5570 -0.8304 0.0084
vn 0.3377 -0.9412 -0.0000
vn 0.5846 -0.8113 0.0001
vn 0.0047 -0.9951 -0.0990
vn 0.0021 -0.9953 -0.0971
vn 0.0059 -0.9356 -0.3529
vn 0.0199 -0.9448 -0.3271
vn -0.0000 -0.9953 -0.0970
vn 0.0000 -0.9397 -0.3419
vn 0.0000 -0.8493 -0.5279
vn 0.0111 -0.7728 -0.6346
vn 0.0523 -0.8303 -0.5548
vn 0.0131 -0.7154 -0.6986
vn 0.0567 -0.8987 -0.4349
vn 0.0054 -0.7039 -0.7102
vn 0.0057 -0.7125 -0.7017
vn 0.0075 -0.9334 -0.3587
vn 0.0332 -0.9963 -0.0792
vn 0.0012 -0.9975 0.0710
vn 0.0027 -0.9990 0.0446
vn 0.0072 -0.9724 0.2334
vn 0.0020 -0.9589 0.2836
vn 0.0059 -0.9998 0.0164
vn 0.0265 -0.9869 0.1593
vn 0.1054 -0.8998 0.4234
vn 0.0215 -0.8563 0.5161
vn 0.0027 -0.8231 0.5680
vn 0.0320 -0.7870 0.6161
vn 0.0030 -0.7123 0.7018
vn 0.1747 -0.7966 0.5788
vn 0.0065 -1.0000 0.0044
vn 0.0457 -0.9969 0.0645
vn 0.0071 -1.0000 0.0018
vn 0.0565 -0.9978 0.0343
vn 0.2969 -0.9357 0.1904
vn 0.2030 -0.9289 0.3098
vn 0.3236 -0.8079 0.4925
vn 0.4280 -0.8504 0.3059
vn 0.0074 -1.0000 -0.0001
vn 0.0587 -0.9983 0.0068
vn 0.0072 -1.0000 -0.0001
vn 0.0576 -0.9983 0.0006
vn 0.3353 -0.9412 0.0413
vn 0.4727 -0.8773 0.0832
vn 0.0077 -1.0000 -0.0014
vn 0.0097 -0.9995 -0.0296
vn 0.0618 -0.9810 -0.1838
vn 0.0625 -0.9980 -0.0103
vn 0.1886 -0.9371 -0.2938
vn 0.3200 -0.9466 -0.0401
vn 0.1922 -0.9747 -0.1139
vn 0.4672 -0.8833 -0.0379
vn 0.0332 -0.9963 -0.0787
vn 0.1356 -0.9895 -0.0497
vn 0.6161 -0.7876 -0.0092
vn 0.0000 -0.9962 0.0870
vn 0.0002 -0.9965 0.0833
vn 0.0005 -0.9511 0.3089
vn -0.0000 -0.9496 0.3133
vn 0.0005 -0.8082 0.5889
vn -0.0000 -0.8071 0.5904
vn 0.0004 -0.6942 0.7198
vn 0.0000 -0.6921 0.7218
vn 0.0072 -1.0000 0.0000
vn 0.0573 -0.9984 0.0001
vn 0.0073 -1.0000 0.0000
vn 0.0575 -0.9983 -0.0001
vn 0.6998 -0.7143 -0.0000
vn 0.9242 -0.3814 -0.0181
vn 0.8607 -0.5092 0.0000
vn 0.8242 -0.5662 0.0000
vn 0.7737 -0.6335 0.0000
vn 0.3382 -0.9411 -0.0001
vn 0.5864 -0.8100 -0.0001
vn 0.0578 -0.9983 -0.0000
vn 0.0016 -0.9999 -0.0130
vn -0.0000 -0.9999 -0.0138
vn 0.0014 -1.0000 -0.0006
vn -0.0000 -1.0000 -0.0005
vn 0.0014 -1.0000 0.0001
vn 0.0013 -1.0000 0.0002
vn -0.0000 -1.0000 -0.0001
vn -0.0000 -1.0000 0.0002
vn -0.0000 -1.0000 -0.0000
vn 0.0013 -1.0000 0.0001
vn 0.0013 -1.0000 -0.0001
vn 0.0012 -1.0000 0.0001
vn 0.0012 -1.0000 0.0002
vn 0.0000 -1.0000 0.0004
vn 0.0000 -1.0000 0.0003
vn 0.0011 -1.0000 0.0004
vn 0.0012 -1.0000 0.0009
vn 0.0010 -1.0000 0.0045
vn 0.0006 -0.9999 0.0117
vn 0.0000 -1.0000 0.0015
vn -0.0000 -1.0000 0.0001
vn -0.0000 -0.9999 0.0171
vn -0.0002 -0.9998 0.0178
vn -0.8607 -0.5091 0.0000
vn -0.8177 -0.5502 0.1694
vn -0.8195 -0.5730 0.0000
vn -0.7748 -0.6113 0.1611
vn -0.5727 -0.6393 0.5132
vn -0.6708 -0.6421 0.3711
vn -0.6199 -0.7062 0.3421
vn -0.5278 -0.7060 0.4722
vn -0.5445 -0.8014 0.2474
vn -0.4828 -0.7782 0.4017
vn -0.7218 -0.6763 0.1469
vn -0.6108 -0.7873 0.0838
vn -0.2040 -0.4602 0.8641
vn -0.0838 -0.4070 0.9096
vn -0.1951 -0.5321 0.8239
vn -0.0813 -0.4781 0.8745
vn -0.3124 -0.5017 0.8066
vn -0.2967 -0.5719 0.7648
vn -0.0756 -0.5458 0.8345
vn -0.0002 -0.6029 0.7978
vn -0.0317 -0.6871 0.7259
vn -0.7737 -0.6336 -0.0000
vn -0.6847 -0.7288 0.0004
vn -0.6986 -0.7155 -0.0000
vn -0.4602 -0.5471 0.6993
vn -0.4338 -0.6142 0.6592
vn -0.6092 -0.5751 0.5460
vn -0.7142 -0.5778 0.3950
vn -0.4015 -0.6828 0.6104
vn -0.2764 -0.6413 0.7158
vn -0.3721 -0.7359 0.5657
vn -0.2401 -0.7128 0.6590
vn -0.1837 -0.6013 0.7776
vn -0.1271 -0.7078 0.6949
vn -0.3357 -0.9420 0.0041
vn -0.5571 -0.8304 0.0084
vn -0.5783 -0.8158 0.0010
vn -0.3366 -0.9416 0.0007
vn -0.5846 -0.8113 0.0001
vn -0.3377 -0.9413 -0.0000
vn -0.0046 -0.9951 -0.0984
vn -0.0199 -0.9449 -0.3268
vn -0.0059 -0.9357 -0.3528
vn -0.0021 -0.9953 -0.0971
vn -0.0112 -0.7729 -0.6344
vn -0.0523 -0.8302 -0.5551
vn -0.0567 -0.8987 -0.4349
vn -0.0131 -0.7154 -0.6985
vn -0.0054 -0.7042 -0.7100
vn -0.0075 -0.9333 -0.3589
vn -0.0057 -0.7123 -0.7019
vn -0.0331 -0.9964 -0.0784
vn -0.0012 -0.9975 0.0710
vn -0.0020 -0.9588 0.2841
vn -0.0072 -0.9722 0.2339
vn -0.0027 -0.9990 0.0445
vn -0.0265 -0.9869 0.1592
vn -0.0059 -0.9998 0.0164
vn -0.0214 -0.8561 0.5163
vn -0.1056 -0.9002 0.4225
vn -0.0027 -0.8227 0.5685
vn -0.0030 -0.7124 0.7017
vn -0.0322 -0.7869 0.6162
vn -0.1747 -0.7966 0.5787
vn -0.0457 -0.9969 0.0638
vn -0.0066 -1.0000 0.0043
vn -0.0567 -0.9978 0.0339
vn -0.0071 -1.0000 0.0019
vn -0.2031 -0.9291 0.3089
vn -0.2969 -0.9357 0.1903
vn -0.3236 -0.8079 0.4925
vn -0.4281 -0.8504 0.3057
vn -0.0587 -0.9983 0.0069
vn -0.0073 -1.0000 0.0004
vn -0.0576 -0.9983 0.0006
vn -0.0072 -1.0000 -0.0001
vn -0.3353 -0.9412 0.0414
vn -0.4727 -0.8773 0.0833
vn -0.0077 -1.0000 -0.0014
vn -0.0625 -0.9980 -0.0103
vn -0.0618 -0.9809 -0.1842
vn -0.0097 -0.9995 -0.0295
vn -0.1886 -0.9371 -0.2938
vn -0.3201 -0.9465 -0.0402
vn -0.4672 -0.8833 -0.0379
vn -0.1922 -0.9747 -0.1139
vn -0.1358 -0.9895 -0.0497
vn -0.6161 -0.7876 -0.0092
vn -0.0005 -0.9510 0.3091
vn -0.0002 -0.9965 0.0834
vn -0.0005 -0.8084 0.5887
vn -0.0004 -0.6943 0.7197
vn -0.0573 -0.9984 0.0001
vn -0.0072 -1.0000 0.0000
vn -0.0575 -0.9983 -0.0001
vn -0.0073 -1.0000 0.0000
vn -0.6999 -0.7143 -0.0000
vn -0.8607 -0.5092 0.0000
vn -0.8242 -0.5662 0.0000
vn -0.7737 -0.6335 0.0000
vn -0.5862 -0.8102 -0.0001
vn -0.3385 -0.9410 -0.0001
vn -0.0578 -0.9983 -0.0000
vn -0.0016 -0.9999 -0.0130
vn -0.0014 -1.0000 -0.0006
vn -0.0014 -1.0000 0.0001
vn -0.0013 -1.0000 0.0002
vn -0.0013 -1.0000 -0.0001
vn -0.0013 -1.0000 0.0001
vn -0.0012 -1.0000 0.0002
vn -0.0012 -1.0000 0.0003
vn -0.0011 -1.0000 0.0004
vn -0.0012 -1.0000 0.0009
vn -0.0010 -1.0000 0.0045
vn -0.0006 -0.9999 0.0118
vn 0.0002 -0.9998 0.0179
usemtl Fridge_Control
s 1
f 3355/4054/2173 3356/4055/2174 3357/4056/2175 3358/4057/2175
f 3356/4055/2174 3359/4058/2176 3360/4059/2175 3357/4056/2175
f 3357/4056/2175 3360/4059/2175 3361/4060/2175 3362/4061/2175
f 3358/4057/2175 3357/4056/2175 3362/4061/2175 3363/4062/2175
f 3364/4063/2177 3365/4064/2178 3366/4065/2179 3367/4066/2179
f 3365/4064/2178 3368/4067/2180 3369/4068/2175 3366/4065/2179
f 3366/4065/2179 3369/4068/2175 3370/4069/2181 3371/4070/2175
f 3367/4066/2179 3366/4065/2179 3371/4070/2175 3372/4071/2179
f 3373/4072/2182 3374/4073/2183 3375/4074/2184 3376/4075/2185
f 3374/4073/2183 3377/4076/2186 3378/4077/2187 3375/4074/2184
f 3375/4074/2184 3378/4077/2187 3379/4078/2188 3380/4079/2184
f 3376/4075/2185 3375/4074/2184 3380/4079/2184 3381/4080/2185
f 3372/4071/2189 3371/4070/2189 3382/4081/2190 3383/4082/2190
f 3371/4070/2189 3370/4069/2191 3384/4083/2192 3382/4081/2190
f 3382/4081/2190 3384/4083/2192 3385/4084/2193 3386/4085/2194
f 3383/4082/2190 3382/4081/2190 3386/4085/2194 3387/4086/2194
f 3363/4062/2195 3362/4061/2196 3388/4087/2195 3389/4088/2195
f 3362/4061/2196 3361/4060/2196 3390/4089/2197 3388/4087/2195
f 3388/4087/2195 3390/4089/2197 3391/4090/2198 3392/4091/2199
f 3389/4088/2195 3388/4087/2195 3392/4091/2199 3393/4092/2199
f 3394/4093/2200 3395/4094/2175 3396/4095/2201 3397/4096/2202
f 3395/4094/2175 3398/4097/2203 3399/4098/2204 3396/4095/2201
f 3396/4095/2201 3399/4098/2204 3400/4099/2175 3401/4100/2175
f 3397/4096/2202 3396/4095/2201 3401/4100/2175 3402/4101/2205
f 3402/4101/2205 3401/4100/2175 3403/4102/2179 3404/4103/2206
f 3401/4100/2175 3400/4099/2175 3405/4104/2207 3403/4102/2179
f 3403/4102/2179 3405/4104/2207 3406/4105/2179 3407/4106/2179
f 3404/4103/2206 3403/4102/2179 3407/4106/2179 3408/4107/2208
f 3408/4107/2208 3407/4106/2179 3409/4108/2175 3410/4109/2209
f 3407/4106/2179 3406/4105/2179 3411/4110/2210 3409/4108/2175
f 3409/4108/2175 3411/4110/2210 3370/4069/2181 3369/4068/2175
f 3410/4109/2209 3409/4108/2175 3369/4068/2175 3368/4067/2180
f 3385/4084/2193 3384/4083/2192 3412/4111/2211 3413/4112/2212
f 3384/4083/2192 3370/4069/2191 3411/4110/2213 3412/4111/2211
f 3412/4111/2211 3411/4110/2213 3406/4105/2214 3414/4113/2215
f 3413/4112/2212 3412/4111/2211 3414/4113/2215 3415/4114/2216
f 3415/4114/2216 3414/4113/2215 3416/4115/2217 3417/4116/2218
f 3414/4113/2215 3406/4105/2214 3405/4104/2219 3416/4115/2217
f 3416/4115/2217 3405/4104/2219 3400/4099/2220 3418/4117/2221
f 3417/4116/2218 3416/4115/2217 3418/4117/2221 3419/4118/2222
f 3419/4118/2222 3418/4117/2221 3420/4119/2223 3421/4120/2224
f 3418/4117/2221 3400/4099/2220 3399/4098/2225 3420/4119/2223
f 3420/4119/2223 3399/4098/2225 3398/4097/2226 3422/4121/2227
f 3421/4120/2224 3420/4119/2223 3422/4121/2227 3423/4122/2228
f 3377/4076/2186 3374/4073/2183 3424/4123/2229 3425/4124/2230
f 3374/4073/2183 3373/4072/2182 3426/4125/2231 3424/4123/2229
f 3424/4123/2229 3426/4125/2231 3427/4126/2232 3428/4127/2233
f 3425/4124/2230 3424/4123/2229 3428/4127/2233 3429/4128/2234
f 3429/4128/2234 3428/4127/2233 3430/4129/2235 3431/4130/2236
f 3428/4127/2233 3427/4126/2232 3432/4131/2237 3430/4129/2235
f 3430/4129/2235 3432/4131/2237 3433/4132/2238 3434/4133/2239
f 3431/4130/2236 3430/4129/2235 3434/4133/2239 3435/4134/2240
f 3435/4134/2240 3434/4133/2239 3436/4135/2241 3437/4136/2242
f 3434/4133/2239 3433/4132/2238 3438/4137/2243 3436/4135/2241
f 3436/4135/2241 3438/4137/2243 3439/4138/2244 3440/4139/2245
f 3437/4136/2242 3436/4135/2241 3440/4139/2245 3441/4140/2246
f 3442/4141/2247 3443/4142/2248 3444/4143/2248 3445/4144/2249
f 3443/4142/2248 3446/4145/2250 3447/4146/2251 3444/4143/2248
f 3444/4143/2248 3447/4146/2251 3441/4147/2246 3440/4148/2245
f 3445/4144/2249 3444/4143/2248 3440/4148/2245 3439/4149/2244
f 3359/4058/2176 3448/4150/2252 3449/4151/2253 3450/4152/2254
f 3451/4153/2255 3452/4154/2256 3449/4151/2253 3448/4150/2252
f 3453/4155/2257 3450/4152/2254 3449/4151/2253 3452/4154/2256
f 3451/4153/2255 3454/4156/2258 3455/4157/2259 3452/4154/2256
f 3456/4158/2260 3457/4159/2261 3455/4157/2259 3454/4156/2258
f 3453/4155/2257 3452/4154/2256 3455/4157/2259 3457/4159/2261
f 3456/4158/2260 3458/4160/2262 3459/4161/2263 3457/4159/2261
f 3460/4162/2264 3461/4163/2265 3459/4161/2263 3458/4160/2262
f 3453/4155/2257 3457/4159/2261 3459/4161/2263 3461/4163/2265
f 3408/4107/2208 3410/4109/2209 3462/4164/2266 3463/4165/2267
f 3410/4109/2209 3368/4067/2180 3464/4166/2268 3462/4164/2266
f 3462/4164/2266 3464/4166/2268 3465/4167/2269 3466/4168/2270
f 3463/4165/2267 3462/4164/2266 3466/4168/2270 3467/4169/2271
f 3467/4169/2271 3466/4168/2270 3468/4170/2272 3469/4171/2273
f 3466/4168/2270 3465/4167/2269 3470/4172/2274 3468/4170/2272
f 3468/4170/2272 3470/4172/2274 3471/4173/2275 3472/4174/2276
f 3469/4171/2273 3468/4170/2272 3472/4174/2276 3473/4175/2277
f 3473/4175/2277 3472/4174/2276 3474/4176/2278 3475/4177/2279
f 3472/4174/2276 3471/4173/2275 3476/4178/2280 3474/4176/2278
f 3474/4176/2278 3476/4178/2280 3377/4076/2186 3425/4124/2230
f 3475/4177/2279 3474/4176/2278 3425/4124/2230 3429/4128/2234
f 3402/4101/2205 3404/4103/2206 3477/4179/2281 3478/4180/2282
f 3404/4103/2206 3408/4107/2208 3463/4165/2267 3477/4179/2281
f 3477/4179/2281 3463/4165/2267 3467/4169/2271 3479/4181/2283
f 3478/4180/2282 3477/4179/2281 3479/4181/2283 3480/4182/2284
f 3480/4182/2284 3479/4181/2283 3481/4183/2285 3482/4184/2286
f 3479/4181/2283 3467/4169/2271 3469/4171/2273 3481/4183/2285
f 3481/4183/2285 3469/4171/2273 3473/4175/2277 3483/4185/2287
f 3482/4184/2286 3481/4183/2285 3483/4185/2287 3484/4186/2288
f 3484/4186/2288 3483/4185/2287 3485/4187/2289 3486/4188/2290
f 3483/4185/2287 3473/4175/2277 3475/4177/2279 3485/4187/2289
f 3485/4187/2289 3475/4177/2279 3429/4128/2234 3431/4130/2236
f 3486/4188/2290 3485/4187/2289 3431/4130/2236 3435/4134/2240
f 3394/4093/2200 3397/4096/2202 3487/4189/2291 3488/4190/2292
f 3397/4096/2202 3402/4101/2205 3478/4180/2282 3487/4189/2291
f 3487/4189/2291 3478/4180/2282 3480/4182/2284 3489/4191/2293
f 3488/4190/2292 3487/4189/2291 3489/4191/2293 3490/4192/2294
f 3490/4192/2294 3489/4191/2293 3491/4193/2295 3492/4194/2296
f 3489/4191/2293 3480/4182/2284 3482/4184/2286 3491/4193/2295
f 3491/4193/2295 3482/4184/2286 3484/4186/2288 3493/4195/2297
f 3492/4194/2296 3491/4193/2295 3493/4195/2297 3494/4196/2298
f 3494/4196/2298 3493/4195/2297 3495/4197/2299 3496/4198/2300
f 3493/4195/2297 3484/4186/2288 3486/4188/2290 3495/4197/2299
f 3495/4197/2299 3486/4188/2290 3435/4134/2240 3437/4136/2242
f 3496/4198/2300 3495/4197/2299 3437/4136/2242 3441/4140/2246
f 3497/4199/2301 3498/4200/2173 3499/4201/2302 3500/4202/2303
f 3498/4200/2173 3394/4203/2200 3488/4204/2292 3499/4201/2302
f 3499/4201/2302 3488/4204/2292 3490/4205/2294 3501/4206/2304
f 3500/4202/2303 3499/4201/2302 3501/4206/2304 3502/4207/2305
f 3502/4207/2305 3501/4206/2304 3503/4208/2306 3504/4209/2307
f 3501/4206/2304 3490/4205/2294 3492/4210/2296 3503/4208/2306
f 3503/4208/2306 3492/4210/2296 3494/4211/2298 3505/4212/2308
f 3504/4209/2307 3503/4208/2306 3505/4212/2308 3506/4213/2309
f 3506/4213/2309 3505/4212/2308 3507/4214/2310 3508/4215/2311
f 3505/4212/2308 3494/4211/2298 3496/4216/2300 3507/4214/2310
f 3507/4214/2310 3496/4216/2300 3441/4147/2246 3447/4146/2251
f 3508/4215/2311 3507/4214/2310 3447/4146/2251 3446/4145/2250
f 3368/4067/2180 3365/4064/2178 3509/4217/2312 3464/4166/2268
f 3365/4064/2178 3364/4063/2177 3510/4218/2313 3509/4217/2312
f 3509/4217/2312 3510/4218/2313 3511/4219/2314 3512/4220/2315
f 3464/4166/2268 3509/4217/2312 3512/4220/2315 3465/4167/2269
f 3465/4167/2269 3512/4220/2315 3513/4221/2316 3470/4172/2274
f 3512/4220/2315 3511/4219/2314 3514/4222/2317 3513/4221/2316
f 3513/4221/2316 3514/4222/2317 3515/4223/2318 3516/4224/2319
f 3470/4172/2274 3513/4221/2316 3516/4224/2319 3471/4173/2275
f 3471/4173/2275 3516/4224/2319 3517/4225/2320 3476/4178/2280
f 3516/4224/2319 3515/4223/2318 3518/4226/2321 3517/4225/2320
f 3517/4225/2320 3518/4226/2321 3379/4078/2188 3378/4077/2187
f 3476/4178/2280 3517/4225/2320 3378/4077/2187 3377/4076/2186
f 3519/4227/2322 3520/4228/2323 3521/4229/2324 3522/4230/2322
f 3523/4231/2325 3524/4232/2326 3521/4229/2324 3520/4228/2323
f 3525/4233/2327 3522/4230/2328 3521/4229/2328 3524/4232/2329
f 3523/4231/2325 3526/4234/2330 3527/4235/2331 3524/4232/2326
f 3528/4236/2332 3529/4237/2333 3527/4235/2331 3526/4234/2330
f 3525/4233/2327 3524/4232/2329 3527/4235/2334 3529/4237/2335
f 3528/4236/2332 3530/4238/2336 3531/4239/2337 3529/4237/2333
f 3532/4240/2338 3533/4241/2338 3531/4239/2337 3530/4238/2336
f 3525/4233/2327 3529/4237/2335 3531/4239/2339 3533/4241/2340
f 3534/4242/2341 3535/4243/2342 3536/4244/2343 3537/4245/2344
f 3535/4243/2342 3538/4246/2345 3539/4247/2346 3536/4244/2343
f 3536/4244/2343 3539/4247/2346 3540/4248/2347 3541/4249/2348
f 3537/4245/2344 3536/4244/2343 3541/4249/2348 3542/4250/2349
f 3542/4250/2349 3541/4249/2348 3543/4251/2350 3544/4252/2351
f 3541/4249/2348 3540/4248/2347 3545/4253/2352 3543/4251/2350
f 3543/4251/2350 3545/4253/2352 3546/4254/2353 3547/4255/2354
f 3544/4252/2351 3543/4251/2350 3547/4255/2354 3548/4256/2355
f 3548/4256/2355 3547/4255/2354 3549/4257/2356 3550/4258/2357
f 3547/4255/2354 3546/4254/2353 3551/4259/2358 3549/4257/2356
f 3549/4257/2356 3551/4259/2358 3427/4126/2232 3426/4125/2231
f 3550/4258/2357 3549/4257/2356 3426/4125/2231 3373/4072/2182
f 3538/4246/2345 3552/4260/2359 3553/4261/2360 3539/4247/2346
f 3552/4260/2359 3554/4262/2361 3555/4263/2362 3553/4261/2360
f 3553/4261/2360 3555/4263/2362 3556/4264/2363 3557/4265/2364
f 3539/4247/2346 3553/4261/2360 3557/4265/2364 3540/4248/2347
f 3540/4248/2347 3557/4265/2364 3558/4266/2365 3545/4253/2352
f 3557/4265/2364 3556/4264/2363 3559/4267/2366 3558/4266/2365
f 3558/4266/2365 3559/4267/2366 3560/4268/2367 3561/4269/2368
f 3545/4253/2352 3558/4266/2365 3561/4269/2368 3546/4254/2353
f 3546/4254/2353 3561/4269/2368 3562/4270/2369 3551/4259/2358
f 3561/4269/2368 3560/4268/2367 3563/4271/2370 3562/4270/2369
f 3562/4270/2369 3563/4271/2370 3433/4132/2238 3432/4131/2237
f 3551/4259/2358 3562/4270/2369 3432/4131/2237 3427/4126/2232
f 3554/4262/2361 3564/4272/2371 3565/4273/2372 3555/4263/2362
f 3564/4272/2371 3566/4274/2373 3567/4275/2374 3565/4273/2372
f 3565/4273/2372 3567/4275/2374 3568/4276/2375 3569/4277/2376
f 3555/4263/2362 3565/4273/2372 3569/4277/2376 3556/4264/2363
f 3556/4264/2363 3569/4277/2376 3570/4278/2377 3559/4267/2366
f 3569/4277/2376 3568/4276/2375 3571/4279/2378 3570/4278/2377
f 3570/4278/2377 3571/4279/2378 3572/4280/2379 3573/4281/2380
f 3559/4267/2366 3570/4278/2377 3573/4281/2380 3560/4268/2367
f 3560/4268/2367 3573/4281/2380 3574/4282/2381 3563/4271/2370
f 3573/4281/2380 3572/4280/2379 3575/4283/2382 3574/4282/2381
f 3574/4282/2381 3575/4283/2382 3439/4138/2244 3438/4137/2243
f 3563/4271/2370 3574/4282/2381 3438/4137/2243 3433/4132/2238
f 3442/4141/2247 3445/4144/2249 3576/4284/2383 3577/4285/2383
f 3445/4144/2249 3439/4149/2244 3575/4286/2382 3576/4284/2383
f 3576/4284/2383 3575/4286/2382 3572/4287/2379 3578/4288/2384
f 3577/4285/2383 3576/4284/2383 3578/4288/2384 3579/4289/2385
f 3579/4289/2385 3578/4288/2384 3580/4290/2386 3581/4291/2387
f 3578/4288/2384 3572/4287/2379 3571/4292/2378 3580/4290/2386
f 3580/4290/2386 3571/4292/2378 3568/4293/2375 3582/4294/2388
f 3581/4291/2387 3580/4290/2386 3582/4294/2388 3583/4295/2388
f 3583/4295/2388 3582/4294/2388 3584/4296/2389 3585/4297/2390
f 3582/4294/2388 3568/4293/2375 3567/4298/2374 3584/4296/2389
f 3584/4296/2389 3567/4298/2374 3566/4299/2373 3586/4300/2391
f 3585/4297/2390 3584/4296/2389 3586/4300/2391 3587/4301/2391
f 3588/4302/2392 3589/4303/2392 3590/4304/2393 3591/4305/2393
f 3589/4303/2392 3534/4242/2341 3537/4245/2344 3590/4304/2393
f 3590/4304/2393 3537/4245/2344 3542/4250/2349 3592/4306/2394
f 3591/4305/2393 3590/4304/2393 3592/4306/2394 3593/4307/2394
f 3593/4307/2394 3592/4306/2394 3594/4308/2395 3595/4309/2395
f 3592/4306/2394 3542/4250/2349 3544/4252/2351 3594/4308/2395
f 3594/4308/2395 3544/4252/2351 3548/4256/2355 3596/4310/2396
f 3595/4309/2395 3594/4308/2395 3596/4310/2396 3597/4311/2396
f 3597/4311/2396 3596/4310/2396 3598/4312/2397 3599/4313/2398
f 3596/4310/2396 3548/4256/2355 3550/4258/2357 3598/4312/2397
f 3598/4312/2397 3550/4258/2357 3373/4072/2182 3376/4075/2185
f 3599/4313/2398 3598/4312/2397 3376/4075/2185 3381/4080/2185
f 3600/4314/2399 3601/4315/2400 3602/4316/2401 3603/4317/2402
f 3601/4315/2400 3583/4295/2388 3585/4297/2390 3602/4316/2401
f 3602/4316/2401 3585/4297/2390 3587/4301/2391 3604/4318/2403
f 3603/4317/2402 3602/4316/2401 3604/4318/2403 3605/4319/2404
f 3606/4320/2405 3607/4321/2384 3608/4322/2406 3609/4323/2407
f 3607/4321/2384 3579/4289/2385 3581/4291/2387 3608/4322/2406
f 3608/4322/2406 3581/4291/2387 3583/4295/2388 3601/4315/2400
f 3609/4323/2407 3608/4322/2406 3601/4315/2400 3600/4314/2399
f 3610/4324/2408 3611/4325/2409 3612/4326/2410 3613/4327/2411
f 3611/4325/2409 3442/4141/2247 3577/4285/2383 3612/4326/2410
f 3612/4326/2410 3577/4285/2383 3579/4289/2385 3607/4321/2384
f 3613/4327/2411 3612/4326/2410 3607/4321/2384 3606/4320/2405
f 3614/4328/2412 3615/4329/2413 3616/4330/2414 3617/4331/2415
f 3615/4329/2413 3506/4213/2309 3508/4215/2311 3616/4330/2414
f 3616/4330/2414 3508/4215/2311 3446/4145/2250 3618/4332/2416
f 3617/4331/2415 3616/4330/2414 3618/4332/2416 3619/4333/2417
f 3620/4334/2418 3621/4335/2419 3622/4336/2420 3623/4337/2421
f 3621/4335/2419 3502/4207/2305 3504/4209/2307 3622/4336/2420
f 3622/4336/2420 3504/4209/2307 3506/4213/2309 3615/4329/2413
f 3623/4337/2421 3622/4336/2420 3615/4329/2413 3614/4328/2412
f 3355/4054/2173 3624/4338/2173 3625/4339/2422 3626/4340/2423
f 3624/4338/2173 3497/4199/2301 3500/4202/2303 3625/4339/2422
f 3625/4339/2422 3500/4202/2303 3502/4207/2305 3621/4335/2419
f 3626/4340/2423 3625/4339/2422 3621/4335/2419 3620/4334/2418
f 3610/4324/2408 3627/4341/2248 3628/4342/2248 3611/4325/2409
f 3627/4341/2248 3619/4333/2417 3618/4332/2416 3628/4342/2248
f 3628/4342/2248 3618/4332/2416 3446/4145/2250 3443/4142/2248
f 3611/4325/2409 3628/4342/2248 3443/4142/2248 3442/4141/2247
f 3398/4343/2226 3629/4344/2195 3630/4345/2195 3422/4346/2227
f 3629/4344/2195 3631/4347/2195 3632/4348/2195 3630/4345/2195
f 3630/4345/2195 3632/4348/2195 3633/4349/2199 3634/4350/2199
f 3422/4346/2227 3630/4345/2195 3634/4350/2199 3423/4351/2228
f 3394/4203/2200 3498/4200/2173 3635/4352/2175 3395/4353/2175
f 3498/4200/2173 3497/4199/2301 3636/4354/2175 3635/4352/2175
f 3635/4352/2175 3636/4354/2175 3631/4347/2175 3629/4344/2175
f 3395/4353/2175 3635/4352/2175 3629/4344/2175 3398/4343/2203
f 3519/4227/2424 3637/4355/2248 3638/4356/2248 3639/4357/2425
f 3637/4355/2248 3460/4162/2426 3640/4358/2427 3638/4356/2248
f 3638/4356/2248 3640/4358/2427 3619/4333/2417 3627/4341/2248
f 3639/4357/2425 3638/4356/2248 3627/4341/2248 3610/4324/2408
f 3359/4058/2176 3356/4055/2174 3641/4359/2428 3448/4150/2252
f 3356/4055/2174 3355/4054/2173 3626/4340/2423 3641/4359/2428
f 3641/4359/2428 3626/4340/2423 3620/4334/2418 3642/4360/2429
f 3448/4150/2252 3641/4359/2428 3642/4360/2429 3451/4153/2255
f 3451/4153/2255 3642/4360/2429 3643/4361/2430 3454/4156/2258
f 3642/4360/2429 3620/4334/2418 3623/4337/2421 3643/4361/2430
f 3643/4361/2430 3623/4337/2421 3614/4328/2412 3644/4362/2431
f 3454/4156/2258 3643/4361/2430 3644/4362/2431 3456/4158/2260
f 3456/4158/2260 3644/4362/2431 3645/4363/2432 3458/4160/2262
f 3644/4362/2431 3614/4328/2412 3617/4331/2415 3645/4363/2432
f 3645/4363/2432 3617/4331/2415 3619/4333/2417 3640/4358/2427
f 3458/4160/2262 3645/4363/2432 3640/4358/2427 3460/4162/2433
f 3519/4227/2424 3639/4357/2425 3646/4364/2434 3520/4228/2435
f 3639/4357/2425 3610/4324/2408 3613/4327/2411 3646/4364/2434
f 3646/4364/2434 3613/4327/2411 3606/4320/2405 3647/4365/2436
f 3520/4228/2435 3646/4364/2434 3647/4365/2436 3523/4231/2437
f 3523/4231/2437 3647/4365/2436 3648/4366/2438 3526/4234/2439
f 3647/4365/2436 3606/4320/2405 3609/4323/2407 3648/4366/2438
f 3648/4366/2438 3609/4323/2407 3600/4314/2399 3649/4367/2440
f 3526/4234/2439 3648/4366/2438 3649/4367/2440 3528/4236/2441
f 3528/4236/2441 3649/4367/2440 3650/4368/2442 3530/4238/2443
f 3649/4367/2440 3600/4314/2399 3603/4317/2402 3650/4368/2442
f 3650/4368/2442 3603/4317/2402 3605/4319/2404 3651/4369/2444
f 3530/4238/2443 3650/4368/2442 3651/4369/2444 3532/4240/2445
f 3631/4347/2195 3652/4370/2195 3653/4371/2195 3632/4348/2195
f 3652/4370/2195 3363/4062/2195 3389/4088/2195 3653/4371/2195
f 3653/4371/2195 3389/4088/2195 3393/4092/2199 3654/4372/2199
f 3632/4348/2195 3653/4371/2195 3654/4372/2199 3633/4349/2199
f 3497/4199/2301 3624/4338/2173 3655/4373/2175 3636/4354/2175
f 3624/4338/2173 3355/4054/2173 3358/4057/2175 3655/4373/2175
f 3655/4373/2175 3358/4057/2175 3363/4062/2175 3652/4370/2175
f 3636/4354/2175 3655/4373/2175 3652/4370/2175 3631/4347/2175
f 3656/4374/2446 3657/4375/2175 3658/4376/2175 3659/4377/2447
f 3659/4377/2447 3658/4376/2175 3660/4378/2175 3661/4379/2448
f 3658/4376/2175 3662/4380/2175 3663/4381/2175 3660/4378/2175
f 3657/4375/2175 3664/4382/2175 3662/4380/2175 3658/4376/2175
f 3364/4063/2177 3367/4066/2179 3665/4383/2175 3666/4384/2449
f 3666/4384/2449 3665/4383/2175 3667/4385/2175 3668/4386/2450
f 3665/4383/2175 3669/4387/2175 3670/4388/2207 3667/4385/2175
f 3367/4066/2179 3372/4071/2179 3669/4387/2175 3665/4383/2175
f 3671/4389/2451 3672/4390/2185 3673/4391/2184 3674/4392/2452
f 3674/4392/2452 3673/4391/2184 3675/4393/2453 3676/4394/2454
f 3673/4391/2184 3380/4079/2184 3379/4078/2188 3675/4393/2453
f 3672/4390/2185 3381/4080/2185 3380/4079/2184 3673/4391/2184
f 3372/4071/2189 3383/4082/2190 3677/4395/2190 3669/4387/2455
f 3669/4387/2455 3677/4395/2190 3678/4396/2456 3670/4388/2457
f 3677/4395/2190 3679/4397/2194 3680/4398/2458 3678/4396/2456
f 3383/4082/2190 3387/4086/2194 3679/4397/2194 3677/4395/2190
f 3664/4382/2459 3681/4399/2459 3682/4400/2459 3662/4380/2460
f 3662/4380/2460 3682/4400/2459 3683/4401/2461 3663/4381/2460
f 3682/4400/2459 3684/4402/2462 3685/4403/2463 3683/4401/2461
f 3681/4399/2459 3686/4404/2462 3684/4402/2462 3682/4400/2459
f 3687/4405/2464 3688/4406/2465 3689/4407/2466 3690/4408/2175
f 3690/4408/2175 3689/4407/2466 3691/4409/2466 3692/4410/2467
f 3689/4407/2466 3693/4411/2175 3694/4412/2468 3691/4409/2466
f 3688/4406/2465 3695/4413/2469 3693/4411/2175 3689/4407/2466
f 3695/4413/2469 3696/4414/2470 3697/4415/2179 3693/4411/2175
f 3693/4411/2175 3697/4415/2179 3698/4416/2471 3694/4412/2468
f 3697/4415/2179 3699/4417/2466 3700/4418/2466 3698/4416/2471
f 3696/4414/2470 3701/4419/2472 3699/4417/2466 3697/4415/2179
f 3701/4419/2472 3702/4420/2473 3703/4421/2175 3699/4417/2466
f 3699/4417/2466 3703/4421/2175 3704/4422/2474 3700/4418/2466
f 3703/4421/2175 3667/4385/2175 3670/4388/2207 3704/4422/2474
f 3702/4420/2473 3668/4386/2450 3667/4385/2175 3703/4421/2175
f 3680/4398/2458 3705/4423/2475 3706/4424/2476 3678/4396/2456
f 3678/4396/2456 3706/4424/2476 3704/4422/2477 3670/4388/2457
f 3706/4424/2476 3707/4425/2478 3700/4418/2479 3704/4422/2477
f 3705/4423/2475 3708/4426/2480 3707/4425/2478 3706/4424/2476
f 3708/4426/2480 3709/4427/2481 3710/4428/2482 3707/4425/2478
f 3707/4425/2478 3710/4428/2482 3698/4416/2483 3700/4418/2479
f 3710/4428/2482 3711/4429/2484 3694/4412/2485 3698/4416/2483
f 3709/4427/2481 3712/4430/2486 3711/4429/2484 3710/4428/2482
f 3712/4430/2486 3713/4431/2487 3714/4432/2488 3711/4429/2484
f 3711/4429/2484 3714/4432/2488 3691/4409/2489 3694/4412/2485
f 3714/4432/2488 3715/4433/2490 3692/4410/2491 3691/4409/2489
f 3713/4431/2487 3716/4434/2492 3715/4433/2490 3714/4432/2488
f 3676/4394/2454 3717/4435/2493 3718/4436/2494 3674/4392/2452
f 3674/4392/2452 3718/4436/2494 3719/4437/2495 3671/4389/2451
f 3718/4436/2494 3720/4438/2496 3721/4439/2497 3719/4437/2495
f 3717/4435/2493 3722/4440/2498 3720/4438/2496 3718/4436/2494
f 3722/4440/2498 3723/4441/2499 3724/4442/2500 3720/4438/2496
f 3720/4438/2496 3724/4442/2500 3725/4443/2501 3721/4439/2497
f 3724/4442/2500 3726/4444/2502 3727/4445/2503 3725/4443/2501
f 3723/4441/2499 3728/4446/2504 3726/4444/2502 3724/4442/2500
f 3728/4446/2504 3729/4447/2505 3730/4448/2506 3726/4444/2502
f 3726/4444/2502 3730/4448/2506 3731/4449/2507 3727/4445/2503
f 3730/4448/2506 3732/4450/2508 3733/4451/2509 3731/4449/2507
f 3729/4447/2505 3734/4452/2510 3732/4450/2508 3730/4448/2506
f 3735/4453/2511 3736/4454/2512 3737/4455/2513 3738/4456/2513
f 3738/4456/2513 3737/4455/2513 3739/4457/2514 3740/4458/2515
f 3737/4455/2513 3732/4459/2508 3734/4460/2510 3739/4457/2514
f 3736/4454/2512 3733/4461/2509 3732/4459/2508 3737/4455/2513
f 3661/4379/2448 3741/4462/2516 3742/4463/2517 3743/4464/2518
f 3744/4465/2519 3743/4464/2518 3742/4463/2517 3745/4466/2520
f 3746/4467/2521 3745/4466/2520 3742/4463/2517 3741/4462/2516
f 3744/4465/2519 3745/4466/2520 3747/4468/2522 3748/4469/2523
f 3749/4470/2524 3748/4469/2523 3747/4468/2522 3750/4471/2525
f 3746/4467/2521 3750/4471/2525 3747/4468/2522 3745/4466/2520
f 3749/4470/2524 3750/4471/2525 3751/4472/2526 3752/4473/2527
f 3753/4474/2528 3752/4473/2527 3751/4472/2526 3754/4475/2529
f 3746/4467/2521 3754/4475/2529 3751/4472/2526 3750/4471/2525
f 3701/4419/2472 3755/4476/2530 3756/4477/2531 3702/4420/2473
f 3702/4420/2473 3756/4477/2531 3757/4478/2532 3668/4386/2450
f 3756/4477/2531 3758/4479/2533 3759/4480/2534 3757/4478/2532
f 3755/4476/2530 3760/4481/2535 3758/4479/2533 3756/4477/2531
f 3760/4481/2535 3761/4482/2536 3762/4483/2537 3758/4479/2533
f 3758/4479/2533 3762/4483/2537 3763/4484/2538 3759/4480/2534
f 3762/4483/2537 3764/4485/2539 3765/4486/2540 3763/4484/2538
f 3761/4482/2536 3766/4487/2541 3764/4485/2539 3762/4483/2537
f 3766/4487/2541 3767/4488/2542 3768/4489/2543 3764/4485/2539
f 3764/4485/2539 3768/4489/2543 3769/4490/2544 3765/4486/2540
f 3768/4489/2543 3717/4435/2493 3676/4394/2454 3769/4490/2544
f 3767/4488/2542 3722/4440/2498 3717/4435/2493 3768/4489/2543
f 3695/4413/2469 3770/4491/2545 3771/4492/2546 3696/4414/2470
f 3696/4414/2470 3771/4492/2546 3755/4476/2530 3701/4419/2472
f 3771/4492/2546 3772/4493/2547 3760/4481/2535 3755/4476/2530
f 3770/4491/2545 3773/4494/2548 3772/4493/2547 3771/4492/2546
f 3773/4494/2548 3774/4495/2549 3775/4496/2550 3772/4493/2547
f 3772/4493/2547 3775/4496/2550 3761/4482/2536 3760/4481/2535
f 3775/4496/2550 3776/4497/2551 3766/4487/2541 3761/4482/2536
f 3774/4495/2549 3777/4498/2552 3776/4497/2551 3775/4496/2550
f 3777/4498/2552 3778/4499/2553 3779/4500/2554 3776/4497/2551
f 3776/4497/2551 3779/4500/2554 3767/4488/2542 3766/4487/2541
f 3779/4500/2554 3723/4441/2499 3722/4440/2498 3767/4488/2542
f 3778/4499/2553 3728/4446/2504 3723/4441/2499 3779/4500/2554
f 3687/4405/2464 3780/4501/2555 3781/4502/2556 3688/4406/2465
f 3688/4406/2465 3781/4502/2556 3770/4491/2545 3695/4413/2469
f 3781/4502/2556 3782/4503/2557 3773/4494/2548 3770/4491/2545
f 3780/4501/2555 3783/4504/2558 3782/4503/2557 3781/4502/2556
f 3783/4504/2558 3784/4505/2559 3785/4506/2560 3782/4503/2557
f 3782/4503/2557 3785/4506/2560 3774/4495/2549 3773/4494/2548
f 3785/4506/2560 3786/4507/2561 3777/4498/2552 3774/4495/2549
f 3784/4505/2559 3787/4508/2562 3786/4507/2561 3785/4506/2560
f 3787/4508/2562 3788/4509/2563 3789/4510/2564 3786/4507/2561
f 3786/4507/2561 3789/4510/2564 3778/4499/2553 3777/4498/2552
f 3789/4510/2564 3729/4447/2505 3728/4446/2504 3778/4499/2553
f 3788/4509/2563 3734/4452/2510 3729/4447/2505 3789/4510/2564
f 3790/4511/2565 3791/4512/2566 3792/4513/2567 3793/4514/2568
f 3793/4514/2568 3792/4513/2567 3780/4515/2555 3687/4516/2464
f 3792/4513/2567 3794/4517/2569 3783/4518/2558 3780/4515/2555
f 3791/4512/2566 3795/4519/2570 3794/4517/2569 3792/4513/2567
f 3795/4519/2570 3796/4520/2571 3797/4521/2572 3794/4517/2569
f 3794/4517/2569 3797/4521/2572 3784/4522/2559 3783/4518/2558
f 3797/4521/2572 3798/4523/2573 3787/4524/2562 3784/4522/2559
f 3796/4520/2571 3799/4525/2574 3798/4523/2573 3797/4521/2572
f 3799/4525/2574 3800/4526/2575 3801/4527/2576 3798/4523/2573
f 3798/4523/2573 3801/4527/2576 3788/4528/2563 3787/4524/2562
f 3801/4527/2576 3739/4457/2514 3734/4460/2510 3788/4528/2563
f 3800/4526/2575 3740/4458/2515 3739/4457/2514 3801/4527/2576
f 3668/4386/2450 3757/4478/2532 3802/4529/2577 3666/4384/2449
f 3666/4384/2449 3802/4529/2577 3510/4218/2313 3364/4063/2177
f 3802/4529/2577 3803/4530/2578 3511/4219/2314 3510/4218/2313
f 3757/4478/2532 3759/4480/2534 3803/4530/2578 3802/4529/2577
f 3759/4480/2534 3763/4484/2538 3804/4531/2579 3803/4530/2578
f 3803/4530/2578 3804/4531/2579 3514/4222/2317 3511/4219/2314
f 3804/4531/2579 3805/4532/2580 3515/4223/2318 3514/4222/2317
f 3763/4484/2538 3765/4486/2540 3805/4532/2580 3804/4531/2579
f 3765/4486/2540 3769/4490/2544 3806/4533/2581 3805/4532/2580
f 3805/4532/2580 3806/4533/2581 3518/4226/2321 3515/4223/2318
f 3806/4533/2581 3675/4393/2453 3379/4078/2188 3518/4226/2321
f 3769/4490/2544 3676/4394/2454 3675/4393/2453 3806/4533/2581
f 3807/4534/2582 3808/4535/2582 3809/4536/2583 3810/4537/2584
f 3811/4538/2585 3810/4537/2584 3809/4536/2583 3812/4539/2586
f 3813/4540/2587 3812/4539/2588 3809/4536/2589 3808/4535/2589
f 3811/4538/2585 3812/4539/2586 3814/4541/2590 3815/4542/2591
f 3816/4543/2592 3815/4542/2591 3814/4541/2590 3817/4544/2593
f 3813/4540/2587 3817/4544/2594 3814/4541/2595 3812/4539/2588
f 3816/4543/2592 3817/4544/2593 3818/4545/2596 3819/4546/2597
f 3820/4547/2598 3819/4546/2597 3818/4545/2596 3821/4548/2598
f 3813/4540/2587 3821/4548/2599 3818/4545/2599 3817/4544/2594
f 3822/4549/2600 3823/4550/2601 3824/4551/2602 3825/4552/2603
f 3825/4552/2603 3824/4551/2602 3826/4553/2604 3827/4554/2605
f 3824/4551/2602 3828/4555/2606 3829/4556/2607 3826/4553/2604
f 3823/4550/2601 3830/4557/2608 3828/4555/2606 3824/4551/2602
f 3830/4557/2608 3831/4558/2609 3832/4559/2610 3828/4555/2606
f 3828/4555/2606 3832/4559/2610 3833/4560/2611 3829/4556/2607
f 3832/4559/2610 3834/4561/2612 3835/4562/2613 3833/4560/2611
f 3831/4558/2609 3836/4563/2614 3834/4561/2612 3832/4559/2610
f 3836/4563/2614 3837/4564/2615 3838/4565/2616 3834/4561/2612
f 3834/4561/2612 3838/4565/2616 3839/4566/2617 3835/4562/2613
f 3838/4565/2616 3719/4437/2495 3721/4439/2497 3839/4566/2617
f 3837/4564/2615 3671/4389/2451 3719/4437/2495 3838/4565/2616
f 3827/4554/2605 3826/4553/2604 3840/4567/2618 3841/4568/2619
f 3841/4568/2619 3840/4567/2618 3842/4569/2620 3843/4570/2621
f 3840/4567/2618 3844/4571/2622 3845/4572/2623 3842/4569/2620
f 3826/4553/2604 3829/4556/2607 3844/4571/2622 3840/4567/2618
f 3829/4556/2607 3833/4560/2611 3846/4573/2624 3844/4571/2622
f 3844/4571/2622 3846/4573/2624 3847/4574/2625 3845/4572/2623
f 3846/4573/2624 3848/4575/2626 3849/4576/2627 3847/4574/2625
f 3833/4560/2611 3835/4562/2613 3848/4575/2626 3846/4573/2624
f 3835/4562/2613 3839/4566/2617 3850/4577/2628 3848/4575/2626
f 3848/4575/2626 3850/4577/2628 3851/4578/2629 3849/4576/2627
f 3850/4577/2628 3725/4443/2501 3727/4445/2503 3851/4578/2629
f 3839/4566/2617 3721/4439/2497 3725/4443/2501 3850/4577/2628
f 3843/4570/2621 3842/4569/2620 3852/4579/2630 3853/4580/2631
f 3853/4580/2631 3852/4579/2630 3854/4581/2632 3855/4582/2633
f 3852/4579/2630 3856/4583/2634 3857/4584/2635 3854/4581/2632
f 3842/4569/2620 3845/4572/2623 3856/4583/2634 3852/4579/2630
f 3845/4572/2623 3847/4574/2625 3858/4585/2636 3856/4583/2634
f 3856/4583/2634 3858/4585/2636 3859/4586/2637 3857/4584/2635
f 3858/4585/2636 3860/4587/2638 3861/4588/2639 3859/4586/2637
f 3847/4574/2625 3849/4576/2627 3860/4587/2638 3858/4585/2636
f 3849/4576/2627 3851/4578/2629 3862/4589/2640 3860/4587/2638
f 3860/4587/2638 3862/4589/2640 3863/4590/2641 3861/4588/2639
f 3862/4589/2640 3731/4449/2507 3733/4451/2509 3863/4590/2641
f 3851/4578/2629 3727/4445/2503 3731/4449/2507 3862/4589/2640
f 3735/4453/2511 3864/4591/2642 3865/4592/2643 3736/4454/2512
f 3736/4454/2512 3865/4592/2643 3863/4593/2641 3733/4461/2509
f 3865/4592/2643 3866/4594/2644 3861/4595/2639 3863/4593/2641
f 3864/4591/2642 3867/4596/2645 3866/4594/2644 3865/4592/2643
f 3867/4596/2645 3868/4597/2646 3869/4598/2647 3866/4594/2644
f 3866/4594/2644 3869/4598/2647 3859/4599/2637 3861/4595/2639
f 3869/4598/2647 3870/4600/2648 3857/4601/2635 3859/4599/2637
f 3868/4597/2646 3871/4602/2648 3870/4600/2648 3869/4598/2647
f 3871/4602/2648 3872/4603/2649 3873/4604/2650 3870/4600/2648
f 3870/4600/2648 3873/4604/2650 3854/4605/2632 3857/4601/2635
f 3873/4604/2650 3874/4606/2651 3855/4607/2633 3854/4605/2632
f 3872/4603/2649 3875/4608/2651 3874/4606/2651 3873/4604/2650
f 3588/4302/2392 3591/4305/2393 3876/4609/2393 3877/4610/2652
f 3877/4610/2652 3876/4609/2393 3823/4550/2601 3822/4549/2600
f 3876/4609/2393 3878/4611/2653 3830/4557/2608 3823/4550/2601
f 3591/4305/2393 3593/4307/2394 3878/4611/2653 3876/4609/2393
f 3593/4307/2394 3595/4309/2395 3879/4612/2395 3878/4611/2653
f 3878/4611/2653 3879/4612/2395 3831/4558/2609 3830/4557/2608
f 3879/4612/2395 3880/4613/2654 3836/4563/2614 3831/4558/2609
f 3595/4309/2395 3597/4311/2396 3880/4613/2654 3879/4612/2395
f 3597/4311/2396 3599/4313/2398 3881/4614/2397 3880/4613/2654
f 3880/4613/2654 3881/4614/2397 3837/4564/2615 3836/4563/2614
f 3881/4614/2397 3672/4390/2185 3671/4389/2451 3837/4564/2615
f 3599/4313/2398 3381/4080/2185 3672/4390/2185 3881/4614/2397
f 3882/4615/2655 3883/4616/2656 3884/4617/2657 3885/4618/2658
f 3885/4618/2658 3884/4617/2657 3872/4603/2649 3871/4602/2648
f 3884/4617/2657 3886/4619/2659 3875/4608/2651 3872/4603/2649
f 3883/4616/2656 3887/4620/2660 3886/4619/2659 3884/4617/2657
f 3888/4621/2661 3889/4622/2662 3890/4623/2663 3891/4624/2664
f 3891/4624/2664 3890/4623/2663 3868/4597/2646 3867/4596/2645
f 3890/4623/2663 3885/4618/2658 3871/4602/2648 3868/4597/2646
f 3889/4622/2662 3882/4615/2655 3885/4618/2658 3890/4623/2663
f 3892/4625/2665 3893/4626/2666 3894/4627/2667 3895/4628/2511
f 3895/4628/2511 3894/4627/2667 3864/4591/2642 3735/4453/2511
f 3894/4627/2667 3891/4624/2664 3867/4596/2645 3864/4591/2642
f 3893/4626/2666 3888/4621/2661 3891/4624/2664 3894/4627/2667
f 3896/4629/2668 3897/4630/2669 3898/4631/2670 3899/4632/2671
f 3899/4632/2671 3898/4631/2670 3800/4526/2575 3799/4525/2574
f 3898/4631/2670 3900/4633/2672 3740/4458/2515 3800/4526/2575
f 3897/4630/2669 3901/4634/2673 3900/4633/2672 3898/4631/2670
f 3902/4635/2674 3903/4636/2675 3904/4637/2676 3905/4638/2677
f 3905/4638/2677 3904/4637/2676 3796/4520/2571 3795/4519/2570
f 3904/4637/2676 3899/4632/2671 3799/4525/2574 3796/4520/2571
f 3903/4636/2675 3896/4629/2668 3899/4632/2671 3904/4637/2676
f 3656/4374/2446 3906/4639/2678 3907/4640/2679 3908/4641/2446
f 3908/4641/2446 3907/4640/2679 3791/4512/2566 3790/4511/2565
f 3907/4640/2679 3905/4638/2677 3795/4519/2570 3791/4512/2566
f 3906/4639/2678 3902/4635/2674 3905/4638/2677 3907/4640/2679
f 3892/4625/2665 3895/4628/2511 3909/4642/2513 3910/4643/2513
f 3910/4643/2513 3909/4642/2513 3900/4633/2672 3901/4634/2673
f 3909/4642/2513 3738/4456/2513 3740/4458/2515 3900/4633/2672
f 3895/4628/2511 3735/4453/2511 3738/4456/2513 3909/4642/2513
f 3692/4644/2491 3715/4645/2490 3911/4646/2459 3912/4647/2459
f 3912/4647/2459 3911/4646/2459 3913/4648/2459 3914/4649/2459
f 3911/4646/2459 3915/4650/2462 3916/4651/2462 3913/4648/2459
f 3715/4645/2490 3716/4652/2492 3915/4650/2462 3911/4646/2459
f 3687/4516/2464 3690/4653/2175 3917/4654/2175 3793/4514/2568
f 3793/4514/2568 3917/4654/2175 3918/4655/2175 3790/4511/2565
f 3917/4654/2175 3912/4647/2175 3914/4649/2175 3918/4655/2175
f 3690/4653/2175 3692/4644/2467 3912/4647/2175 3917/4654/2175
f 3807/4534/2680 3919/4656/2681 3920/4657/2513 3921/4658/2513
f 3921/4658/2513 3920/4657/2513 3922/4659/2682 3753/4474/2683
f 3920/4657/2513 3910/4643/2513 3901/4634/2673 3922/4659/2682
f 3919/4656/2681 3892/4625/2665 3910/4643/2513 3920/4657/2513
f 3661/4379/2448 3743/4464/2518 3923/4660/2684 3659/4377/2447
f 3659/4377/2447 3923/4660/2684 3906/4639/2678 3656/4374/2446
f 3923/4660/2684 3924/4661/2685 3902/4635/2674 3906/4639/2678
f 3743/4464/2518 3744/4465/2519 3924/4661/2685 3923/4660/2684
f 3744/4465/2519 3748/4469/2523 3925/4662/2686 3924/4661/2685
f 3924/4661/2685 3925/4662/2686 3903/4636/2675 3902/4635/2674
f 3925/4662/2686 3926/4663/2687 3896/4629/2668 3903/4636/2675
f 3748/4469/2523 3749/4470/2524 3926/4663/2687 3925/4662/2686
f 3749/4470/2524 3752/4473/2527 3927/4664/2688 3926/4663/2687
f 3926/4663/2687 3927/4664/2688 3897/4630/2669 3896/4629/2668
f 3927/4664/2688 3922/4659/2682 3901/4634/2673 3897/4630/2669
f 3752/4473/2527 3753/4474/2683 3922/4659/2682 3927/4664/2688
f 3807/4534/2689 3810/4537/2690 3928/4665/2691 3919/4656/2681
f 3919/4656/2681 3928/4665/2691 3893/4626/2666 3892/4625/2665
f 3928/4665/2691 3929/4666/2692 3888/4621/2661 3893/4626/2666
f 3810/4537/2690 3811/4538/2693 3929/4666/2692 3928/4665/2691
f 3811/4538/2693 3815/4542/2694 3930/4667/2695 3929/4666/2692
f 3929/4666/2692 3930/4667/2695 3889/4622/2662 3888/4621/2661
f 3930/4667/2695 3931/4668/2696 3882/4615/2655 3889/4622/2662
f 3815/4542/2694 3816/4543/2697 3931/4668/2696 3930/4667/2695
f 3816/4543/2697 3819/4546/2698 3932/4669/2699 3931/4668/2696
f 3931/4668/2696 3932/4669/2699 3883/4616/2656 3882/4615/2655
f 3932/4669/2699 3933/4670/2700 3887/4620/2660 3883/4616/2656
f 3819/4546/2698 3820/4547/2701 3933/4670/2700 3932/4669/2699
f 3914/4649/2459 3913/4648/2459 3934/4671/2459 3935/4672/2459
f 3935/4672/2459 3934/4671/2459 3681/4399/2459 3664/4382/2459
f 3934/4671/2459 3936/4673/2462 3686/4404/2462 3681/4399/2459
f 3913/4648/2459 3916/4651/2462 3936/4673/2462 3934/4671/2459
f 3790/4511/2565 3918/4655/2175 3937/4674/2175 3908/4641/2446
f 3908/4641/2446 3937/4674/2175 3657/4375/2175 3656/4374/2446
f 3937/4674/2175 3935/4672/2175 3664/4382/2175 3657/4375/2175
f 3918/4655/2175 3914/4649/2175 3935/4672/2175 3937/4674/2175
usemtl Fridge_Control_Plastic_Part
f 3587/4675/2391 3586/4676/2391 3938/4677/2702 3939/4678/2702
f 3586/4676/2391 3566/4679/2373 3940/4680/2703 3938/4677/2702
f 3938/4677/2702 3940/4680/2703 3941/4681/2704 3942/4682/2705
f 3939/4678/2702 3938/4677/2702 3942/4682/2705 3943/4683/2705
f 3944/4684/2706 3945/4685/2707 3946/4686/2708 3947/4687/2709
f 3945/4685/2707 3948/4688/2710 3949/4689/2711 3946/4686/2708
f 3946/4686/2708 3949/4689/2711 3950/4690/2712 3951/4691/2713
f 3947/4687/2709 3946/4686/2708 3951/4691/2713 3941/4692/2704
f 3534/4693/2341 3952/4694/2714 3953/4695/2715 3535/4696/2342
f 3952/4694/2714 3954/4697/2716 3955/4698/2717 3953/4695/2715
f 3953/4695/2715 3955/4698/2717 3956/4699/2718 3957/4700/2719
f 3535/4696/2342 3953/4695/2715 3957/4700/2719 3538/4701/2345
f 3534/4693/2341 3589/4702/2392 3958/4703/2720 3952/4694/2714
f 3589/4702/2392 3588/4704/2392 3959/4705/2720 3958/4703/2720
f 3958/4703/2720 3959/4705/2720 3960/4706/2721 3961/4707/2721
f 3952/4694/2714 3958/4703/2720 3961/4707/2721 3954/4697/2716
f 3954/4697/2716 3961/4707/2721 3962/4708/2722 3963/4709/2723
f 3961/4707/2721 3960/4706/2721 3964/4710/2722 3962/4708/2722
f 3962/4708/2722 3964/4710/2722 3965/4711/2724 3966/4712/2725
f 3963/4709/2723 3962/4708/2722 3966/4712/2725 3967/4713/2726
f 3943/4683/2705 3942/4682/2705 3968/4714/2727 3969/4715/2727
f 3942/4682/2705 3941/4681/2704 3951/4716/2713 3968/4714/2727
f 3968/4714/2727 3951/4716/2713 3950/4717/2712 3970/4718/2728
f 3969/4715/2727 3968/4714/2727 3970/4718/2728 3971/4719/2729
f 3538/4701/2345 3957/4700/2719 3972/4720/2730 3552/4721/2359
f 3957/4700/2719 3956/4699/2718 3973/4722/2731 3972/4720/2730
f 3972/4720/2730 3973/4722/2731 3944/4684/2706 3974/4723/2732
f 3552/4721/2359 3972/4720/2730 3974/4723/2732 3554/4724/2361
f 3554/4724/2361 3974/4723/2732 3975/4725/2733 3564/4726/2371
f 3974/4723/2732 3944/4684/2706 3947/4687/2709 3975/4725/2733
f 3975/4725/2733 3947/4687/2709 3941/4692/2704 3940/4727/2703
f 3564/4726/2371 3975/4725/2733 3940/4727/2703 3566/4728/2373
f 3956/4699/2718 3976/4729/2734 3977/4730/2735 3973/4722/2731
f 3976/4729/2734 3978/4731/2736 3979/4732/2737 3977/4730/2735
f 3977/4730/2735 3979/4732/2737 3948/4688/2710 3945/4685/2707
f 3973/4722/2731 3977/4730/2735 3945/4685/2707 3944/4684/2706
f 3954/4697/2716 3963/4709/2723 3980/4733/2738 3955/4698/2717
f 3963/4709/2723 3967/4713/2726 3981/4734/2739 3980/4733/2738
f 3980/4733/2738 3981/4734/2739 3978/4731/2736 3976/4729/2734
f 3955/4698/2717 3980/4733/2738 3976/4729/2734 3956/4699/2718
f 3982/4735/2740 3983/4736/2741 3984/4737/2742 3985/4738/2743
f 3983/4736/2741 3986/4739/2744 3987/4740/2745 3984/4737/2742
f 3984/4737/2742 3987/4740/2745 3971/4741/2729 3970/4742/2728
f 3985/4738/2743 3984/4737/2742 3970/4742/2728 3950/4743/2712
f 3988/4744/2746 3989/4745/2747 3990/4746/2748 3991/4747/2749
f 3989/4745/2747 3992/4748/2750 3993/4749/2751 3990/4746/2748
f 3990/4746/2748 3993/4749/2751 3994/4750/2752 3995/4751/2753
f 3991/4747/2749 3990/4746/2748 3995/4751/2753 3996/4752/2754
f 3996/4752/2754 3995/4751/2753 3997/4753/2755 3998/4754/2756
f 3995/4751/2753 3994/4750/2752 3999/4755/2757 3997/4753/2755
f 3997/4753/2755 3999/4755/2757 4000/4756/2758 4001/4757/2759
f 3998/4754/2756 3997/4753/2755 4001/4757/2759 4002/4758/2760
f 4003/4759/2761 4004/4760/2762 4005/4761/2763 4006/4762/2764
f 4004/4760/2762 4007/4763/2765 4008/4764/2766 4005/4761/2763
f 4005/4761/2763 4008/4764/2766 4009/4765/2767 4010/4766/2768
f 4006/4762/2764 4005/4761/2763 4010/4766/2768 4011/4767/2769
f 4011/4767/2769 4010/4766/2768 4012/4768/2770 4013/4769/2771
f 4010/4766/2768 4009/4765/2767 4014/4770/2772 4012/4768/2770
f 4012/4768/2770 4014/4770/2772 3978/4771/2736 3981/4772/2739
f 4013/4769/2771 4012/4768/2770 3981/4772/2739 3967/4773/2726
f 4007/4763/2765 4015/4774/2773 4016/4775/2774 4008/4764/2766
f 4015/4774/2773 4017/4776/2775 4018/4777/2776 4016/4775/2774
f 4016/4775/2774 4018/4777/2776 4019/4778/2777 4020/4779/2778
f 4008/4764/2766 4016/4775/2774 4020/4779/2778 4009/4765/2767
f 4009/4765/2767 4020/4779/2778 4021/4780/2779 4014/4770/2772
f 4020/4779/2778 4019/4778/2777 4022/4781/2780 4021/4780/2779
f 4021/4780/2779 4022/4781/2780 3948/4782/2710 3979/4783/2737
f 4014/4770/2772 4021/4780/2779 3979/4783/2737 3978/4771/2736
f 4017/4776/2775 4023/4784/2781 4024/4785/2782 4018/4777/2776
f 4023/4784/2781 4025/4786/2783 4026/4787/2784 4024/4785/2782
f 4024/4785/2782 4026/4787/2784 3982/4735/2740 4027/4788/2785
f 4018/4777/2776 4024/4785/2782 4027/4788/2785 4019/4778/2777
f 4019/4778/2777 4027/4788/2785 4028/4789/2786 4022/4781/2780
f 4027/4788/2785 3982/4735/2740 3985/4738/2743 4028/4789/2786
f 4028/4789/2786 3985/4738/2743 3950/4743/2712 3949/4790/2711
f 4022/4781/2780 4028/4789/2786 3949/4790/2711 3948/4782/2710
f 4029/4791/2787 4030/4792/2788 4031/4793/2789 4032/4794/2790
f 4030/4792/2788 3988/4744/2746 3991/4747/2749 4031/4793/2789
f 4031/4793/2789 3991/4747/2749 3996/4752/2754 4033/4795/2791
f 4032/4794/2790 4031/4793/2789 4033/4795/2791 4034/4796/2792
f 4034/4796/2792 4033/4795/2791 4035/4797/2793 4036/4798/2794
f 4033/4795/2791 3996/4752/2754 3998/4754/2756 4035/4797/2793
f 4035/4797/2793 3998/4754/2756 4002/4758/2795 4037/4799/2796
f 4036/4798/2794 4035/4797/2793 4037/4799/2796 4038/4800/2797
f 4039/4801/2798 4040/4802/2799 4041/4803/2800 4042/4804/2801
f 4040/4802/2799 4003/4759/2761 4006/4762/2764 4041/4803/2800
f 4041/4803/2800 4006/4762/2764 4011/4767/2769 4043/4805/2802
f 4042/4804/2801 4041/4803/2800 4043/4805/2802 4044/4806/2803
f 4044/4806/2803 4043/4805/2802 4045/4807/2804 4046/4808/2805
f 4043/4805/2802 4011/4767/2769 4013/4769/2771 4045/4807/2804
f 4045/4807/2804 4013/4769/2771 3967/4773/2726 3966/4809/2725
f 4046/4808/2805 4045/4807/2804 3966/4809/2725 3965/4810/2724
f 4025/4786/2783 4047/4811/2806 4048/4812/2807 4026/4787/2784
f 4047/4811/2806 4049/4813/2808 4050/4814/2809 4048/4812/2807
f 4048/4812/2807 4050/4814/2809 3986/4739/2744 3983/4736/2741
f 4026/4787/2784 4048/4812/2807 3983/4736/2741 3982/4735/2740
f 4051/4815/2705 4052/4816/2705 4053/4817/2727 4054/4818/2727
f 4052/4816/2705 3943/4683/2705 3969/4715/2727 4053/4817/2727
f 4053/4817/2727 3969/4715/2727 3971/4719/2729 4055/4819/2810
f 4054/4818/2727 4053/4817/2727 4055/4819/2810 4038/4820/2797
f 3605/4821/2404 3604/4822/2403 4056/4823/2702 4057/4824/2702
f 3604/4822/2403 3587/4675/2391 3939/4678/2702 4056/4823/2702
f 4056/4823/2702 3939/4678/2702 3943/4683/2705 4052/4816/2705
f 4057/4824/2702 4056/4823/2702 4052/4816/2705 4051/4815/2705
f 3532/4825/2811 3651/4826/2444 4058/4827/2702 4059/4828/2812
f 3651/4826/2444 3605/4821/2404 4057/4824/2702 4058/4827/2702
f 4058/4827/2702 4057/4824/2702 4051/4815/2705 4060/4829/2705
f 4059/4828/2812 4058/4827/2702 4060/4829/2705 4061/4830/2813
f 4061/4830/2813 4060/4829/2705 4062/4831/2727 4063/4832/2727
f 4060/4829/2705 4051/4815/2705 4054/4818/2727 4062/4831/2727
f 4062/4831/2727 4054/4818/2727 4038/4820/2797 4037/4833/2727
f 4063/4832/2727 4062/4831/2727 4037/4833/2727 4002/4834/2814
f 3986/4739/2744 4064/4835/2815 4065/4836/2816 3987/4740/2745
f 4064/4835/2815 4034/4796/2792 4036/4798/2794 4065/4836/2816
f 4065/4836/2816 4036/4798/2794 4038/4800/2797 4055/4837/2810
f 3987/4740/2745 4065/4836/2816 4055/4837/2810 3971/4741/2729
f 4049/4813/2808 4066/4838/2808 4067/4839/2817 4050/4814/2809
f 4066/4838/2808 4029/4791/2787 4032/4794/2790 4067/4839/2817
f 4067/4839/2817 4032/4794/2790 4034/4796/2792 4064/4835/2815
f 4050/4814/2809 4067/4839/2817 4064/4835/2815 3986/4739/2744
f 3992/4748/2750 3989/4745/2747 4068/4840/2818 4069/4841/2819
f 3989/4745/2747 3988/4744/2746 4030/4792/2788 4068/4840/2818
f 4068/4840/2818 4030/4792/2788 4029/4791/2787 4070/4842/2820
f 4069/4841/2819 4068/4840/2818 4070/4842/2820 4071/4843/2821
f 4029/4791/2787 4066/4838/2808 4072/4844/2822 4070/4842/2820
f 4066/4838/2808 4049/4813/2808 4073/4845/2823 4072/4844/2822
f 4072/4844/2822 4073/4845/2823 4074/4846/2824 4075/4847/2825
f 4070/4842/2820 4072/4844/2822 4075/4847/2825 4071/4843/2821
f 4076/4848/2826 4077/4849/2825 4078/4850/2827 4079/4851/2828
f 4077/4849/2825 4074/4846/2824 4073/4845/2823 4078/4850/2827
f 4078/4850/2827 4073/4845/2823 4049/4813/2808 4047/4811/2806
f 4079/4851/2828 4078/4850/2827 4047/4811/2806 4025/4786/2783
f 4025/4786/2783 4023/4784/2781 4080/4852/2829 4079/4851/2828
f 4023/4784/2781 4017/4776/2775 4081/4853/2830 4080/4852/2829
f 4080/4852/2829 4081/4853/2830 4082/4854/2831 4083/4855/2832
f 4079/4851/2828 4080/4852/2829 4083/4855/2832 4076/4848/2826
f 4017/4776/2775 4015/4774/2773 4084/4856/2833 4081/4853/2830
f 4015/4774/2773 4007/4763/2765 4085/4857/2834 4084/4856/2833
f 4084/4856/2833 4085/4857/2834 4086/4858/2831 4087/4859/2825
f 4081/4853/2830 4084/4856/2833 4087/4859/2825 4082/4854/2831
f 4007/4763/2765 4004/4760/2762 4088/4860/2835 4085/4857/2834
f 4004/4760/2762 4003/4759/2761 4089/4861/2836 4088/4860/2835
f 4088/4860/2835 4089/4861/2836 4090/4862/2837 4091/4863/2838
f 4085/4857/2834 4088/4860/2835 4091/4863/2838 4086/4858/2831
f 4039/4801/2798 4092/4864/2839 4093/4865/2840 4040/4802/2799
f 4090/4862/2837 4089/4861/2836 4093/4865/2840 4092/4864/2839
f 4003/4759/2761 4040/4802/2799 4093/4865/2840 4089/4861/2836
f 3875/4866/2651 4094/4867/2841 4095/4868/2841 3874/4869/2651
f 3874/4869/2651 4095/4868/2841 4096/4870/2842 3855/4871/2633
f 4095/4868/2841 4097/4872/2843 4098/4873/2844 4096/4870/2842
f 4094/4867/2841 4099/4874/2843 4097/4872/2843 4095/4868/2841
f 4100/4875/2845 4101/4876/2846 4102/4877/2847 4103/4878/2848
f 4103/4878/2848 4102/4877/2847 4104/4879/2849 4105/4880/2850
f 4102/4877/2847 4106/4881/2851 4107/4882/2852 4104/4879/2849
f 4101/4876/2846 4098/4883/2844 4106/4881/2851 4102/4877/2847
f 3822/4884/2600 3825/4885/2603 4108/4886/2853 4109/4887/2854
f 4109/4887/2854 4108/4886/2853 4110/4888/2855 4111/4889/2856
f 4108/4886/2853 4112/4890/2857 4113/4891/2858 4110/4888/2855
f 3825/4885/2603 3827/4892/2605 4112/4890/2857 4108/4886/2853
f 3822/4884/2600 4109/4887/2854 4114/4893/2720 3877/4894/2652
f 3877/4894/2652 4114/4893/2720 3959/4705/2720 3588/4704/2392
f 4114/4893/2720 4115/4895/2721 3960/4706/2721 3959/4705/2720
f 4109/4887/2854 4111/4889/2856 4115/4895/2721 4114/4893/2720
f 4111/4889/2856 4116/4896/2859 4117/4897/2722 4115/4895/2721
f 4115/4895/2721 4117/4897/2722 3964/4710/2722 3960/4706/2721
f 4117/4897/2722 4118/4898/2860 3965/4711/2724 3964/4710/2722
f 4116/4896/2859 4119/4899/2861 4118/4898/2860 4117/4897/2722
f 4099/4874/2843 4120/4900/2862 4121/4901/2862 4097/4872/2843
f 4097/4872/2843 4121/4901/2862 4106/4902/2851 4098/4873/2844
f 4121/4901/2862 4122/4903/2863 4107/4904/2852 4106/4902/2851
f 4120/4900/2862 4123/4905/2864 4122/4903/2863 4121/4901/2862
f 3827/4892/2605 3841/4906/2619 4124/4907/2865 4112/4890/2857
f 4112/4890/2857 4124/4907/2865 4125/4908/2866 4113/4891/2858
f 4124/4907/2865 4126/4909/2867 4100/4875/2845 4125/4908/2866
f 3841/4906/2619 3843/4910/2621 4126/4909/2867 4124/4907/2865
f 3843/4910/2621 3853/4911/2631 4127/4912/2868 4126/4909/2867
f 4126/4909/2867 4127/4912/2868 4101/4876/2846 4100/4875/2845
f 4127/4912/2868 4096/4913/2842 4098/4883/2844 4101/4876/2846
f 3853/4911/2631 3855/4914/2633 4096/4913/2842 4127/4912/2868
f 4113/4891/2858 4125/4908/2866 4128/4915/2869 4129/4916/2870
f 4129/4916/2870 4128/4915/2869 4130/4917/2871 4131/4918/2872
f 4128/4915/2869 4103/4878/2848 4105/4880/2850 4130/4917/2871
f 4125/4908/2866 4100/4875/2845 4103/4878/2848 4128/4915/2869
f 4111/4889/2856 4110/4888/2855 4132/4919/2873 4116/4896/2859
f 4116/4896/2859 4132/4919/2873 4133/4920/2874 4119/4899/2861
f 4132/4919/2873 4129/4916/2870 4131/4918/2872 4133/4920/2874
f 4110/4888/2855 4113/4891/2858 4129/4916/2870 4132/4919/2873
f 4134/4921/2875 4135/4922/2876 4136/4923/2877 4137/4924/2878
f 4137/4924/2878 4136/4923/2877 4138/4925/2879 4139/4926/2880
f 4136/4923/2877 4122/4927/2863 4123/4928/2864 4138/4925/2879
f 4135/4922/2876 4107/4929/2852 4122/4927/2863 4136/4923/2877
f 4140/4930/2881 4141/4931/2882 4142/4932/2883 4143/4933/2884
f 4143/4933/2884 4142/4932/2883 3993/4749/2751 3992/4748/2750
f 4142/4932/2883 4144/4934/2885 3994/4750/2752 3993/4749/2751
f 4141/4931/2882 4145/4935/2886 4144/4934/2885 4142/4932/2883
f 4145/4935/2886 4146/4936/2887 4147/4937/2888 4144/4934/2885
f 4144/4934/2885 4147/4937/2888 4148/4938/2889 3994/4750/2752
f 4147/4937/2888 4149/4939/2890 4150/4940/2891 4148/4938/2889
f 4146/4936/2887 4151/4941/2892 4149/4939/2890 4147/4937/2888
f 4152/4942/2893 4153/4943/2894 4154/4944/2895 4155/4945/2896
f 4155/4945/2896 4154/4944/2895 4156/4946/2897 4157/4947/2898
f 4154/4944/2895 4158/4948/2899 4159/4949/2900 4156/4946/2897
f 4153/4943/2894 4160/4950/2901 4158/4948/2899 4154/4944/2895
f 4160/4950/2901 4161/4951/2902 4162/4952/2903 4158/4948/2899
f 4158/4948/2899 4162/4952/2903 4163/4953/2904 4159/4949/2900
f 4162/4952/2903 4133/4954/2874 4131/4955/2872 4163/4953/2904
f 4161/4951/2902 4119/4956/2861 4133/4954/2874 4162/4952/2903
f 4157/4947/2898 4156/4946/2897 4164/4957/2905 4165/4958/2906
f 4165/4958/2906 4164/4957/2905 4166/4959/2907 4167/4960/2908
f 4164/4957/2905 4168/4961/2909 4169/4962/2910 4166/4959/2907
f 4156/4946/2897 4159/4949/2900 4168/4961/2909 4164/4957/2905
f 4159/4949/2900 4163/4953/2904 4170/4963/2911 4168/4961/2909
f 4168/4961/2909 4170/4963/2911 4171/4964/2912 4169/4962/2910
f 4170/4963/2911 4130/4965/2871 4105/4966/2850 4171/4964/2912
f 4163/4953/2904 4131/4955/2872 4130/4965/2871 4170/4963/2911
f 4167/4960/2908 4166/4959/2907 4172/4967/2913 4173/4968/2914
f 4173/4968/2914 4172/4967/2913 4174/4969/2915 4175/4970/2916
f 4172/4967/2913 4176/4971/2917 4134/4921/2875 4174/4969/2915
f 4166/4959/2907 4169/4962/2910 4176/4971/2917 4172/4967/2913
f 4169/4962/2910 4171/4964/2912 4177/4972/2918 4176/4971/2917
f 4176/4971/2917 4177/4972/2918 4135/4922/2876 4134/4921/2875
f 4177/4972/2918 4104/4973/2849 4107/4929/2852 4135/4922/2876
f 4171/4964/2912 4105/4966/2850 4104/4973/2849 4177/4972/2918
f 4178/4974/2919 4179/4975/2920 4180/4976/2921 4181/4977/2922
f 4181/4977/2922 4180/4976/2921 4141/4931/2882 4140/4930/2881
f 4180/4976/2921 4182/4978/2923 4145/4935/2886 4141/4931/2882
f 4179/4975/2920 4183/4979/2924 4182/4978/2923 4180/4976/2921
f 4183/4979/2924 4184/4980/2925 4185/4981/2926 4182/4978/2923
f 4182/4978/2923 4185/4981/2926 4146/4936/2887 4145/4935/2886
f 4185/4981/2926 4186/4982/2927 4151/4941/2892 4146/4936/2887
f 4184/4980/2925 4187/4983/2928 4186/4982/2927 4185/4981/2926
f 4039/4801/2798 4042/4804/2801 4188/4984/2929 4189/4985/2930
f 4189/4985/2930 4188/4984/2929 4153/4943/2894 4152/4942/2893
f 4188/4984/2929 4190/4986/2931 4160/4950/2901 4153/4943/2894
f 4042/4804/2801 4044/4806/2803 4190/4986/2931 4188/4984/2929
f 4044/4806/2803 4046/4808/2805 4191/4987/2932 4190/4986/2931
f 4190/4986/2931 4191/4987/2932 4161/4951/2902 4160/4950/2901
f 4191/4987/2932 4118/4988/2860 4119/4956/2861 4161/4951/2902
f 4046/4808/2805 3965/4810/2724 4118/4988/2860 4191/4987/2932
f 4175/4970/2916 4174/4969/2915 4192/4989/2933 4193/4990/2934
f 4193/4990/2934 4192/4989/2933 4194/4991/2935 4195/4992/2936
f 4192/4989/2933 4137/4924/2878 4139/4926/2880 4194/4991/2935
f 4174/4969/2915 4134/4921/2875 4137/4924/2878 4192/4989/2933
f 4196/4993/2843 4197/4994/2862 4198/4995/2862 4199/4996/2843
f 4199/4996/2843 4198/4995/2862 4120/4900/2862 4099/4874/2843
f 4198/4995/2862 4200/4997/2937 4123/4905/2864 4120/4900/2862
f 4197/4994/2862 4187/4998/2928 4200/4997/2937 4198/4995/2862
f 3887/4999/2660 4201/5000/2841 4202/5001/2841 3886/5002/2659
f 3886/5002/2659 4202/5001/2841 4094/4867/2841 3875/4866/2651
f 4202/5001/2841 4199/4996/2843 4099/4874/2843 4094/4867/2841
f 4201/5000/2841 4196/4993/2843 4199/4996/2843 4202/5001/2841
f 3820/5003/2701 4203/5004/2938 4204/5005/2841 3933/5006/2700
f 3933/5006/2700 4204/5005/2841 4201/5000/2841 3887/4999/2660
f 4204/5005/2841 4205/5007/2843 4196/4993/2843 4201/5000/2841
f 4203/5004/2938 4206/5008/2939 4205/5007/2843 4204/5005/2841
f 4206/5008/2939 4207/5009/2862 4208/5010/2862 4205/5007/2843
f 4205/5007/2843 4208/5010/2862 4197/4994/2862 4196/4993/2843
f 4208/5010/2862 4186/5011/2862 4187/4998/2928 4197/4994/2862
f 4207/5009/2862 4151/5012/2940 4186/5011/2862 4208/5010/2862
f 4139/4926/2880 4138/4925/2879 4209/5013/2941 4210/5014/2942
f 4210/5014/2942 4209/5013/2941 4184/4980/2925 4183/4979/2924
f 4209/5013/2941 4200/5015/2937 4187/4983/2928 4184/4980/2925
f 4138/4925/2879 4123/4928/2864 4200/5015/2937 4209/5013/2941
f 4195/4992/2936 4194/4991/2935 4211/5016/2943 4212/5017/2936
f 4212/5017/2936 4211/5016/2943 4179/4975/2920 4178/4974/2919
f 4211/5016/2943 4210/5014/2942 4183/4979/2924 4179/4975/2920
f 4194/4991/2935 4139/4926/2880 4210/5014/2942 4211/5016/2943
f 3992/4748/2750 4069/4841/2819 4213/5018/2944 4143/4933/2884
f 4143/4933/2884 4213/5018/2944 4181/4977/2922 4140/4930/2881
f 4213/5018/2944 4214/5019/2945 4178/4974/2919 4181/4977/2922
f 4069/4841/2819 4071/4843/2821 4214/5019/2945 4213/5018/2944
f 4178/4974/2919 4214/5019/2945 4215/5020/2946 4212/5017/2936
f 4212/5017/2936 4215/5020/2946 4216/5021/2947 4195/4992/2936
f 4215/5020/2946 4075/4847/2825 4074/4846/2824 4216/5021/2947
f 4214/5019/2945 4071/4843/2821 4075/4847/2825 4215/5020/2946
f 4076/4848/2826 4217/5022/2948 4218/5023/2949 4077/4849/2825
f 4077/4849/2825 4218/5023/2949 4216/5021/2947 4074/4846/2824
f 4218/5023/2949 4193/4990/2934 4195/4992/2936 4216/5021/2947
f 4217/5022/2948 4175/4970/2916 4193/4990/2934 4218/5023/2949
f 4175/4970/2916 4217/5022/2948 4219/5024/2950 4173/4968/2914
f 4173/4968/2914 4219/5024/2950 4220/5025/2951 4167/4960/2908
f 4219/5024/2950 4083/4855/2832 4082/4854/2831 4220/5025/2951
f 4217/5022/2948 4076/4848/2826 4083/4855/2832 4219/5024/2950
f 4167/4960/2908 4220/5025/2951 4221/5026/2952 4165/4958/2906
f 4165/4958/2906 4221/5026/2952 4222/5027/2953 4157/4947/2898
f 4221/5026/2952 4087/4859/2825 4086/4858/2831 4222/5027/2953
f 4220/5025/2951 4082/4854/2831 4087/4859/2825 4221/5026/2952
f 4157/4947/2898 4222/5027/2953 4223/5028/2954 4155/4945/2896
f 4155/4945/2896 4223/5028/2954 4224/5029/2955 4152/4942/2893
f 4223/5028/2954 4091/4863/2838 4090/4862/2837 4224/5029/2955
f 4222/5027/2953 4086/4858/2831 4091/4863/2838 4223/5028/2954
f 4039/4801/2798 4189/4985/2930 4225/5030/2956 4092/4864/2839
f 4090/4862/2837 4092/4864/2839 4225/5030/2956 4224/5029/2955
f 4152/4942/2893 4224/5029/2955 4225/5030/2956 4189/4985/2930
o Plane
v -0.217624 1.096647 0.824428
v -0.208923 1.096647 0.824428
v -0.208923 1.135252 0.824428
v -0.217624 1.135252 0.824428
v -0.200222 1.096647 0.824428
v -0.200222 1.135252 0.824428
v -0.208923 1.173857 0.824428
v -0.217624 1.173857 0.824428
v -0.200222 1.173857 0.824428
v -0.217624 1.212461 0.822911
v -0.226325 1.212461 0.822911
v -0.226325 1.212461 0.823036
v -0.217624 1.212461 0.823036
v -0.208923 1.058043 0.822911
v -0.200222 1.058043 0.822911
v -0.200222 1.058043 0.823036
v -0.208923 1.058043 0.823036
v -0.191521 1.096647 0.822911
v -0.191521 1.135252 0.822911
v -0.191521 1.135252 0.823036
v -0.191521 1.096647 0.823036
v -0.191521 1.060952 0.822911
v -0.191521 1.060952 0.823036
v -0.191521 1.173857 0.822911
v -0.191521 1.173857 0.823036
v -0.192913 1.212461 0.821394
v -0.200222 1.212461 0.821394
v -0.200222 1.212461 0.822911
v -0.192913 1.212461 0.822911
v -0.252428 1.058043 0.818360
v -0.252428 1.058043 0.819877
v -0.259737 1.058043 0.819877
v -0.259737 1.058043 0.818360
v -0.208923 1.212461 0.822911
v -0.208923 1.212461 0.823036
v -0.235026 1.058043 0.822911
v -0.235026 1.058043 0.823036
v -0.243727 1.058043 0.823036
v -0.243727 1.058043 0.822911
v -0.226325 1.173857 0.824428
v -0.226325 1.209552 0.824428
v -0.235026 1.209552 0.824428
v -0.235026 1.173857 0.824428
v -0.226325 1.135252 0.824428
v -0.226325 1.096647 0.824428
v -0.217624 1.058043 0.819877
v -0.208923 1.058043 0.819877
v -0.208923 1.058043 0.821394
v -0.217624 1.058043 0.821394
v -0.200222 1.058043 0.819877
v -0.200222 1.058043 0.821394
v -0.217624 1.058043 0.822911
v -0.226325 1.058043 0.818360
v -0.217624 1.058043 0.818360
v -0.226325 1.058043 0.819877
v -0.208923 1.058043 0.818360
v -0.200222 1.058043 0.818360
v -0.191521 1.060952 0.818360
v -0.191521 1.096647 0.818360
v -0.191521 1.096647 0.819877
v -0.191521 1.060952 0.819877
v -0.191521 1.060952 0.821394
v -0.191521 1.096647 0.821394
v -0.200222 1.212461 0.823036
v -0.200222 1.060952 0.824428
v -0.192913 1.060952 0.824428
v -0.192913 1.096647 0.824428
v -0.208923 1.060952 0.824428
v -0.217624 1.060952 0.824428
v -0.226325 1.060952 0.824428
v -0.235026 1.096647 0.824428
v -0.235026 1.060952 0.824428
v -0.226325 1.058043 0.821394
v -0.226325 1.058043 0.822911
v -0.191521 1.135252 0.819877
v -0.191521 1.135252 0.821394
v -0.191521 1.173857 0.819877
v -0.191521 1.173857 0.821394
v -0.191521 1.173857 0.818360
v -0.191521 1.209552 0.818360
v -0.191521 1.209552 0.819877
v -0.191521 1.135252 0.818360
v -0.192913 1.212461 0.818360
v -0.200222 1.212461 0.818360
v -0.200222 1.212461 0.819877
v -0.192913 1.212461 0.819877
v -0.192913 1.212461 0.823036
v -0.192913 1.135252 0.824428
v -0.192913 1.173857 0.824428
v -0.191521 1.209552 0.822911
v -0.191521 1.209552 0.823036
v -0.192913 1.058043 0.821394
v -0.192913 1.058043 0.822911
v -0.192913 1.058043 0.819877
v -0.208923 1.212461 0.819877
v -0.208923 1.212461 0.821394
v -0.217624 1.212461 0.819877
v -0.217624 1.212461 0.821394
v -0.192913 1.058043 0.823036
v -0.208923 1.212461 0.818360
v -0.217624 1.212461 0.818360
v -0.226325 1.212461 0.818360
v -0.226325 1.212461 0.819877
v -0.226325 1.212461 0.821394
v -0.235026 1.212461 0.822911
v -0.235026 1.212461 0.823036
v -0.208923 1.209552 0.824428
v -0.217624 1.209552 0.824428
v -0.200222 1.209552 0.824428
v -0.192913 1.209552 0.824428
v -0.191521 1.209552 0.821394
v -0.235026 1.135252 0.824428
v -0.243727 1.135252 0.824428
v -0.243727 1.096647 0.824428
v -0.243727 1.173857 0.824428
v -0.252428 1.135252 0.824428
v -0.252428 1.096647 0.824428
v -0.252428 1.173857 0.824428
v -0.226325 1.058043 0.823036
v -0.217624 1.058043 0.823036
v -0.243727 1.212461 0.822911
v -0.243727 1.212461 0.823036
v -0.259737 1.212461 0.821394
v -0.259737 1.212461 0.822911
v -0.252428 1.212461 0.822911
v -0.252428 1.212461 0.821394
v -0.261129 1.135252 0.822911
v -0.261129 1.135252 0.823036
v -0.261129 1.173857 0.823036
v -0.261129 1.173857 0.822911
v -0.261129 1.060952 0.822911
v -0.261129 1.060952 0.823036
v -0.261129 1.096647 0.823036
v -0.261129 1.096647 0.822911
v -0.252428 1.058043 0.823036
v -0.252428 1.058043 0.822911
v -0.235026 1.058043 0.819877
v -0.235026 1.058043 0.821394
v -0.243727 1.058043 0.821394
v -0.243727 1.058043 0.819877
v -0.252428 1.058043 0.821394
v -0.235026 1.058043 0.818360
v -0.243727 1.060952 0.824428
v -0.252428 1.060952 0.824428
v -0.259737 1.096647 0.824428
v -0.259737 1.060952 0.824428
v -0.252428 1.212461 0.823036
v -0.261129 1.060952 0.821394
v -0.261129 1.096647 0.821394
v -0.261129 1.060952 0.818360
v -0.261129 1.060952 0.819877
v -0.261129 1.096647 0.819877
v -0.261129 1.096647 0.818360
v -0.243727 1.058043 0.818360
v -0.261129 1.135252 0.821394
v -0.261129 1.135252 0.819877
v -0.261129 1.173857 0.821394
v -0.261129 1.173857 0.819877
v -0.261129 1.173857 0.818360
v -0.261129 1.209552 0.819877
v -0.261129 1.209552 0.818360
v -0.259737 1.058043 0.821394
v -0.259737 1.058043 0.822911
v -0.261129 1.209552 0.823036
v -0.261129 1.209552 0.822911
v -0.259737 1.135252 0.824428
v -0.259737 1.173857 0.824428
v -0.259737 1.212461 0.823036
v -0.259737 1.212461 0.819877
v -0.252428 1.212461 0.819877
v -0.259737 1.212461 0.818360
v -0.252428 1.212461 0.818360
v -0.261129 1.135252 0.818360
v -0.243727 1.212461 0.821394
v -0.243727 1.212461 0.819877
v -0.235026 1.212461 0.821394
v -0.235026 1.212461 0.819877
v -0.259737 1.058043 0.823036
v -0.261129 1.209552 0.821394
v -0.252428 1.209552 0.824428
v -0.259737 1.209552 0.824428
v -0.243727 1.209552 0.824428
v -0.235026 1.212461 0.818360
v -0.243727 1.212461 0.818360
v -0.192380 1.058264 0.823036
v -0.192367 1.058531 0.823582
v -0.192913 1.058264 0.823568
v -0.191928 1.058895 0.823036
v -0.191999 1.059043 0.823554
v -0.192394 1.059043 0.823949
v -0.192913 1.058895 0.824020
v -0.192109 1.059272 0.823839
v -0.191627 1.060952 0.823568
v -0.191755 1.059811 0.823582
v -0.191627 1.059838 0.823036
v -0.191928 1.060952 0.824020
v -0.191999 1.059868 0.823949
v -0.192913 1.059838 0.824322
v -0.192367 1.059811 0.824194
v -0.192380 1.060952 0.824322
v -0.192380 1.209552 0.824322
v -0.192367 1.210693 0.824194
v -0.192913 1.210665 0.824322
v -0.191928 1.209552 0.824020
v -0.191999 1.210635 0.823949
v -0.192394 1.211461 0.823949
v -0.192913 1.211609 0.824020
v -0.192109 1.211232 0.823839
v -0.191627 1.210665 0.823036
v -0.191755 1.210693 0.823582
v -0.191627 1.209552 0.823568
v -0.191928 1.211609 0.823036
v -0.191999 1.211461 0.823554
v -0.192913 1.212240 0.823568
v -0.192367 1.211973 0.823582
v -0.192380 1.212240 0.823036
v -0.259737 1.058264 0.823568
v -0.260283 1.058531 0.823582
v -0.260270 1.058264 0.823036
v -0.259737 1.058895 0.824020
v -0.260255 1.059043 0.823949
v -0.260650 1.059043 0.823554
v -0.260721 1.058895 0.823036
v -0.260541 1.059272 0.823839
v -0.260270 1.060952 0.824322
v -0.260283 1.059811 0.824194
v -0.259737 1.059838 0.824322
v -0.260721 1.060952 0.824020
v -0.260650 1.059868 0.823949
v -0.261023 1.059838 0.823036
v -0.260895 1.059811 0.823582
v -0.261023 1.060952 0.823568
v -0.259737 1.210665 0.824322
v -0.260283 1.210693 0.824194
v -0.260270 1.209552 0.824322
v -0.259737 1.211609 0.824020
v -0.260255 1.211461 0.823949
v -0.260650 1.210635 0.823949
v -0.260721 1.209552 0.824020
v -0.260541 1.211232 0.823839
v -0.260270 1.212240 0.823036
v -0.260283 1.211973 0.823582
v -0.259737 1.212240 0.823568
v -0.260721 1.211609 0.823036
v -0.260650 1.211461 0.823554
v -0.261023 1.209552 0.823568
v -0.260895 1.210693 0.823582
v -0.261023 1.210665 0.823036
v -0.217624 1.058264 0.823568
v -0.226325 1.058264 0.823568
v -0.217624 1.058895 0.824020
v -0.226325 1.058895 0.824020
v -0.217624 1.059838 0.824322
v -0.226325 1.059838 0.824322
v -0.208923 1.058264 0.823568
v -0.208923 1.058895 0.824020
v -0.208923 1.059838 0.824322
v -0.200222 1.058264 0.823568
v -0.200222 1.058895 0.824020
v -0.200222 1.059838 0.824322
v -0.191627 1.096647 0.823568
v -0.191928 1.096647 0.824020
v -0.192380 1.096647 0.824322
v -0.191627 1.135252 0.823568
v -0.191928 1.135252 0.824020
v -0.192380 1.135252 0.824322
v -0.191627 1.173857 0.823568
v -0.191928 1.173857 0.824020
v -0.192380 1.173857 0.824322
v -0.191627 1.210665 0.822911
v -0.191928 1.211609 0.822911
v -0.192380 1.212240 0.822911
v -0.191627 1.210665 0.821394
v -0.191928 1.211609 0.821394
v -0.192380 1.212240 0.821394
v -0.191627 1.210665 0.819877
v -0.191928 1.211609 0.819877
v -0.192380 1.212240 0.819877
v -0.191627 1.210665 0.818360
v -0.191928 1.211609 0.818360
v -0.192380 1.212240 0.818360
v -0.191627 1.059838 0.819877
v -0.191627 1.059838 0.818360
v -0.191928 1.058895 0.819877
v -0.191928 1.058895 0.818360
v -0.192380 1.058264 0.819877
v -0.192380 1.058264 0.818360
v -0.192913 1.058043 0.818360
v -0.191627 1.059838 0.821394
v -0.191928 1.058895 0.821394
v -0.192380 1.058264 0.821394
v -0.191627 1.059838 0.822911
v -0.191928 1.058895 0.822911
v -0.192380 1.058264 0.822911
v -0.200222 1.212240 0.823568
v -0.200222 1.211609 0.824020
v -0.200222 1.210665 0.824322
v -0.208923 1.212240 0.823568
v -0.208923 1.211609 0.824020
v -0.208923 1.210665 0.824322
v -0.217624 1.212240 0.823568
v -0.217624 1.211609 0.824020
v -0.217624 1.210665 0.824322
v -0.226325 1.212240 0.823568
v -0.226325 1.211609 0.824020
v -0.226325 1.210665 0.824322
v -0.235026 1.059838 0.824322
v -0.235026 1.058895 0.824020
v -0.235026 1.058264 0.823568
v -0.243727 1.059838 0.824322
v -0.243727 1.058895 0.824020
v -0.243727 1.058264 0.823568
v -0.252428 1.059838 0.824322
v -0.252428 1.058895 0.824020
v -0.252428 1.058264 0.823568
v -0.260270 1.096647 0.824322
v -0.260721 1.096647 0.824020
v -0.261023 1.096647 0.823568
v -0.260270 1.135252 0.824322
v -0.260721 1.135252 0.824020
v -0.261023 1.135252 0.823568
v -0.260270 1.173857 0.824322
v -0.260721 1.173857 0.824020
v -0.261023 1.173857 0.823568
v -0.260270 1.212240 0.822911
v -0.260721 1.211609 0.822911
v -0.261023 1.210665 0.822911
v -0.260270 1.212240 0.821394
v -0.260721 1.211609 0.821394
v -0.261023 1.210665 0.821394
v -0.260270 1.212240 0.819877
v -0.260721 1.211609 0.819877
v -0.261023 1.210665 0.819877
v -0.260270 1.212240 0.818360
v -0.260721 1.211609 0.818360
v -0.261023 1.210665 0.818360
v -0.260270 1.058264 0.819877
v -0.260270 1.058264 0.818360
v -0.260721 1.058895 0.819877
v -0.260721 1.058895 0.818360
v -0.261023 1.059838 0.819877
v -0.261023 1.059838 0.818360
v -0.260270 1.058264 0.821394
v -0.260721 1.058895 0.821394
v -0.261023 1.059838 0.821394
v -0.260270 1.058264 0.822911
v -0.260721 1.058895 0.822911
v -0.261023 1.059838 0.822911
v -0.252428 1.210665 0.824322
v -0.252428 1.211609 0.824020
v -0.252428 1.212240 0.823568
v -0.243727 1.210665 0.824322
v -0.243727 1.211609 0.824020
v -0.243727 1.212240 0.823568
v -0.235026 1.210665 0.824322
v -0.235026 1.211609 0.824020
v -0.235026 1.212240 0.823568
vt 0.064629 0.375861
vt 0.044448 0.375662
vt 0.044814 0.287745
vt 0.064765 0.287710
vt 0.024291 0.375321
vt 0.024912 0.287786
vt 0.044249 0.199814
vt 0.064451 0.199550
vt 0.024050 0.200247
vt 0.169846 0.498216
vt 0.169883 0.518487
vt 0.169529 0.518488
vt 0.169492 0.498217
vt 0.196662 0.059465
vt 0.194049 0.079198
vt 0.193728 0.079155
vt 0.196317 0.059422
vt 0.186558 0.184362
vt 0.181194 0.268199
vt 0.179732 0.268114
vt 0.185141 0.184280
vt 0.190837 0.105359
vt 0.190437 0.105340
vt 0.175644 0.352032
vt 0.174227 0.351946
vt 0.173140 0.439921
vt 0.173192 0.457678
vt 0.169588 0.457742
vt 0.169411 0.439914
vt 0.208609 0.957919
vt 0.205010 0.958440
vt 0.202466 0.940768
vt 0.206104 0.940254
vt 0.169801 0.477944
vt 0.169448 0.477947
vt 0.203758 0.999950
vt 0.203405 1.000000
vt 0.200517 0.979767
vt 0.200869 0.979716
vt 0.084646 0.199447
vt 0.084524 0.115178
vt 0.105107 0.115265
vt 0.104844 0.199498
vt 0.084738 0.287678
vt 0.084830 0.375911
vt 0.206018 0.040502
vt 0.203573 0.060313
vt 0.200115 0.059889
vt 0.202564 0.040076
vt 0.201095 0.080165
vt 0.197572 0.079697
vt 0.199111 0.039651
vt 0.211912 0.021119
vt 0.209472 0.040927
vt 0.208458 0.020695
vt 0.207033 0.060737
vt 0.204620 0.080607
vt 0.201571 0.105983
vt 0.196536 0.184997
vt 0.193210 0.184784
vt 0.198085 0.105674
vt 0.194527 0.105447
vt 0.189883 0.184573
vt 0.169259 0.457746
vt 0.023455 0.458804
vt 0.006375 0.457274
vt 0.007384 0.374973
vt 0.043941 0.459693
vt 0.064442 0.460050
vt 0.084955 0.460123
vt 0.105029 0.375811
vt 0.105471 0.459978
vt 0.205006 0.020271
vt 0.201553 0.019846
vt 0.187780 0.268628
vt 0.184485 0.268413
vt 0.182294 0.352473
vt 0.178967 0.352254
vt 0.185621 0.352691
vt 0.180510 0.431768
vt 0.177008 0.431631
vt 0.191075 0.268843
vt 0.180467 0.439964
vt 0.180396 0.457636
vt 0.176795 0.457644
vt 0.176820 0.439944
vt 0.169101 0.439915
vt 0.008276 0.287822
vt 0.007127 0.200706
vt 0.169772 0.430989
vt 0.169366 0.430960
vt 0.195333 0.097057
vt 0.191696 0.096597
vt 0.198931 0.097485
vt 0.176873 0.477937
vt 0.173336 0.477941
vt 0.176912 0.498203
vt 0.173378 0.498210
vt 0.191394 0.096557
vt 0.180410 0.477933
vt 0.180445 0.498197
vt 0.180484 0.518464
vt 0.176950 0.518472
vt 0.173416 0.518479
vt 0.169937 0.538759
vt 0.169583 0.538759
vt 0.043345 0.115813
vt 0.063938 0.115338
vt 0.022748 0.116842
vt 0.005627 0.118502
vt 0.173430 0.431396
vt 0.104712 0.287671
vt 0.124662 0.287669
vt 0.125204 0.375560
vt 0.125052 0.199712
vt 0.144565 0.287674
vt 0.145348 0.375170
vt 0.145264 0.200096
vt 0.201208 0.019804
vt 0.203633 0.000000
vt 0.203979 0.000043
vt 0.198765 0.039609
vt 0.169983 0.559031
vt 0.169630 0.559029
vt 0.173492 0.597045
vt 0.169763 0.597064
vt 0.169860 0.579233
vt 0.173465 0.579282
vt 0.183051 0.769406
vt 0.181584 0.769504
vt 0.175313 0.685370
vt 0.176735 0.685271
vt 0.194173 0.932864
vt 0.193765 0.932884
vt 0.187759 0.853643
vt 0.189181 0.853548
vt 0.197487 0.959615
vt 0.197815 0.959565
vt 0.210811 0.998947
vt 0.207284 0.999448
vt 0.204397 0.979215
vt 0.207928 0.978714
vt 0.201411 0.958987
vt 0.210885 0.000889
vt 0.214339 0.001312
vt 0.207432 0.000466
vt 0.125980 0.459546
vt 0.146466 0.458582
vt 0.162242 0.374782
vt 0.163484 0.456972
vt 0.169531 0.579231
vt 0.197871 0.932746
vt 0.192519 0.853307
vt 0.204955 0.932108
vt 0.201455 0.932473
vt 0.195857 0.853065
vt 0.199195 0.852821
vt 0.211461 0.978213
vt 0.214339 0.998445
vt 0.186354 0.769162
vt 0.189661 0.768917
vt 0.180070 0.685019
vt 0.183409 0.684769
vt 0.186748 0.684521
vt 0.177406 0.605328
vt 0.180916 0.605167
vt 0.198796 0.941276
vt 0.195079 0.941800
vt 0.169732 0.606039
vt 0.170138 0.606004
vt 0.161202 0.287683
vt 0.162204 0.200515
vt 0.169453 0.597064
vt 0.177173 0.597004
vt 0.177067 0.579300
vt 0.180821 0.596962
vt 0.180669 0.579291
vt 0.192968 0.768672
vt 0.173518 0.559018
vt 0.177055 0.559006
vt 0.173469 0.538749
vt 0.177003 0.538740
vt 0.194770 0.941846
vt 0.173814 0.605583
vt 0.146286 0.116619
vt 0.163468 0.118202
vt 0.125692 0.115663
vt 0.180536 0.538730
vt 0.180592 0.558994
vt 0.005373 0.465431
vt 0.003938 0.464747
vt 0.004505 0.463288
vt 0.005728 0.464041
vt 0.002467 0.463133
vt 0.003517 0.462134
vt 0.004820 0.461861
vt 0.006012 0.462250
vt 0.004068 0.461385
vt 0.000753 0.457502
vt 0.002203 0.457368
vt 0.002794 0.460268
vt 0.001298 0.460600
vt 0.003622 0.457275
vt 0.003847 0.459939
vt 0.006227 0.459952
vt 0.004905 0.459999
vt 0.005002 0.457239
vt 0.004253 0.118546
vt 0.004134 0.115782
vt 0.005459 0.115817
vt 0.002872 0.118522
vt 0.003076 0.115851
vt 0.004031 0.113919
vt 0.005219 0.113516
vt 0.003283 0.114402
vt 0.000000 0.118318
vt 0.000519 0.115213
vt 0.002018 0.115531
vt 0.001451 0.118440
vt 0.001667 0.112669
vt 0.002725 0.113658
vt 0.004549 0.110351
vt 0.004915 0.111731
vt 0.003702 0.112496
vt 0.003123 0.111044
vt 0.164536 0.465089
vt 0.164177 0.463716
vt 0.165386 0.462959
vt 0.165957 0.464406
vt 0.163880 0.461939
vt 0.165063 0.461542
vt 0.166364 0.461806
vt 0.167413 0.462795
vt 0.165810 0.461063
vt 0.164855 0.456930
vt 0.164967 0.459686
vt 0.163647 0.459647
vt 0.166233 0.456958
vt 0.166022 0.459620
vt 0.169100 0.457171
vt 0.168569 0.460266
vt 0.167075 0.459943
vt 0.167652 0.457043
vt 0.163621 0.115516
vt 0.164948 0.115472
vt 0.164843 0.118240
vt 0.163843 0.113208
vt 0.165039 0.113603
vt 0.166009 0.115535
vt 0.166226 0.118208
vt 0.165793 0.114083
vt 0.164497 0.110012
vt 0.165937 0.110706
vt 0.165361 0.112171
vt 0.164134 0.111409
vt 0.167407 0.112335
vt 0.166349 0.113334
vt 0.169100 0.117990
vt 0.167648 0.118119
vt 0.167067 0.115209
vt 0.168568 0.114883
vt 0.084969 0.468307
vt 0.064360 0.468239
vt 0.064373 0.466871
vt 0.084967 0.466941
vt 0.064392 0.465034
vt 0.084964 0.465105
vt 0.064415 0.462691
vt 0.084960 0.462763
vt 0.043701 0.467903
vt 0.043740 0.466529
vt 0.043794 0.464685
vt 0.043863 0.462336
vt 0.022901 0.467069
vt 0.022993 0.465689
vt 0.023120 0.463816
vt 0.023279 0.461453
vt 0.001459 0.374919
vt 0.002942 0.374931
vt 0.004423 0.374943
vt 0.005905 0.374957
vt 0.002198 0.287841
vt 0.003717 0.287836
vt 0.005236 0.287831
vt 0.006756 0.287827
vt 0.001208 0.200804
vt 0.002685 0.200782
vt 0.004165 0.200758
vt 0.005646 0.200733
vt 0.169480 0.434057
vt 0.169151 0.434041
vt 0.169420 0.436562
vt 0.169107 0.436558
vt 0.169410 0.438488
vt 0.169100 0.438488
vt 0.173273 0.434169
vt 0.173186 0.436610
vt 0.173152 0.438510
vt 0.176905 0.434301
vt 0.176856 0.436679
vt 0.176832 0.438550
vt 0.180488 0.434364
vt 0.180478 0.436720
vt 0.180472 0.438578
vt 0.198324 0.103032
vt 0.201858 0.103400
vt 0.198568 0.100687
vt 0.202128 0.101085
vt 0.198773 0.098850
vt 0.202343 0.099263
vt 0.202505 0.097905
vt 0.194726 0.102694
vt 0.194962 0.100298
vt 0.195170 0.098436
vt 0.191017 0.102325
vt 0.191284 0.099869
vt 0.191516 0.097989
vt 0.190693 0.102295
vt 0.190978 0.099833
vt 0.191214 0.097950
vt 0.022132 0.108547
vt 0.022239 0.109952
vt 0.022379 0.111817
vt 0.022555 0.114185
vt 0.043055 0.107563
vt 0.043102 0.108944
vt 0.043167 0.110796
vt 0.043250 0.113157
vt 0.063816 0.107115
vt 0.063836 0.108489
vt 0.063863 0.110333
vt 0.063898 0.112687
vt 0.084510 0.106964
vt 0.084512 0.108335
vt 0.084515 0.110178
vt 0.084519 0.112528
vt 0.105507 0.462619
vt 0.105539 0.464963
vt 0.105564 0.466800
vt 0.105582 0.468168
vt 0.126067 0.462189
vt 0.126144 0.464539
vt 0.126204 0.466382
vt 0.126249 0.467756
vt 0.146651 0.461224
vt 0.146819 0.463579
vt 0.146953 0.465433
vt 0.147055 0.466830
vt 0.163722 0.374759
vt 0.165202 0.374737
vt 0.166683 0.374717
vt 0.168159 0.374698
vt 0.162723 0.287680
vt 0.164242 0.287677
vt 0.165761 0.287674
vt 0.167281 0.287671
vt 0.163684 0.200534
vt 0.165166 0.200552
vt 0.166648 0.200568
vt 0.168131 0.200582
vt 0.169766 0.598491
vt 0.169456 0.598493
vt 0.169783 0.600419
vt 0.169470 0.600424
vt 0.169850 0.602926
vt 0.169520 0.602943
vt 0.173510 0.598455
vt 0.173552 0.600357
vt 0.173648 0.602802
vt 0.177192 0.598398
vt 0.177226 0.600271
vt 0.177287 0.602653
vt 0.180835 0.598349
vt 0.180852 0.600209
vt 0.180876 0.602567
vt 0.202276 0.939378
vt 0.205906 0.938872
vt 0.202030 0.937511
vt 0.205639 0.937023
vt 0.201739 0.935134
vt 0.205305 0.934687
vt 0.198606 0.939869
vt 0.198367 0.937972
vt 0.198098 0.935531
vt 0.194874 0.940379
vt 0.194613 0.938459
vt 0.194323 0.935958
vt 0.194566 0.940422
vt 0.194300 0.938500
vt 0.193993 0.935988
vt 0.146471 0.113955
vt 0.146639 0.111579
vt 0.146772 0.109695
vt 0.146869 0.108307
vt 0.125777 0.113008
vt 0.125852 0.110647
vt 0.125910 0.108795
vt 0.125953 0.107414
vt 0.105137 0.112614
vt 0.105164 0.110261
vt 0.105185 0.108417
vt 0.105200 0.107043
vn 0.0000 0.0000 1.0000
vn 0.0000 1.0000 0.0000
vn 0.0000 0.9807 0.1956
vn 0.0000 -1.0000 0.0000
vn 0.0000 -0.9807 0.1956
vn 1.0000 0.0000 0.0000
vn 0.9952 0.0000 0.0978
vn 0.9989 -0.0474 0.0000
vn 0.9937 -0.0488 0.1014
vn 0.1956 0.9807 -0.0000
vn -0.1953 -0.9807 0.0000
vn -0.1957 -0.9807 -0.0000
vn 0.0000 0.0475 0.9989
vn 0.0000 -0.0474 0.9989
vn 0.1012 -0.0488 0.9937
vn 0.0980 0.0000 0.9952
vn 0.9989 0.0475 0.0000
vn 0.1957 0.9807 -0.0000
vn 0.1958 0.9806 0.0000
vn 0.1930 0.9620 0.1934
vn 0.9937 0.0488 0.1013
vn 0.1956 -0.9807 -0.0000
vn 0.1958 -0.9806 -0.0000
vn 0.1933 -0.9619 0.1934
vn 0.1008 0.0488 0.9937
vn -0.1958 0.9806 -0.0000
vn -0.1958 0.9807 -0.0000
vn -1.0000 0.0000 0.0000
vn -0.9952 0.0000 0.0982
vn -0.9989 -0.0474 0.0000
vn -0.9937 -0.0488 0.1013
vn -0.0980 0.0000 0.9952
vn -0.1007 -0.0488 0.9937
vn -0.9989 0.0475 0.0000
vn -0.9989 0.0474 0.0000
vn -0.1958 -0.9806 0.0000
vn -0.1958 -0.9807 0.0000
vn -0.9937 0.0488 0.1013
vn -0.0984 0.0000 0.9951
vn -0.1930 0.9619 0.1934
vn -0.1957 0.9807 0.0000
vn -0.1930 -0.9620 0.1933
vn -0.1012 0.0488 0.9937
vn 0.6018 -0.7807 0.1686
vn 0.5415 -0.6430 0.5415
vn 0.1683 -0.7807 0.6018
vn 0.8837 -0.4525 0.1196
vn 0.8102 -0.4105 0.4183
vn 0.4184 -0.4103 0.8103
vn 0.1194 -0.4529 0.8836
vn 0.6715 -0.3137 0.6713
vn 0.9225 -0.0477 0.3831
vn 0.9014 -0.1951 0.3865
vn 0.9744 -0.1992 0.1043
vn 0.7064 -0.0447 0.7064
vn 0.6968 -0.1695 0.6970
vn 0.1043 -0.1990 0.9744
vn 0.3863 -0.1953 0.9014
vn 0.3837 -0.0478 0.9222
vn 0.3837 0.0478 0.9222
vn 0.3863 0.1953 0.9015
vn 0.1045 0.1992 0.9744
vn 0.7064 0.0447 0.7064
vn 0.6968 0.1695 0.6969
vn 0.4184 0.4102 0.8103
vn 0.1193 0.4528 0.8836
vn 0.6711 0.3138 0.6717
vn 0.9744 0.1993 0.1043
vn 0.9014 0.1951 0.3866
vn 0.9222 0.0477 0.3837
vn 0.8836 0.4528 0.1193
vn 0.8103 0.4104 0.4183
vn 0.1683 0.7807 0.6018
vn 0.5414 0.6431 0.5416
vn 0.6015 0.7808 0.1687
vn -0.1684 -0.7807 0.6018
vn -0.5415 -0.6428 0.5418
vn -0.6019 -0.7805 0.1686
vn -0.1195 -0.4528 0.8836
vn -0.4184 -0.4102 0.8104
vn -0.8104 -0.4102 0.4184
vn -0.8836 -0.4528 0.1193
vn -0.6712 -0.3137 0.6716
vn -0.3838 -0.0477 0.9222
vn -0.3865 -0.1954 0.9014
vn -0.1046 -0.1993 0.9743
vn -0.7064 -0.0447 0.7064
vn -0.6970 -0.1697 0.6967
vn -0.9744 -0.1990 0.1044
vn -0.9012 -0.1953 0.3869
vn -0.9222 -0.0477 0.3839
vn -0.1045 0.1992 0.9744
vn -0.3866 0.1954 0.9013
vn -0.3837 0.0477 0.9222
vn -0.1194 0.4528 0.8836
vn -0.4184 0.4102 0.8104
vn -0.6970 0.1695 0.6968
vn -0.7065 0.0447 0.7063
vn -0.6712 0.3138 0.6716
vn -0.6019 0.7805 0.1686
vn -0.5415 0.6431 0.5414
vn -0.1684 0.7807 0.6018
vn -0.8836 0.4529 0.1193
vn -0.8104 0.4101 0.4184
vn -0.9222 0.0477 0.3839
vn -0.9012 0.1954 0.3869
vn -0.9744 0.1992 0.1045
vn 0.0000 -0.9235 0.3837
vn 0.0000 -0.5824 0.8129
vn 0.0000 -0.4488 0.8936
vn 0.0000 -0.4491 0.8935
vn 0.0000 -0.2010 0.9796
vn 0.0000 -0.9233 0.3841
vn 0.9238 0.0000 0.3829
vn 0.7071 0.0000 0.7071
vn 0.3827 0.0000 0.9239
vn 0.9238 0.0000 0.3828
vn 0.9796 0.2009 -0.0000
vn 0.8935 0.4490 -0.0000
vn 0.8129 0.5823 0.0000
vn 0.3838 0.9234 0.0000
vn 0.9797 0.2004 0.0000
vn 0.8936 0.4489 -0.0000
vn 0.3839 0.9234 0.0000
vn 0.9796 0.2010 0.0000
vn 0.9796 -0.2009 0.0000
vn 0.9796 -0.2010 0.0000
vn 0.8935 -0.4490 0.0000
vn 0.8937 -0.4487 0.0000
vn 0.8129 -0.5823 0.0000
vn 0.3839 -0.9234 0.0000
vn 0.1957 -0.9807 0.0000
vn 0.9796 -0.2010 0.0002
vn 0.8937 -0.4486 0.0000
vn 0.3838 -0.9234 -0.0000
vn -0.0000 0.9233 0.3840
vn 0.0000 0.5821 0.8131
vn 0.0000 0.4490 0.8935
vn 0.0000 0.2009 0.9796
vn 0.0000 0.5820 0.8132
vn -0.0000 0.9233 0.3841
vn 0.0000 0.5824 0.8129
vn -0.3827 0.0000 0.9239
vn -0.7072 0.0000 0.7070
vn -0.9240 0.0000 0.3825
vn -0.7074 0.0000 0.7068
vn -0.9238 0.0000 0.3828
vn -0.7071 0.0000 0.7071
vn -0.3839 0.9234 -0.0000
vn -0.8131 0.5822 0.0000
vn -0.8936 0.4490 -0.0000
vn -0.9797 0.2006 -0.0000
vn -0.8130 0.5822 0.0000
vn -0.8936 0.4488 -0.0000
vn -0.9796 0.2009 0.0000
vn -0.3838 0.9234 0.0000
vn -0.3839 -0.9234 0.0000
vn -0.3838 -0.9234 0.0000
vn -0.8130 -0.5822 0.0000
vn -0.8937 -0.4486 0.0000
vn -0.8935 -0.4491 0.0000
vn -0.9797 -0.2007 0.0000
vn -0.8936 -0.4490 0.0000
vn -0.9797 -0.2005 0.0000
vn -0.8131 -0.5822 -0.0000
vn -0.8936 -0.4489 0.0000
vn -0.9796 -0.2010 0.0000
vn -0.0000 0.9233 0.3842
vn 0.0000 0.9235 0.3837
usemtl Panel
s 1
f 4226/5031/2957 4227/5032/2957 4228/5033/2957 4229/5034/2957
f 4227/5032/2957 4230/5035/2957 4231/5036/2957 4228/5033/2957
f 4229/5034/2957 4228/5033/2957 4232/5037/2957 4233/5038/2957
f 4228/5033/2957 4231/5036/2957 4234/5039/2957 4232/5037/2957
f 4235/5040/2958 4236/5041/2958 4237/5042/2959 4238/5043/2959
f 4239/5044/2960 4240/5045/2960 4241/5046/2961 4242/5047/2961
f 4243/5048/2962 4244/5049/2962 4245/5050/2963 4246/5051/2963
f 4247/5052/2964 4243/5048/2962 4246/5051/2963 4248/5053/2965
f 4244/5049/2962 4249/5054/2962 4250/5055/2963 4245/5050/2963
f 4251/5056/2966 4252/5057/2958 4253/5058/2958 4254/5059/2966
f 4255/5060/2960 4256/5061/2960 4257/5062/2967 4258/5063/2968
f 4259/5064/2958 4235/5040/2958 4238/5043/2959 4260/5065/2959
f 4261/5066/2960 4262/5067/2961 4263/5068/2961 4264/5069/2960
f 4265/5070/2957 4266/5071/2969 4267/5072/2969 4268/5073/2957
f 4269/5074/2957 4229/5034/2957 4233/5038/2957 4265/5070/2957
f 4270/5075/2957 4226/5031/2957 4229/5034/2957 4269/5074/2957
f 4271/5076/2960 4272/5077/2960 4273/5078/2960 4274/5079/2960
f 4272/5077/2960 4275/5080/2960 4276/5081/2960 4273/5078/2960
f 4274/5079/2960 4273/5078/2960 4239/5044/2960 4277/5082/2960
f 4273/5078/2960 4276/5081/2960 4240/5045/2960 4239/5044/2960
f 4278/5083/2960 4279/5084/2960 4271/5076/2960 4280/5085/2960
f 4279/5084/2960 4281/5086/2960 4272/5077/2960 4271/5076/2960
f 4281/5086/2960 4282/5087/2960 4275/5080/2960 4272/5077/2960
f 4283/5088/2964 4284/5089/2962 4285/5090/2962 4286/5091/2964
f 4287/5092/2964 4288/5093/2962 4243/5048/2962 4247/5052/2964
f 4253/5058/2958 4259/5064/2958 4260/5065/2959 4289/5094/2959
f 4290/5095/2970 4291/5096/2971 4292/5097/2972 4230/5035/2957
f 4293/5098/2970 4290/5095/2970 4230/5035/2957 4227/5032/2957
f 4294/5099/2970 4293/5098/2970 4227/5032/2957 4226/5031/2957
f 4295/5100/2970 4270/5075/2957 4296/5101/2957 4297/5102/2970
f 4298/5103/2960 4274/5079/2960 4277/5082/2960 4299/5104/2960
f 4280/5085/2960 4271/5076/2960 4274/5079/2960 4298/5103/2960
f 4285/5090/2962 4300/5105/2962 4301/5106/2962 4288/5093/2962
f 4300/5105/2962 4302/5107/2962 4303/5108/2962 4301/5106/2962
f 4288/5093/2962 4301/5106/2962 4244/5049/2962 4243/5048/2962
f 4301/5106/2962 4303/5108/2962 4249/5054/2962 4244/5049/2962
f 4304/5109/2962 4305/5110/2973 4306/5111/2973 4302/5107/2962
f 4284/5089/2962 4307/5112/2962 4300/5105/2962 4285/5090/2962
f 4307/5112/2962 4304/5109/2962 4302/5107/2962 4300/5105/2962
f 4308/5113/2974 4309/5114/2958 4310/5115/2958 4311/5116/2975
f 4286/5091/2964 4285/5090/2962 4288/5093/2962 4287/5092/2964
f 4311/5116/2975 4310/5115/2958 4252/5057/2958 4251/5056/2966
f 4254/5059/2966 4253/5058/2958 4289/5094/2959 4312/5117/2976
f 4231/5036/2957 4313/5118/2972 4314/5119/2972 4234/5039/2957
f 4230/5035/2957 4292/5097/2972 4313/5118/2972 4231/5036/2957
f 4249/5054/2962 4315/5120/2973 4316/5121/2977 4250/5055/2963
f 4276/5081/2960 4317/5122/2978 4318/5123/2978 4240/5045/2960
f 4275/5080/2960 4319/5124/2979 4317/5122/2978 4276/5081/2960
f 4310/5115/2958 4320/5125/2958 4321/5126/2958 4252/5057/2958
f 4320/5125/2958 4322/5127/2958 4323/5128/2958 4321/5126/2958
f 4252/5057/2958 4321/5126/2958 4259/5064/2958 4253/5058/2958
f 4321/5126/2958 4323/5128/2958 4235/5040/2958 4259/5064/2958
f 4240/5045/2960 4318/5123/2978 4324/5129/2980 4241/5046/2961
f 4309/5114/2958 4325/5130/2958 4320/5125/2958 4310/5115/2958
f 4325/5130/2958 4326/5131/2958 4322/5127/2958 4320/5125/2958
f 4326/5131/2958 4327/5132/2958 4328/5133/2958 4322/5127/2958
f 4322/5127/2958 4328/5133/2958 4329/5134/2958 4323/5128/2958
f 4323/5128/2958 4329/5134/2958 4236/5041/2958 4235/5040/2958
f 4330/5135/2958 4331/5136/2959 4237/5042/2959 4236/5041/2958
f 4233/5038/2957 4232/5037/2957 4332/5137/2969 4333/5138/2969
f 4232/5037/2957 4234/5039/2957 4334/5139/2969 4332/5137/2969
f 4234/5039/2957 4314/5119/2972 4335/5140/2981 4334/5139/2969
f 4303/5108/2962 4336/5141/2973 4315/5120/2973 4249/5054/2962
f 4302/5107/2962 4306/5111/2973 4336/5141/2973 4303/5108/2962
f 4296/5101/2957 4337/5142/2957 4338/5143/2957 4339/5144/2957
f 4337/5142/2957 4268/5073/2957 4340/5145/2957 4338/5143/2957
f 4339/5144/2957 4338/5143/2957 4341/5146/2957 4342/5147/2957
f 4338/5143/2957 4340/5145/2957 4343/5148/2957 4341/5146/2957
f 4299/5104/2960 4344/5149/2961 4262/5150/2961 4261/5151/2960
f 4270/5075/2957 4269/5074/2957 4337/5142/2957 4296/5101/2957
f 4269/5074/2957 4265/5070/2957 4268/5073/2957 4337/5142/2957
f 4277/5082/2960 4239/5044/2960 4242/5047/2961 4345/5152/2961
f 4346/5153/2958 4347/5154/2959 4331/5136/2959 4330/5135/2958
f 4299/5104/2960 4277/5082/2960 4345/5152/2961 4344/5149/2961
f 4348/5155/2982 4349/5156/2983 4350/5157/2958 4351/5158/2958
f 4352/5159/2984 4353/5160/2985 4354/5161/2985 4355/5162/2984
f 4356/5163/2986 4357/5164/2987 4358/5165/2985 4359/5166/2984
f 4359/5166/2984 4358/5165/2985 4353/5160/2985 4352/5159/2984
f 4264/5069/2960 4263/5068/2961 4360/5167/2961 4361/5168/2960
f 4362/5169/2960 4363/5170/2960 4364/5171/2960 4365/5172/2960
f 4363/5170/2960 4261/5066/2960 4264/5069/2960 4364/5171/2960
f 4365/5172/2960 4364/5171/2960 4366/5173/2960 4256/5061/2960
f 4364/5171/2960 4264/5069/2960 4361/5168/2960 4366/5173/2960
f 4278/5083/2960 4280/5085/2960 4362/5174/2960 4367/5175/2960
f 4280/5085/2960 4298/5103/2960 4363/5176/2960 4362/5174/2960
f 4298/5103/2960 4299/5104/2960 4261/5151/2960 4363/5176/2960
f 4295/5100/2970 4294/5099/2970 4226/5031/2957 4270/5075/2957
f 4297/5102/2970 4296/5101/2957 4339/5144/2957 4368/5177/2970
f 4368/5177/2970 4339/5144/2957 4342/5147/2957 4369/5178/2970
f 4369/5178/2970 4342/5147/2957 4370/5179/2988 4371/5180/2989
f 4350/5157/2958 4372/5181/2959 4347/5154/2959 4346/5153/2958
f 4373/5182/2986 4356/5163/2986 4359/5166/2984 4374/5183/2984
f 4375/5184/2986 4376/5185/2986 4377/5186/2984 4378/5187/2984
f 4379/5188/2960 4365/5172/2960 4256/5061/2960 4255/5060/2960
f 4367/5189/2960 4362/5169/2960 4365/5172/2960 4379/5188/2960
f 4377/5186/2984 4374/5183/2984 4380/5190/2984 4381/5191/2984
f 4374/5183/2984 4359/5166/2984 4352/5159/2984 4380/5190/2984
f 4381/5191/2984 4380/5190/2984 4382/5192/2984 4383/5193/2984
f 4380/5190/2984 4352/5159/2984 4355/5162/2984 4382/5192/2984
f 4384/5194/2984 4383/5193/2984 4385/5195/2990 4386/5196/2991
f 4256/5061/2960 4366/5173/2960 4387/5197/2992 4257/5062/2967
f 4366/5173/2960 4361/5168/2960 4388/5198/2993 4387/5197/2992
f 4355/5162/2984 4354/5161/2985 4389/5199/2994 4390/5200/2990
f 4342/5147/2957 4341/5146/2957 4391/5201/2988 4370/5179/2988
f 4341/5146/2957 4343/5148/2957 4392/5202/2995 4391/5201/2988
f 4349/5156/2983 4393/5203/2996 4372/5181/2959 4350/5157/2958
f 4394/5204/2982 4348/5155/2982 4351/5158/2958 4395/5205/2958
f 4376/5185/2986 4373/5182/2986 4374/5183/2984 4377/5186/2984
f 4396/5206/2997 4394/5204/2982 4395/5205/2958 4397/5207/2958
f 4398/5208/2984 4381/5191/2984 4383/5193/2984 4384/5194/2984
f 4378/5187/2984 4377/5186/2984 4381/5191/2984 4398/5208/2984
f 4395/5205/2958 4351/5158/2958 4399/5209/2958 4400/5210/2958
f 4351/5158/2958 4350/5157/2958 4346/5153/2958 4399/5209/2958
f 4400/5210/2958 4399/5209/2958 4401/5211/2958 4402/5212/2958
f 4399/5209/2958 4346/5153/2958 4330/5135/2958 4401/5211/2958
f 4361/5168/2960 4360/5167/2961 4403/5213/2998 4388/5198/2993
f 4383/5193/2984 4382/5192/2984 4404/5214/2990 4385/5195/2990
f 4382/5192/2984 4355/5162/2984 4390/5200/2990 4404/5214/2990
f 4343/5148/2957 4405/5215/2969 4406/5216/2999 4392/5202/2995
f 4340/5145/2957 4407/5217/2969 4405/5215/2969 4343/5148/2957
f 4268/5073/2957 4267/5072/2969 4407/5217/2969 4340/5145/2957
f 4265/5070/2957 4233/5038/2957 4333/5138/2969 4266/5071/2969
f 4401/5211/2958 4330/5135/2958 4236/5041/2958 4329/5134/2958
f 4402/5212/2958 4401/5211/2958 4329/5134/2958 4328/5133/2958
f 4408/5218/2958 4402/5212/2958 4328/5133/2958 4327/5132/2958
f 4409/5219/2958 4400/5210/2958 4402/5212/2958 4408/5218/2958
f 4397/5207/2958 4395/5205/2958 4400/5210/2958 4409/5219/2958
f 4324/5220/2980 4410/5221/3000 4411/5222/3001 4412/5223/3002
f 4410/5221/3000 4413/5224/3003 4414/5225/3004 4411/5222/3001
f 4412/5223/3002 4411/5222/3001 4415/5226/3005 4416/5227/3006
f 4411/5222/3001 4414/5225/3004 4417/5228/3007 4415/5226/3005
f 4248/5229/2965 4418/5230/3008 4419/5231/3009 4420/5232/3010
f 4418/5230/3008 4421/5233/3011 4422/5234/3012 4419/5231/3009
f 4420/5232/3010 4419/5231/3009 4414/5225/3004 4413/5224/3003
f 4419/5231/3009 4422/5234/3012 4417/5228/3007 4414/5225/3004
f 4291/5096/2971 4423/5235/3013 4424/5236/3014 4425/5237/3015
f 4423/5235/3013 4416/5227/3006 4415/5226/3005 4424/5236/3014
f 4425/5237/3015 4424/5236/3014 4422/5234/3012 4421/5233/3011
f 4424/5236/3014 4415/5226/3005 4417/5228/3007 4422/5234/3012
f 4335/5140/2981 4426/5238/3016 4427/5239/3017 4428/5240/3018
f 4426/5238/3016 4429/5241/3019 4430/5242/3020 4427/5239/3017
f 4428/5240/3018 4427/5239/3017 4431/5243/3021 4432/5244/3022
f 4427/5239/3017 4430/5242/3020 4433/5245/3023 4431/5243/3021
f 4316/5246/2977 4434/5247/3024 4435/5248/3025 4436/5249/3026
f 4434/5247/3024 4437/5250/3027 4438/5251/3028 4435/5248/3025
f 4436/5249/3026 4435/5248/3025 4430/5242/3020 4429/5241/3019
f 4435/5248/3025 4438/5251/3028 4433/5245/3023 4430/5242/3020
f 4312/5252/2976 4439/5253/3029 4440/5254/3030 4441/5255/3031
f 4439/5253/3029 4432/5244/3022 4431/5243/3021 4440/5254/3030
f 4441/5255/3031 4440/5254/3030 4438/5251/3028 4437/5250/3027
f 4440/5254/3030 4431/5243/3021 4433/5245/3023 4438/5251/3028
f 4403/5256/2998 4442/5257/3032 4443/5258/3033 4444/5259/3034
f 4442/5257/3032 4445/5260/3035 4446/5261/3036 4443/5258/3033
f 4444/5259/3034 4443/5258/3033 4447/5262/3037 4448/5263/3038
f 4443/5258/3033 4446/5261/3036 4449/5264/3039 4447/5262/3037
f 4371/5180/2989 4450/5265/3040 4451/5266/3041 4452/5267/3042
f 4450/5265/3040 4453/5268/3043 4454/5269/3044 4451/5266/3041
f 4452/5267/3042 4451/5266/3041 4446/5261/3036 4445/5260/3035
f 4451/5266/3041 4454/5269/3044 4449/5264/3039 4446/5261/3036
f 4357/5270/2987 4455/5271/3045 4456/5272/3046 4457/5273/3047
f 4455/5271/3045 4448/5263/3038 4447/5262/3037 4456/5272/3046
f 4457/5273/3047 4456/5272/3046 4454/5269/3044 4453/5268/3043
f 4456/5272/3046 4447/5262/3037 4449/5264/3039 4454/5269/3044
f 4406/5216/2999 4458/5274/3048 4459/5275/3049 4460/5276/3050
f 4458/5274/3048 4461/5277/3051 4462/5278/3052 4459/5275/3049
f 4460/5276/3050 4459/5275/3049 4463/5279/3053 4464/5280/3054
f 4459/5275/3049 4462/5278/3052 4465/5281/3055 4463/5279/3053
f 4393/5282/2996 4466/5283/3056 4467/5284/3057 4468/5285/3058
f 4466/5283/3056 4469/5286/3059 4470/5287/3060 4467/5284/3057
f 4468/5285/3058 4467/5284/3057 4462/5278/3052 4461/5277/3051
f 4467/5284/3057 4470/5287/3060 4465/5281/3055 4462/5278/3052
f 4389/5288/2994 4471/5289/3061 4472/5290/3062 4473/5291/3063
f 4471/5289/3061 4464/5280/3054 4463/5279/3053 4472/5290/3062
f 4473/5291/3063 4472/5290/3062 4470/5287/3060 4469/5286/3059
f 4472/5290/3062 4463/5279/3053 4465/5281/3055 4470/5287/3060
f 4344/5292/2961 4345/5293/2961 4474/5294/3064 4475/5295/3064
f 4475/5295/3065 4474/5294/3065 4476/5296/3066 4477/5297/3067
f 4477/5297/3067 4476/5296/3066 4478/5298/3068 4479/5299/3068
f 4479/5299/3068 4478/5298/3068 4294/5099/2970 4295/5100/2970
f 4345/5293/2961 4242/5300/2961 4480/5301/3064 4474/5294/3064
f 4474/5294/3065 4480/5301/3065 4481/5302/3066 4476/5296/3066
f 4476/5296/3066 4481/5302/3066 4482/5303/3068 4478/5298/3068
f 4478/5298/3068 4482/5303/3068 4293/5098/2970 4294/5099/2970
f 4242/5300/2961 4241/5304/2961 4483/5305/3069 4480/5301/3064
f 4480/5301/3065 4483/5305/3065 4484/5306/3066 4481/5302/3066
f 4481/5302/3066 4484/5306/3066 4485/5307/3068 4482/5303/3068
f 4482/5303/3068 4485/5307/3068 4290/5095/2970 4293/5098/2970
f 4241/5304/2961 4324/5220/2980 4412/5223/3002 4483/5305/3069
f 4483/5305/3065 4412/5223/3002 4416/5227/3006 4484/5306/3066
f 4484/5306/3066 4416/5227/3006 4423/5235/3013 4485/5307/3068
f 4485/5307/3068 4423/5235/3013 4291/5096/2971 4290/5095/2970
f 4248/5229/2965 4246/5308/2963 4486/5309/3070 4418/5230/3008
f 4418/5230/3008 4486/5309/3070 4487/5310/3071 4421/5233/3011
f 4421/5233/3011 4487/5310/3071 4488/5311/3072 4425/5237/3015
f 4425/5237/3015 4488/5311/3072 4292/5097/2972 4291/5096/2971
f 4246/5308/2963 4245/5312/2963 4489/5313/3073 4486/5309/3070
f 4486/5309/3070 4489/5313/3073 4490/5314/3071 4487/5310/3071
f 4487/5310/3071 4490/5314/3071 4491/5315/3072 4488/5311/3072
f 4488/5311/3072 4491/5315/3072 4313/5118/2972 4292/5097/2972
f 4245/5312/2963 4250/5316/2963 4492/5317/3073 4489/5313/3073
f 4489/5313/3073 4492/5317/3073 4493/5318/3071 4490/5314/3071
f 4490/5314/3071 4493/5318/3071 4494/5319/3072 4491/5315/3072
f 4491/5315/3072 4494/5319/3072 4314/5119/2972 4313/5118/2972
f 4250/5316/2963 4316/5246/2977 4436/5249/3026 4492/5317/3073
f 4492/5317/3073 4436/5249/3026 4429/5241/3019 4493/5318/3071
f 4493/5318/3071 4429/5241/3019 4426/5238/3016 4494/5319/3072
f 4494/5319/3072 4426/5238/3016 4335/5140/2981 4314/5119/2972
f 4316/5121/2977 4315/5120/2973 4495/5320/3074 4434/5321/3024
f 4434/5321/3024 4495/5320/3074 4496/5322/3075 4437/5323/3027
f 4437/5323/3027 4496/5322/3075 4497/5324/3076 4441/5325/3031
f 4441/5325/3031 4497/5324/3077 4254/5059/2966 4312/5117/2976
f 4315/5120/2973 4336/5141/2973 4498/5326/3078 4495/5320/3074
f 4495/5320/3074 4498/5326/3078 4499/5327/3079 4496/5322/3075
f 4496/5322/3075 4499/5327/3079 4500/5328/3076 4497/5324/3076
f 4497/5324/3077 4500/5328/3080 4251/5056/2966 4254/5059/2966
f 4336/5141/2973 4306/5111/2973 4501/5329/3074 4498/5326/3078
f 4498/5326/3078 4501/5329/3074 4502/5330/3075 4499/5327/3079
f 4499/5327/3079 4502/5330/3075 4503/5331/3076 4500/5328/3076
f 4500/5328/3080 4503/5331/3080 4311/5116/2975 4251/5056/2966
f 4306/5111/2973 4305/5110/2973 4504/5332/3081 4501/5329/3074
f 4501/5329/3074 4504/5332/3081 4505/5333/3079 4502/5330/3075
f 4502/5330/3075 4505/5333/3079 4506/5334/3076 4503/5331/3076
f 4503/5331/3080 4506/5334/3080 4308/5113/2974 4311/5116/2975
f 4283/5088/2964 4286/5091/2964 4507/5335/3082 4508/5336/3083
f 4508/5336/3083 4507/5335/3082 4509/5337/3084 4510/5338/3085
f 4510/5338/3085 4509/5337/3084 4511/5339/3086 4512/5340/3086
f 4512/5340/3087 4511/5339/3087 4319/5124/2979 4513/5341/3088
f 4286/5091/2964 4287/5092/2964 4514/5342/3082 4507/5335/3082
f 4507/5335/3082 4514/5342/3082 4515/5343/3084 4509/5337/3084
f 4509/5337/3084 4515/5343/3084 4516/5344/3086 4511/5339/3086
f 4511/5339/3087 4516/5344/3087 4317/5122/2978 4319/5124/2979
f 4287/5092/2964 4247/5052/2964 4517/5345/3089 4514/5342/3082
f 4514/5342/3082 4517/5345/3089 4518/5346/3090 4515/5343/3084
f 4515/5343/3084 4518/5346/3090 4519/5347/3086 4516/5344/3086
f 4516/5344/3087 4519/5347/3091 4318/5123/2978 4317/5122/2978
f 4247/5052/2964 4248/5053/2965 4420/5348/3010 4517/5345/3089
f 4517/5345/3089 4420/5348/3010 4413/5349/3003 4518/5346/3090
f 4518/5346/3090 4413/5349/3003 4410/5350/3000 4519/5347/3086
f 4519/5347/3091 4410/5350/3000 4324/5129/2980 4318/5123/2978
f 4312/5252/2976 4289/5351/2959 4520/5352/3092 4439/5253/3029
f 4439/5253/3029 4520/5352/3093 4521/5353/3094 4432/5244/3022
f 4432/5244/3022 4521/5353/3094 4522/5354/3095 4428/5240/3018
f 4428/5240/3018 4522/5354/3095 4334/5139/2969 4335/5140/2981
f 4289/5351/2959 4260/5355/2959 4523/5356/3092 4520/5352/3092
f 4520/5352/3093 4523/5356/3096 4524/5357/3094 4521/5353/3094
f 4521/5353/3094 4524/5357/3094 4525/5358/3095 4522/5354/3095
f 4522/5354/3095 4525/5358/3095 4332/5137/2969 4334/5139/2969
f 4260/5355/2959 4238/5359/2959 4526/5360/3097 4523/5356/3092
f 4523/5356/3096 4526/5360/3093 4527/5361/3094 4524/5357/3094
f 4524/5357/3094 4527/5361/3094 4528/5362/3095 4525/5358/3095
f 4525/5358/3095 4528/5362/3095 4333/5138/2969 4332/5137/2969
f 4238/5359/2959 4237/5363/2959 4529/5364/3097 4526/5360/3097
f 4526/5360/3093 4529/5364/3098 4530/5365/3094 4527/5361/3094
f 4527/5361/3094 4530/5365/3094 4531/5366/3095 4528/5362/3095
f 4528/5362/3095 4531/5366/3095 4266/5071/2969 4333/5138/2969
f 4295/5100/2970 4297/5102/2970 4532/5367/3068 4479/5299/3068
f 4479/5299/3068 4532/5367/3068 4533/5368/3067 4477/5297/3067
f 4477/5297/3067 4533/5368/3067 4534/5369/3065 4475/5295/3065
f 4475/5295/3064 4534/5369/3064 4262/5370/2961 4344/5292/2961
f 4297/5102/2970 4368/5177/2970 4535/5371/3068 4532/5367/3068
f 4532/5367/3068 4535/5371/3068 4536/5372/3067 4533/5368/3067
f 4533/5368/3067 4536/5372/3067 4537/5373/3065 4534/5369/3065
f 4534/5369/3064 4537/5373/3064 4263/5374/2961 4262/5370/2961
f 4368/5177/2970 4369/5178/2970 4538/5375/3068 4535/5371/3068
f 4535/5371/3068 4538/5375/3068 4539/5376/3067 4536/5372/3067
f 4536/5372/3067 4539/5376/3067 4540/5377/3065 4537/5373/3065
f 4537/5373/3064 4540/5377/3064 4360/5378/2961 4263/5374/2961
f 4369/5178/2970 4371/5180/2989 4452/5267/3042 4538/5375/3068
f 4538/5375/3068 4452/5267/3042 4445/5260/3035 4539/5376/3067
f 4539/5376/3067 4445/5260/3035 4442/5257/3032 4540/5377/3065
f 4540/5377/3064 4442/5257/3032 4403/5256/2998 4360/5378/2961
f 4371/5180/2989 4370/5179/2988 4541/5379/3099 4450/5265/3040
f 4450/5265/3040 4541/5379/3099 4542/5380/3100 4453/5268/3043
f 4453/5268/3043 4542/5380/3100 4543/5381/3101 4457/5273/3047
f 4457/5273/3047 4543/5381/3101 4358/5382/2985 4357/5270/2987
f 4370/5179/2988 4391/5201/2988 4544/5383/3099 4541/5379/3099
f 4541/5379/3099 4544/5383/3099 4545/5384/3102 4542/5380/3100
f 4542/5380/3100 4545/5384/3102 4546/5385/3103 4543/5381/3101
f 4543/5381/3101 4546/5385/3103 4353/5386/2985 4358/5382/2985
f 4391/5201/2988 4392/5202/2995 4547/5387/3099 4544/5383/3099
f 4544/5383/3099 4547/5387/3099 4548/5388/3104 4545/5384/3102
f 4545/5384/3102 4548/5388/3104 4549/5389/3103 4546/5385/3103
f 4546/5385/3103 4549/5389/3103 4354/5390/2985 4353/5386/2985
f 4392/5202/2995 4406/5216/2999 4460/5276/3050 4547/5387/3099
f 4547/5387/3099 4460/5276/3050 4464/5280/3054 4548/5388/3104
f 4548/5388/3104 4464/5280/3054 4471/5289/3061 4549/5389/3103
f 4549/5389/3103 4471/5289/3061 4389/5288/2994 4354/5390/2985
f 4393/5203/2996 4349/5156/2983 4550/5391/3105 4466/5392/3056
f 4466/5392/3056 4550/5391/3106 4551/5393/3107 4469/5394/3059
f 4469/5394/3059 4551/5393/3107 4552/5395/3108 4473/5396/3063
f 4473/5396/3063 4552/5395/3108 4390/5200/2990 4389/5199/2994
f 4349/5156/2983 4348/5155/2982 4553/5397/3105 4550/5391/3105
f 4550/5391/3106 4553/5397/3109 4554/5398/3110 4551/5393/3107
f 4551/5393/3107 4554/5398/3110 4555/5399/3111 4552/5395/3108
f 4552/5395/3108 4555/5399/3111 4404/5214/2990 4390/5200/2990
f 4348/5155/2982 4394/5204/2982 4556/5400/3105 4553/5397/3105
f 4553/5397/3109 4556/5400/3109 4557/5401/3107 4554/5398/3110
f 4554/5398/3110 4557/5401/3107 4558/5402/3108 4555/5399/3111
f 4555/5399/3111 4558/5402/3108 4385/5195/2990 4404/5214/2990
f 4394/5204/2982 4396/5206/2997 4559/5403/3112 4556/5400/3105
f 4556/5400/3109 4559/5403/3109 4560/5404/3110 4557/5401/3107
f 4557/5401/3107 4560/5404/3110 4561/5405/3108 4558/5402/3108
f 4558/5402/3108 4561/5405/3108 4386/5196/2991 4385/5195/2990
f 4258/5063/2968 4257/5062/2967 4562/5406/3113 4563/5407/3114
f 4563/5407/3115 4562/5406/3115 4564/5408/3116 4565/5409/3117
f 4565/5409/3117 4564/5408/3116 4566/5410/3118 4567/5411/3118
f 4567/5411/3118 4566/5410/3118 4376/5185/2986 4375/5184/2986
f 4257/5062/2967 4387/5197/2992 4568/5412/3113 4562/5406/3113
f 4562/5406/3115 4568/5412/3115 4569/5413/3119 4564/5408/3116
f 4564/5408/3116 4569/5413/3119 4570/5414/3120 4566/5410/3118
f 4566/5410/3118 4570/5414/3120 4373/5182/2986 4376/5185/2986
f 4387/5197/2992 4388/5198/2993 4571/5415/3113 4568/5412/3113
f 4568/5412/3115 4571/5415/3121 4572/5416/3122 4569/5413/3119
f 4569/5413/3119 4572/5416/3122 4573/5417/3123 4570/5414/3120
f 4570/5414/3120 4573/5417/3123 4356/5163/2986 4373/5182/2986
f 4388/5198/2993 4403/5213/2998 4444/5418/3034 4571/5415/3113
f 4571/5415/3121 4444/5418/3034 4448/5419/3038 4572/5416/3122
f 4572/5416/3122 4448/5419/3038 4455/5420/3045 4573/5417/3123
f 4573/5417/3123 4455/5420/3045 4357/5164/2987 4356/5163/2986
f 4406/5216/2999 4405/5215/2969 4574/5421/3095 4458/5274/3048
f 4458/5274/3048 4574/5421/3095 4575/5422/3094 4461/5277/3051
f 4461/5277/3051 4575/5422/3094 4576/5423/3098 4468/5285/3058
f 4468/5285/3058 4576/5423/3124 4372/5424/2959 4393/5282/2996
f 4405/5215/2969 4407/5217/2969 4577/5425/3095 4574/5421/3095
f 4574/5421/3095 4577/5425/3095 4578/5426/3094 4575/5422/3094
f 4575/5422/3094 4578/5426/3094 4579/5427/3098 4576/5423/3098
f 4576/5423/3124 4579/5427/3097 4347/5428/2959 4372/5424/2959
f 4407/5217/2969 4267/5072/2969 4580/5429/3095 4577/5425/3095
f 4577/5425/3095 4580/5429/3095 4581/5430/3094 4578/5426/3094
f 4578/5426/3094 4581/5430/3094 4582/5431/3096 4579/5427/3098
f 4579/5427/3097 4582/5431/3125 4331/5432/2959 4347/5428/2959
f 4267/5072/2969 4266/5071/2969 4531/5366/3095 4580/5429/3095
f 4580/5429/3095 4531/5366/3095 4530/5365/3094 4581/5430/3094
f 4581/5430/3094 4530/5365/3094 4529/5364/3098 4582/5431/3096
f 4582/5431/3125 4529/5364/3097 4237/5363/2959 4331/5432/2959
f 4282/5087/2960 4513/5341/3088 4319/5124/2979 4275/5080/2960
